sale_date,product,category,region,quantity,amount,stock_quantity
2011-01-04,"Message Book, Wirebound, Four 5 1/2' X 4' Forms/Pg., 200 Dupl. Sets/Book",Office Supplies,Central,2,16.45,102
2011-01-05,Avery 508,Office Supplies,Central,3,11.78,179
2011-01-05,SAFCO Boltless Steel Shelving,Office Supplies,Central,3,272.74,92
2011-01-05,GBC Standard Plastic Binding Systems Combs,Office Supplies,Central,2,3.54,14
2011-01-06,"Avery Hi-Liter EverBold Pen Style Fluorescent Highlighters, 4/Pack",Office Supplies,East,3,19.54,106
2011-01-07,Rogers Handheld Barrel Pencil Sharpener,Office Supplies,South,2,5.48,71
2011-01-07,Global Deluxe High-Back Manager's Chair,Furniture,South,9,2573.82,188
2011-01-07,Ibico Hi-Tech Manual Binding System,Office Supplies,South,2,609.98,20
2011-01-07,"Dixon Prang Watercolor Pencils, 10-Color Set with Brush",Office Supplies,South,3,12.78,102
2011-01-07,GE 30524EE4,Technology,South,2,391.98,121
2011-01-07,Wireless Extenders zBoost YX545 SOHO Signal Booster,Technology,South,4,755.96,210
2011-01-07,"Alliance Super-Size Bands, Assorted Sizes",Office Supplies,South,4,31.12,214
2011-01-07,Southworth 25% Cotton Granite Paper & Envelopes,Office Supplies,South,1,6.54,74
2011-01-07,Xerox 225,Office Supplies,West,3,19.44,202
2011-01-08,Howard Miller 14-1/2' Diameter Chrome Round Wall Clock,Furniture,Central,3,76.73,87
2011-01-08,"Acco Four Pocket Poly Ring Binder with Label Holder, Smoke, 1'",Office Supplies,Central,7,10.43,116
2011-01-10,Newell 312,Office Supplies,Central,2,9.34,99
2011-01-10,Memorex Micro Travel Drive 8 GB,Technology,Central,3,31.2,103
2011-01-11,Howard Miller 11-1/2' Diameter Ridgewood Wall Clock,Furniture,South,1,51.94,151
2011-01-11,Avery 482,Office Supplies,South,1,2.89,130
2011-01-12,"DAX Value U-Channel Document Frames, Easel Back",Furniture,East,2,9.94,149
2011-01-14,Fellowes Stor/Drawer Steel Plus Storage Drawers,Office Supplies,South,6,572.58,52
2011-01-14,Staples,Office Supplies,South,3,5.64,1
2011-01-14,4009 Highlighters by Sanford,Office Supplies,West,5,19.9,87
2011-01-14,Avery Metallic Poly Binders,Office Supplies,East,2,3.44,235
2011-01-14,Tennsco 6- and 18-Compartment Lockers,Office Supplies,West,5,1325.85,157
2011-01-14,Xerox 1923,Office Supplies,East,7,37.41,37
2011-01-14,Staples,Office Supplies,South,2,11.36,129
2011-01-14,Global Highback Leather Tilter in Burgundy,Furniture,South,6,545.94,191
2011-01-14,"O'Sullivan Elevations Bookcase, Cherry Finish",Furniture,West,3,334.0,187
2011-01-14,Brown Kraft Recycled Envelopes,Office Supplies,South,3,50.94,20
2011-01-14,Plantronics S12 Corded Telephone Headset System,Technology,South,6,646.74,160
2011-01-15,Sauder Cornerstone Collection Library,Furniture,East,4,61.96,203
2011-01-16,Logitech 910-002974 M325 Wireless Mouse for Web Scrolling,Technology,South,5,149.95,57
2011-01-17,Round Specialty Laser Printer Labels,Office Supplies,East,3,30.07,21
2011-01-17,DAX Black Cherry Wood-Tone Poster Frame,Furniture,East,6,127.1,235
2011-01-17,AT&T 841000 Phone,Technology,East,3,124.2,88
2011-01-17,GBC Linen Binding Covers,Office Supplies,East,2,18.59,48
2011-01-19,Fellowes Mighty 8 Compact Surge Protector,Office Supplies,West,4,64.86,218
2011-01-20,"GBC Standard Recycled Report Covers, Clear Plastic Sheets",Office Supplies,West,10,32.34,58
2011-01-20,"TOPS Carbonless Receipt Book, Four 2-3/4 x 7-1/4 Money Receipts per Page",Office Supplies,West,4,56.06,169
2011-01-20,"Tyvek  Top-Opening Peel & Seel Envelopes, Plain White",Office Supplies,West,5,108.72,219
2011-01-20,O'Sullivan 4-Shelf Bookcase in Odessa Pine,Furniture,West,5,181.47,187
2011-01-21,Ultra Door Push Plate,Furniture,Central,3,14.73,207
2011-01-21,Storex Dura Pro Binders,Office Supplies,Central,5,29.7,14
2011-01-21,"Wirebound Service Call Books, 5 1/2' x 4'",Office Supplies,West,2,19.36,189
2011-01-21,GBC DocuBind TL200 Manual Binding Machine,Office Supplies,South,1,67.19,189
2011-01-21,Panasonic KP-4ABK Battery-Operated Pencil Sharpener,Office Supplies,Central,3,43.92,174
2011-01-21,"Eldon Expressions Desk Accessory, Wood Pencil Holder, Oak",Furniture,South,4,38.6,189
2011-01-21,Newell 327,Office Supplies,South,3,6.63,50
2011-01-21,Fellowes Bases and Tops For Staxonsteel/High-Stak Systems,Office Supplies,Central,2,66.58,107
2011-01-21,Hon 4700 Series Mobuis Mid-Back Task Chairs with Adjustable Arms,Furniture,South,3,1067.94,54
2011-01-21,"Acco Pressboard Covers with Storage Hooks, 9 1/2' x 11', Executive Red",Office Supplies,Central,5,19.05,243
2011-01-21,Eldon ClusterMat Chair Mat with Cordless Antistatic Protection,Furniture,Central,3,272.94,63
2011-01-21,Eldon Fold 'N Roll Cart System,Office Supplies,Central,1,13.98,248
2011-01-21,Staples,Office Supplies,South,3,23.34,130
2011-01-21,Newell 351,Office Supplies,South,7,22.96,228
2011-01-21,"Eldon Expressions Desk Accessory, Wood Pencil Holder, Oak",Furniture,West,2,19.3,50
2011-01-21,"Holmes Replacement Filter for HEPA Air Cleaner, Very Large Room, HEPA Filter",Office Supplies,Central,4,247.72,134
2011-01-21,Apple iPhone 5C,Technology,South,7,699.93,20
2011-01-22,Ultra Door Pull Handle,Furniture,South,3,25.25,72
2011-01-24,"Alliance Big Bands Rubber Bands, 12/Pack",Office Supplies,Central,3,5.94,166
2011-01-24,Xerox 195,Office Supplies,West,6,40.08,17
2011-01-27,"REDIFORM Incoming/Outgoing Call Register, 11' X 8 1/2', 100 Messages",Office Supplies,South,2,16.68,131
2011-01-27,"Safco Value Mate Series Steel Bookcases, Baked Enamel Finish on Steel, Gray",Furniture,Central,2,141.96,88
2011-01-27,Jabra SPEAK 410,Technology,South,2,187.98,59
2011-01-27,Eldon Image Series Black Desk Accessories,Furniture,South,3,12.42,13
2011-01-27,Macally Suction Cup Mount,Technology,South,13,155.35,241
2011-01-27,"Eureka Recycled Copy Paper 8 1/2' x 11', Ream",Office Supplies,South,3,19.44,249
2011-01-27,"SAFCO Commercial Wire Shelving, 72h",Office Supplies,South,8,489.92,8
2011-01-27,"GE General Use Halogen Bulbs, 100 Watts, 1 Bulb per Pack",Furniture,South,3,62.82,89
2011-01-27,Wilson Jones 14 Line Acrylic Coated Pressboard Data Binders,Office Supplies,Central,2,10.68,52
2011-01-28,Recycled Steel Personal File for Hanging File Folders,Office Supplies,West,1,57.23,129
2011-01-28,Dixon Ticonderoga Core-Lock Colored Pencils,Office Supplies,West,4,36.44,83
2011-01-28,Balt Split Level Computer Training Table,Furniture,West,3,333.0,91
2011-01-29,"Pressboard Covers with Storage Hooks, 9 1/2' x 11', Light Blue",Office Supplies,East,1,3.93,110
2011-01-31,Space Solutions HD Industrial Steel Shelving.,Office Supplies,Central,2,229.94,187
2011-01-31,Xerox 1972,Office Supplies,Central,2,10.56,198
2011-02-01,"Sauder Facets Collection Library, Sky Alder Finish",Furniture,West,2,290.67,171
2011-02-02,Enermax Aurora Lite Keyboard,Technology,Central,6,468.9,7
2011-02-03,Surelock Post Binders,Office Supplies,South,2,18.34,174
2011-02-03,AT&T 17929 Lendline Telephone,Technology,South,5,180.96,34
2011-02-03,Staples,Office Supplies,West,5,12.35,205
2011-02-04,Avery Durable Poly Binders,Office Supplies,West,3,13.27,80
2011-02-04,Ibico Laser Imprintable Binding System Covers,Office Supplies,West,2,83.84,163
2011-02-05,GBC Recycled Grain Textured Covers,Office Supplies,West,3,82.9,49
2011-02-05,"Message Book, Standard Line 'While You Were Out', 5 1/2' X 4', 200 Sets/Book",Office Supplies,West,4,34.24,103
2011-02-05,"GBC Standard Recycled Report Covers, Clear Plastic Sheets",Office Supplies,West,2,17.25,131
2011-02-07,AT&T CL82213,Technology,South,5,144.95,1
2011-02-07,Aastra 57i VoIP phone,Technology,South,1,161.61,133
2011-02-07,Avery 480,Office Supplies,South,4,15.0,53
2011-02-07,"Avery Flip-Chart Easel Binder, Black",Office Supplies,Central,2,8.95,105
2011-02-08,Maxell DVD-RAM Discs,Technology,East,7,115.36,3
2011-02-08,Acco Perma 4000 Stacking Storage Drawers,Office Supplies,East,4,64.96,53
2011-02-09,"Master Caster Door Stop, Large Brown",Furniture,West,2,14.56,220
2011-02-12,Fellowes Neat Ideas Storage Cubes,Office Supplies,Central,2,64.96,190
2011-02-12,"Global Value Mid-Back Manager's Chair, Gray",Furniture,Central,1,60.89,145
2011-02-12,Avery 483,Office Supplies,Central,3,14.94,217
2011-02-12,Wilson Jones Turn Tabs Binder Tool for Ring Binders,Office Supplies,Central,2,9.64,43
2011-02-12,"Rubbermaid ClusterMat Chairmats, Mat Size- 66' x 60', Lip 20' x 11' -90 Degree Angle",Furniture,Central,3,332.94,161
2011-02-12,Wilson Jones Leather-Like Binders with DublLock Round Rings,Office Supplies,South,2,17.46,201
2011-02-12,VariCap6 Expandable Binder,Office Supplies,Central,3,51.9,189
2011-02-12,Hon 2111 Invitation Series Corner Table,Furniture,South,6,1256.22,227
2011-02-12,Enermax Aurora Lite Keyboard,Technology,South,3,234.45,13
2011-02-13,"Global Geo Office Task Chair, Gray",Furniture,West,2,129.57,94
2011-02-15,Compact Automatic Electric Letter Opener,Office Supplies,West,2,238.62,47
2011-02-15,Belkin 8 Outlet Surge Protector,Office Supplies,West,2,81.96,14
2011-02-15,Logitech G600 MMO Gaming Mouse,Technology,West,3,239.97,199
2011-02-15,"Memo Book, 100 Message Capacity, 5 3/8 x 11",Office Supplies,Central,3,16.18,205
2011-02-16,Pressboard Data Binders by Wilson Jones,Office Supplies,West,5,21.36,214
2011-02-17,Wilson Jones Easy Flow II Sheet Lifters,Office Supplies,Central,3,1.08,248
2011-02-17,"Holmes Cool Mist Humidifier for the Whole House with 8-Gallon Output per Day, Extended Life Filter",Office Supplies,Central,2,7.96,189
2011-02-18,Staples,Office Supplies,Central,14,54.21,39
2011-02-19,Akro Stacking Bins,Office Supplies,Central,2,12.62,212
2011-02-19,"DAX Copper Panel Document Frame, 5 x 7 Size",Furniture,Central,5,25.16,207
2011-02-21,Enermax Briskie RF Wireless Keyboard and Mouse Combo,Technology,Central,3,62.31,236
2011-02-21,"Master Caster Door Stop, Brown",Furniture,Central,4,20.32,81
2011-02-21,Xerox 204,Office Supplies,West,2,12.96,110
2011-02-22,GBC Standard Plastic Binding Systems Combs,Office Supplies,Central,5,8.85,52
2011-02-23,Xerox 220,Office Supplies,West,3,19.44,23
2011-02-24,Staples,Office Supplies,Central,3,6.94,153
2011-02-24,GBC Plastic Binding Combs,Office Supplies,Central,3,4.43,216
2011-02-25,"Message Book, Wirebound, Four 5 1/2' X 4' Forms/Pg., 200 Dupl. Sets/Book",Office Supplies,West,4,32.9,187
2011-02-25,"TOPS 4 x 6 Fluorescent Color Memo Sheets, 500 Sheets per Pack",Office Supplies,West,3,22.78,123
2011-02-28,Zebra Zazzle Fluorescent Highlighters,Office Supplies,East,4,19.46,236
2011-03-01,Novimex Swivel Fabric Task Chair,Furniture,Central,6,634.12,40
2011-03-01,Global Deluxe High-Back Manager's Chair,Furniture,West,2,457.57,156
2011-03-01,Harbour Creations Steel Folding Chair,Furniture,Central,6,362.25,14
2011-03-01,Plymouth Boxed Rubber Bands by Plymouth,Office Supplies,Central,5,18.84,44
2011-03-01,Sannysis Cute Owl Design Soft Skin Case Cover for Samsung Galaxy S4,Technology,East,3,5.94,64
2011-03-01,Bevis Round Conference Room Tables and Bases,Furniture,Central,3,376.51,88
2011-03-01,Recycled Steel Personal File for Hanging File Folders,Office Supplies,Central,3,137.35,70
2011-03-01,Fellowes Bankers Box Recycled Super Stor/Drawer,Office Supplies,Central,3,129.55,8
2011-03-01,Black Print Carbonless 8 1/2' x 8 1/4' Rapid Memo Book,Office Supplies,Central,3,17.47,87
2011-03-01,DAX Black Cherry Wood-Tone Poster Frame,Furniture,Central,6,63.55,128
2011-03-02,"Array Parchment Paper, Assorted Colors",Office Supplies,East,5,36.4,235
2011-03-02,Staples,Office Supplies,East,2,11.36,135
2011-03-02,Hypercom P1300 Pinpad,Technology,East,3,151.2,215
2011-03-02,Xerox 1971,Office Supplies,East,1,3.42,62
2011-03-03,Zebra Zazzle Fluorescent Highlighters,Office Supplies,South,4,19.46,138
2011-03-03,O'Sullivan 4-Shelf Bookcase in Odessa Pine,Furniture,East,5,302.45,242
2011-03-03,3.6 Cubic Foot Counter Height Office Refrigerator,Office Supplies,Central,3,176.77,80
2011-03-03,"Bevis Oval Conference Table, Walnut",Furniture,West,3,626.35,135
2011-03-03,PowerGen Dual USB Car Charger,Technology,East,1,9.99,162
2011-03-03,Ibico Laser Imprintable Binding System Covers,Office Supplies,East,3,125.76,162
2011-03-03,Avery 495,Office Supplies,East,3,15.12,32
2011-03-03,Eldon Shelf Savers Cubes and Bins,Office Supplies,East,8,44.67,122
2011-03-03,"Cardinal HOLDit! Binder Insert Strips,Extra Strips",Office Supplies,East,5,25.32,4
2011-03-04,"BIC Brite Liner Highlighters, Chisel Tip",Office Supplies,South,3,15.55,233
2011-03-04,Sensible Storage WireTech Storage Systems,Office Supplies,South,5,354.9,230
2011-03-05,Xerox 1891,Office Supplies,East,2,97.82,249
2011-03-05,Newell 345,Office Supplies,East,3,59.52,40
2011-03-05,Logitech Wireless Gaming Headset G930,Technology,East,3,479.97,27
2011-03-05,Acme Forged Steel Scissors with Black Enamel Handles,Office Supplies,East,2,18.62,134
2011-03-05,GBC Wire Binding Combs,Office Supplies,East,6,49.63,200
2011-03-07,"Global Leather and Oak Executive Chair, Black",Furniture,West,2,481.57,71
2011-03-07,Office Star - Task Chair with Contemporary Loop Arms,Furniture,West,6,436.7,11
2011-03-07,Contico 72'H Heavy-Duty Storage System,Office Supplies,West,5,204.9,161
2011-03-07,Newell Chalk Holder,Office Supplies,West,5,20.65,32
2011-03-07,"Global Push Button Manager's Chair, Indigo",Furniture,West,1,48.71,47
2011-03-07,Catalog Binders with Expanding Posts,Office Supplies,West,2,107.65,246
2011-03-07,Newell 330,Office Supplies,West,3,17.94,150
2011-03-07,Carina 42'Hx23 3/4'W Media Storage Unit,Office Supplies,West,3,242.94,61
2011-03-10,"BOSTON Ranger #55 Pencil Sharpener, Black",Office Supplies,West,4,83.17,215
2011-03-10,Tennsco 6- and 18-Compartment Lockers,Office Supplies,West,3,636.41,36
2011-03-10,"Geographics Note Cards, Blank, White, 8 1/2' x 11'",Office Supplies,Central,2,22.38,98
2011-03-11,Economy #2 Pencils,Office Supplies,West,3,7.98,171
2011-03-11,"Fellowes Premier Superior Surge Suppressor, 10-Outlet, With Phone and Remote",Office Supplies,South,3,146.76,103
2011-03-11,Eldon Wave Desk Accessories,Furniture,East,5,8.32,213
2011-03-11,Stockwell Push Pins,Office Supplies,East,6,10.46,218
2011-03-11,Maxell DVD-RAM Discs,Technology,South,2,32.96,34
2011-03-11,Xerox 198,Office Supplies,South,3,14.94,192
2011-03-11,"Southworth 100% Résumé Paper, 24lb.",Office Supplies,East,14,108.92,226
2011-03-11,Panasonic KX-TG9471B,Technology,South,3,587.97,100
2011-03-14,Global Commerce Series High-Back Swivel/Tilt Chairs,Furniture,South,4,1139.92,174
2011-03-14,Xerox 1972,Office Supplies,West,2,10.56,205
2011-03-14,Xerox 1887,Office Supplies,South,6,91.06,130
2011-03-14,GBC Wire Binding Combs,Office Supplies,West,4,33.09,0
2011-03-14,Carina Double Wide Media Storage Towers in Natural & Black,Office Supplies,West,1,80.98,4
2011-03-14,Imation 30456 USB Flash Drive 8GB,Technology,West,12,82.8,217
2011-03-14,Staples,Office Supplies,West,2,21.36,246
2011-03-14,"Premium Transparent Presentation Covers, No Pattern/Clear, 8 1/2' x 11'",Office Supplies,West,2,62.05,141
2011-03-14,Avery Hi-Liter Fluorescent Desk Style Markers,Office Supplies,West,1,3.38,102
2011-03-14,Hewlett-Packard Deskjet 6540 Color Inkjet Printer,Technology,Central,2,574.91,26
2011-03-14,Xerox 1963,Office Supplies,Central,2,8.45,136
2011-03-15,GBC VeloBinder Manual Binding System,Office Supplies,South,4,43.19,206
2011-03-15,"Hot File 7-Pocket, Floor Stand",Office Supplies,South,1,142.78,14
2011-03-15,"Eldon Expressions Desk Accessory, Wood Photo Frame, Mahogany",Furniture,South,3,45.7,89
2011-03-15,Insertable Tab Post Binder Dividers,Office Supplies,South,3,7.22,41
2011-03-15,Xerox 1889,Office Supplies,South,3,131.9,123
2011-03-16,Polycom VoiceStation 500 Conference phone,Technology,South,2,471.92,204
2011-03-17,"Acco Pressboard Covers with Storage Hooks, 9 1/2' x 11', Executive Red",Office Supplies,South,3,11.43,178
2011-03-17,"GBC Twin Loop Wire Binding Elements, 9/16' Spine, Black",Office Supplies,South,2,30.44,62
2011-03-17,Xerox 1957,Office Supplies,South,2,12.96,95
2011-03-17,Xerox 1909,Office Supplies,East,6,126.62,230
2011-03-17,Hon 30' x 60' Table with Locking Drawer,Furniture,East,3,613.91,240
2011-03-17,Xerox 1926,Office Supplies,East,7,34.86,51
2011-03-17,Avery Non-Stick Heavy Duty View Round Locking Ring Binders,Office Supplies,Central,6,35.88,95
2011-03-17,Wilson Jones 14 Line Acrylic Coated Pressboard Data Binders,Office Supplies,Central,10,53.4,131
2011-03-17,Newell 35,Office Supplies,Central,6,19.68,221
2011-03-17,Xerox 1918,Office Supplies,East,4,155.04,228
2011-03-17,Newell 333,Office Supplies,Central,2,4.45,150
2011-03-17,Balt Solid Wood Round Tables,Furniture,East,4,1071.58,230
2011-03-17,Xerox 1967,Office Supplies,Central,3,15.55,236
2011-03-17,"Memo Book, 100 Message Capacity, 5 3/8 x 11",Office Supplies,Central,7,47.18,142
2011-03-17,Bretford Rectangular Conference Table Tops,Furniture,East,7,1579.75,170
2011-03-17,EcoTones Memo Sheets,Office Supplies,South,4,16.0,28
2011-03-17,Belkin 6 Outlet Metallic Surge Strip,Office Supplies,South,3,32.67,35
2011-03-17,Xerox 1966,Office Supplies,Central,1,5.18,12
2011-03-17,Bionaire Personal Warm Mist Humidifier/Vaporizer,Office Supplies,Central,2,93.78,159
2011-03-18,Hewlett-Packard Deskjet 6540 Color Inkjet Printer,Technology,South,4,821.3,70
2011-03-18,"Dana Fluorescent Magnifying Lamp, White, 36'",Furniture,South,3,122.35,186
2011-03-18,Cisco TelePresence System EX90 Videoconferencing Unit,Technology,South,6,22638.48,242
2011-03-18,Tennsco 6- and 18-Compartment Lockers,Office Supplies,West,7,1856.19,85
2011-03-18,Xerox 195,Office Supplies,South,4,21.38,27
2011-03-18,Staples,Office Supplies,South,3,18.94,65
2011-03-18,Executive Impressions 13' Clairmont Wall Clock,Furniture,South,2,30.77,169
2011-03-18,Eldon Cleatmat Chair Mats for Medium Pile Carpets,Furniture,West,2,111.0,44
2011-03-18,Avery Fluorescent Highlighter Four-Color Set,Office Supplies,South,3,8.02,61
2011-03-18,"Bush Heritage Pine Collection 5-Shelf Bookcase, Albany Pine Finish, *Special Order",Furniture,West,10,1198.33,184
2011-03-18,Swingline SM12-08 MicroCut Jam Free Shredder,Technology,West,4,1279.97,244
2011-03-19,"Logitech Wireless Boombox Speaker - portable - wireless, wired",Technology,South,2,170.24,133
2011-03-19,Cisco 8x8 Inc. 6753i IP Business Phone System,Technology,South,3,323.98,27
2011-03-19,Document Clip Frames,Furniture,South,3,20.02,27
2011-03-19,Avery 501,Office Supplies,South,4,11.81,107
2011-03-19,Crate-A-Files,Office Supplies,South,3,26.16,43
2011-03-19,"Avery Flip-Chart Easel Binder, Black",Office Supplies,South,5,33.57,83
2011-03-19,Eldon Wave Desk Accessories,Furniture,South,3,4.99,29
2011-03-21,"Wilson Jones Ledger-Size, Piano-Hinge Binder, 2', Blue",Office Supplies,South,3,122.94,189
2011-03-21,Global Highback Leather Tilter in Burgundy,Furniture,South,3,218.38,74
2011-03-21,Xerox 1919,Office Supplies,South,3,122.97,127
2011-03-21,American Pencil,Office Supplies,South,4,9.32,249
2011-03-21,DAX Wood Document Frame,Furniture,South,3,32.95,246
2011-03-21,Avery 505,Office Supplies,South,5,59.2,91
2011-03-21,Samsung Galaxy S4 Active,Technology,South,7,3499.93,216
2011-03-21,"Binney & Smith inkTank Erasable Desk Highlighter, Chisel Tip, Yellow, 12/Box",Office Supplies,East,3,6.05,230
2011-03-21,"Binney & Smith Crayola Metallic Colored Pencils, 8-Color Set",Office Supplies,East,2,7.41,189
2011-03-21,Tennsco Commercial Shelving,Office Supplies,South,1,16.27,224
2011-03-21,Avery 492,Office Supplies,South,5,14.4,128
2011-03-22,Office Star - Mesh Screen back chair with Vinyl seat,Furniture,West,3,314.35,120
2011-03-22,GBC Prestige Therm-A-Bind Covers,Office Supplies,South,5,51.46,26
2011-03-22,Xerox 1951,Office Supplies,West,3,74.35,189
2011-03-22,"C-Line Peel & Stick Add-On Filing Pockets, 8-3/4 x 5-1/8, 10/Pack",Office Supplies,South,4,7.64,120
2011-03-22,"Avery Hi-Liter EverBold Pen Style Fluorescent Highlighters, 4/Pack",Office Supplies,Central,2,16.28,115
2011-03-23,Avery 476,Office Supplies,South,3,9.91,204
2011-03-23,Ooma Telo VoIP Home Phone System,Technology,West,6,604.75,232
2011-03-23,Economy Rollaway Files,Office Supplies,West,2,330.4,2
2011-03-24,"DAX Contemporary Wood Frame with Silver Metal Mat, Desktop, 11 x 14 Size",Furniture,West,2,40.48,102
2011-03-24,Xerox 190,Office Supplies,East,5,24.9,197
2011-03-25,"Iceberg Nesting Folding Chair, 19w x 6d x 43h",Furniture,East,7,366.79,199
2011-03-25,Newell 35,Office Supplies,West,2,6.56,154
2011-03-25,Eberhard Faber 3 1/2' Golf Pencils,Office Supplies,West,2,14.88,136
2011-03-25,Imation Swivel Flash Drive USB flash drive - 8 GB,Technology,West,4,45.48,61
2011-03-25,"BIC Brite Liner Grip Highlighters, Assorted, 5/Pack",Office Supplies,West,6,25.44,164
2011-03-26,Smead Alpha-Z Color-Coded Name Labels First Letter Starter Set,Office Supplies,West,5,18.75,224
2011-03-26,SanDisk Ultra 32 GB MicroSDHC Class 10 Memory Card,Technology,West,3,66.3,50
2011-03-26,Newell 308,Office Supplies,West,2,3.36,233
2011-03-26,Wilson Jones Leather-Like Binders with DublLock Round Rings,Office Supplies,West,4,27.94,171
2011-03-26,Griffin GC17055 Auxiliary Audio Cable,Technology,West,2,28.78,151
2011-03-28,Hon 94000 Series Round Tables,Furniture,Central,4,1184.72,206
2011-03-28,AT&T TR1909W,Technology,West,3,302.38,58
2011-03-28,Chromcraft Bull-Nose Wood Oval Conference Tables & Bases,Furniture,East,1,330.59,117
2011-03-28,Poly String Tie Envelopes,Office Supplies,Central,3,6.12,159
2011-03-29,Bush Advantage Collection Racetrack Conference Table,Furniture,Central,3,890.84,95
2011-03-30,Innergie mMini Combo Duo USB Travel Charging Kit,Technology,Central,7,251.94,215
2011-03-30,Space Solutions Commercial Steel Shelving,Office Supplies,Central,2,129.3,232
2011-03-30,"Global Stack Chair without Arms, Black",Furniture,Central,7,127.3,179
2011-03-30,Sterilite Show Offs Storage Containers,Office Supplies,West,3,15.84,112
2011-03-30,Avery 490,Office Supplies,West,3,44.4,61
2011-03-30,"Sanford EarthWrite Recycled Pencils, Medium Soft, #2",Office Supplies,East,5,10.5,240
2011-03-30,Airmail Envelopes,Office Supplies,Central,5,335.72,185
2011-03-30,Peel-Off China Markers,Office Supplies,East,5,49.65,51
2011-03-30,O'Sullivan Living Dimensions 2-Shelf Bookcases,Furniture,West,2,205.67,11
2011-03-31,Ibico Plastic and Wire Spiral Binding Combs,Office Supplies,South,5,12.64,38
2011-03-31,"Binney & Smith inkTank Erasable Desk Highlighter, Chisel Tip, Yellow, 12/Box",Office Supplies,South,2,4.03,129
2011-03-31,"Global Leather Highback Executive Chair with Pneumatic Height Adjustment, Black",Furniture,South,7,1125.49,130
2011-03-31,Avery Hole Reinforcements,Office Supplies,South,1,1.87,112
2011-03-31,Kensington SlimBlade Notebook Wireless Mouse with Nano Receiver ,Technology,Central,2,79.98,100
2011-03-31,Avery Round Ring Poly Binders,Office Supplies,East,1,0.85,112
2011-03-31,Fellowes Advanced Computer Series Surge Protectors,Office Supplies,West,2,52.98,183
2011-03-31,Fellowes Black Plastic Comb Bindings,Office Supplies,Central,7,8.13,80
2011-03-31,GBC DocuBind 200 Manual Binding Machine,Office Supplies,West,2,673.57,186
2011-04-01,"Pressboard Data Binder, Crimson, 12' X 8 1/2'",Office Supplies,West,4,17.09,112
2011-04-01,Avery 490,Office Supplies,West,2,29.6,1
2011-04-01,Zipper Ring Binder Pockets,Office Supplies,East,2,6.24,129
2011-04-01,Rogers Profile Extra Capacity Storage Tub,Office Supplies,East,4,66.96,219
2011-04-02,Luxo Adjustable Task Clamp Lamp,Furniture,South,2,177.68,53
2011-04-02,Xerox 1990,Office Supplies,South,3,15.84,86
2011-04-02,Xerox 1898,Office Supplies,Central,5,26.72,228
2011-04-02,Motorola Droid Maxx,Technology,South,7,1049.93,223
2011-04-02,Euro-Pro Shark Turbo Vacuum,Office Supplies,South,5,154.9,224
2011-04-02,Xerox 1947,Office Supplies,Central,7,33.49,128
2011-04-03,Staples,Office Supplies,West,2,11.16,146
2011-04-03,Logitech G600 MMO Gaming Mouse,Technology,West,2,159.98,125
2011-04-03,Enermax Briskie RF Wireless Keyboard and Mouse Combo,Technology,West,3,62.31,129
2011-04-04,Xerox 209,Office Supplies,South,3,19.44,52
2011-04-04,Newell 319,Office Supplies,Central,4,79.36,171
2011-04-04,Advantus Panel Wall Acrylic Frame,Furniture,Central,1,5.47,217
2011-04-04,Xerox 1966,Office Supplies,South,2,12.96,159
2011-04-04,Avery Non-Stick Binders,Office Supplies,West,2,7.18,197
2011-04-04,Avery 518,Office Supplies,West,6,18.9,159
2011-04-04,Safco Commercial Shelving,Office Supplies,South,5,232.55,246
2011-04-04,Logitech Wireless Marathon Mouse M705,Technology,South,2,99.98,67
2011-04-05,Adjustable Personal File Tote,Office Supplies,Central,4,52.1,182
2011-04-05,Ibico Standard Transparent Covers,Office Supplies,South,7,115.36,202
2011-04-05,Crayola Colored Pencils,Office Supplies,South,7,22.96,183
2011-04-05,Stanley Contemporary Battery Pencil Sharpeners,Office Supplies,Central,2,26.7,122
2011-04-05,"Fellowes Twister Kit, Gray/Clear, 3/pkg",Office Supplies,Central,5,40.2,144
2011-04-05,AT&T CL82213,Technology,South,1,28.99,37
2011-04-05,"Eaton Premium Continuous-Feed Paper, 25% Cotton, Letter Size, White, 1000 Shts/Box",Office Supplies,East,1,55.48,23
2011-04-05,"Binney & Smith Crayola Metallic Colored Pencils, 8-Color Set",Office Supplies,Central,3,13.89,68
2011-04-05,Space Solutions HD Industrial Steel Shelving.,Office Supplies,Central,6,689.82,115
2011-04-05,Martin Yale Chadless Opener Electric Letter Opener,Office Supplies,South,5,4164.05,97
2011-04-05,Xerox 1957,Office Supplies,South,2,12.96,197
2011-04-05,Newell 321,Office Supplies,South,7,22.96,213
2011-04-05,"Tenex File Box, Personal Filing Tote with Lid, Black",Office Supplies,Central,4,49.63,138
2011-04-06,"Avery Trapezoid Ring Binder, 3' Capacity, Black, 1040 sheets",Office Supplies,West,2,65.57,239
2011-04-06,Kingston Digital DataTraveler 32GB USB 2.0,Technology,West,2,33.9,143
2011-04-06,Boston Home & Office Model 2000 Electric Pencil Sharpeners,Office Supplies,West,3,70.95,96
2011-04-06,Razer Kraken 7.1 Surround Sound Over Ear USB Gaming Headset,Technology,West,3,299.97,200
2011-04-06,"Chromcraft Bull-Nose Wood Round Conference Table Top, Wood Base",Furniture,West,3,653.55,123
2011-04-06,KI Adjustable-Height Table,Furniture,East,3,154.76,186
2011-04-06,Large Capacity Hanging Post Binders,Office Supplies,East,6,44.91,69
2011-04-06,Imation Secure+ Hardware Encrypted USB 2.0 Flash Drive; 16GB,Technology,East,2,116.78,207
2011-04-06,Tenex B1-RE Series Chair Mats for Low Pile Carpets,Furniture,West,2,91.96,92
2011-04-06,Martin-Yale Premier Letter Opener,Office Supplies,East,1,10.3,2
2011-04-06,Xerox 211,Office Supplies,West,3,19.44,147
2011-04-06,Xerox 194,Office Supplies,West,1,55.48,186
2011-04-06,C-Line Cubicle Keepers Polyproplyene Holder With Velcro Backings,Furniture,West,7,33.11,163
2011-04-07,"Stacking Tray, Side-Loading, Legal, Smoke",Furniture,South,2,8.96,146
2011-04-07,RCA Visys Integrated PBX 8-Line Router,Technology,South,3,200.97,89
2011-04-07,Xerox 226,Office Supplies,South,9,58.32,194
2011-04-07,AT&T TR1909W,Technology,South,5,629.95,146
2011-04-07,Xerox 1945,Office Supplies,South,3,122.97,147
2011-04-08,Binder Clips by OIC,Office Supplies,West,2,2.37,95
2011-04-08,Riverside Furniture Stanwyck Manor Table Series,Furniture,East,1,172.11,198
2011-04-08,"Alliance Super-Size Bands, Assorted Sizes",Office Supplies,West,8,49.79,51
2011-04-08,Things To Do Today Spiral Book,Office Supplies,West,3,19.01,232
2011-04-08,Logitech Wireless Headset h800,Technology,West,4,399.96,160
2011-04-08,Bevis 36 x 72 Conference Tables,Furniture,West,1,99.59,167
2011-04-08,"SAFCO PlanMaster Boards, 60w x 37-1/2d, White Melamine",Furniture,South,8,1215.92,127
2011-04-11,Xerox 224,Office Supplies,South,2,10.37,38
2011-04-11,Eldon Simplefile Box Office,Office Supplies,West,7,87.08,81
2011-04-11,AT&T SB67148 SynJ,Technology,West,2,105.58,103
2011-04-11,Memorex Mini Travel Drive 64 GB USB 2.0 Flash Drive,Technology,West,6,217.44,128
2011-04-11,Jawbone JAMBOX Wireless Bluetooth Speaker,Technology,Central,6,758.35,10
2011-04-11,Logitech Wireless Anywhere Mouse MX for PC and Mac,Technology,South,7,335.94,219
2011-04-11,Logitech Wireless Gaming Headset G930,Technology,South,3,383.98,184
2011-04-11,"Acco Banker's Clasps, 5 3/4'-Long",Office Supplies,South,3,6.91,216
2011-04-11,GBC Personal VeloBind Strips,Office Supplies,West,1,9.58,177
2011-04-12,AT&T 1080 Corded phone,Technology,West,4,438.37,150
2011-04-12,Recycled Pressboard Report Cover with Reinforced Top Hinge,Office Supplies,West,7,18.09,158
2011-04-12,Prismacolor Color Pencil Set,Office Supplies,West,2,39.68,221
2011-04-12,O'Sullivan Living Dimensions 2-Shelf Bookcases,Furniture,West,3,308.5,41
2011-04-12,Xerox 213,Office Supplies,Central,5,32.4,98
2011-04-12,Pyle PMP37LED,Technology,West,14,1075.09,6
2011-04-13,Avery 479,Office Supplies,East,3,7.83,143
2011-04-13,Newell 314,Office Supplies,East,4,17.86,89
2011-04-13,"Square Credit Card Reader, 4 1/2' x 4 1/2' x 1', White",Technology,East,12,71.93,111
2011-04-13,Fellowes PB200 Plastic Comb Binding Machine,Office Supplies,East,10,509.97,248
2011-04-13,Staples,Office Supplies,East,13,30.99,243
2011-04-15,Belkin F9G930V10-GRY 9 Outlet Surge,Office Supplies,West,2,106.96,59
2011-04-15,Howard Miller 13' Diameter Goldtone Round Wall Clock,Furniture,West,4,187.76,112
2011-04-16,"Avery Hi-Liter EverBold Pen Style Fluorescent Highlighters, 4/Pack",Office Supplies,South,6,39.07,1
2011-04-18,Prang Dustless Chalk Sticks,Office Supplies,Central,2,2.69,128
2011-04-18,DMI Arturo Collection Mission-style Design Wood Chair,Furniture,Central,3,317.06,47
2011-04-18,Cameo Buff Policy Envelopes,Office Supplies,Central,3,149.35,139
2011-04-18,Kensington Expert Mouse Optical USB Trackball for PC or Mac,Technology,Central,3,227.98,196
2011-04-18,Ativa MDM8000 8-Sheet Micro-Cut Shredder,Technology,West,4,287.97,36
2011-04-18,Newell 351,Office Supplies,West,4,13.12,159
2011-04-18,"Binney & Smith inkTank Desk Highlighter, Chisel Tip, Yellow, 12/Box",Office Supplies,West,5,10.75,246
2011-04-18,"Advantus Push Pins, Aluminum Head",Office Supplies,West,2,11.62,8
2011-04-19,Executive Impressions 13' Chairman Wall Clock,Furniture,West,3,76.14,232
2011-04-19,GBC Durable Plastic Covers,Office Supplies,South,3,58.05,98
2011-04-19,Xerox 232,Office Supplies,South,11,71.28,146
2011-04-20,"Personal Folder Holder, Ebony",Office Supplies,Central,5,44.84,47
2011-04-20,Riverside Furniture Stanwyck Manor Table Series,Furniture,Central,2,401.59,207
2011-04-20,"GE 4 Foot Flourescent Tube, 40 Watt",Furniture,West,4,59.92,130
2011-04-20,Bush Advantage Collection Round Conference Table,Furniture,Central,5,744.1,147
2011-04-21,"SAFCO Commercial Wire Shelving, Black",Office Supplies,South,6,828.84,151
2011-04-21,ACCOHIDE Binder by Acco,Office Supplies,West,5,16.52,53
2011-04-22,Staples,Office Supplies,East,8,247.84,119
2011-04-22,"ACCOHIDE 3-Ring Binder, Blue, 1'",Office Supplies,East,3,9.91,160
2011-04-23,Xerox 1891,Office Supplies,West,1,48.91,151
2011-04-23,Wilson Jones Suede Grain Vinyl Binders,Office Supplies,East,3,2.5,115
2011-04-23,"Global Leather Highback Executive Chair with Pneumatic Height Adjustment, Black",Furniture,East,2,281.37,74
2011-04-23,"Global Leather Highback Executive Chair with Pneumatic Height Adjustment, Black",Furniture,East,2,281.37,112
2011-04-23,Zipper Ring Binder Pockets,Office Supplies,East,8,7.49,199
2011-04-23,G.E. Halogen Desk Lamp Bulbs,Furniture,East,4,22.34,163
2011-04-25,Xerox 1985,Office Supplies,Central,2,10.37,165
2011-04-25,12 Colored Short Pencils,Office Supplies,Central,3,6.24,103
2011-04-25,"Tenex Traditional Chairmats for Medium Pile Carpet, Standard Lip, 36' x 48'",Furniture,West,5,303.25,83
2011-04-25,AT&T CL2909,Technology,South,3,302.38,226
2011-04-25,Kensington 6 Outlet MasterPiece HOMEOFFICE Power Control Center,Office Supplies,West,3,270.72,111
2011-04-25,GuestStacker Chair with Chrome Finish Legs,Furniture,West,5,1487.04,216
2011-04-26,Newell 347,Office Supplies,West,5,21.4,98
2011-04-26,"Acco Pressboard Covers with Storage Hooks, 14 7/8' x 11', Executive Red",Office Supplies,West,6,18.29,152
2011-04-26,Avery 495,Office Supplies,West,2,12.6,92
2011-04-26,Bevis Steel Folding Chairs,Furniture,West,3,230.28,145
2011-04-28,X-Rack File for Hanging Folders,Office Supplies,East,3,27.1,127
2011-04-28,Logitech G600 MMO Gaming Mouse,Technology,East,2,159.98,109
2011-04-28,"Carina Mini System Audio Rack, Model AR050B",Office Supplies,East,2,177.57,81
2011-04-28,"Acco Data Flex Cable Posts For Top & Bottom Load Binders, 6' Capacity",Office Supplies,East,2,20.86,193
2011-04-28,Samsung Galaxy Mega 6.3,Technology,West,5,1679.96,53
2011-04-28,Recycled Steel Personal File for Standard File Folders,Office Supplies,East,9,497.61,162
2011-04-28,Blackstonian Pencils,Office Supplies,East,2,5.34,207
2011-04-28,Avery 488,Office Supplies,East,1,3.15,188
2011-04-28,Avery File Folder Labels,Office Supplies,East,3,6.91,168
2011-04-29,2300 Heavy-Duty Transfer File Systems by Perma,Office Supplies,South,5,99.92,227
2011-04-29,Square Credit Card Reader,Technology,East,2,19.98,160
2011-04-29,Dax Clear Box Frame,Furniture,East,2,17.46,67
2011-04-29,Avery Non-Stick Heavy Duty View Round Locking Ring Binders,Office Supplies,South,3,17.94,32
2011-04-29,Global Leather Executive Chair,Furniture,South,2,561.58,141
2011-04-29,"Global Stack Chair without Arms, Black",Furniture,South,2,51.96,20
2011-04-30,Maxell 4.7GB DVD-RW 3/Pack,Technology,South,3,47.79,47
2011-04-30,Hunt Boston Vacuum Mount KS Pencil Sharpener,Office Supplies,South,5,174.95,147
2011-04-30,Economy Rollaway Files,Office Supplies,South,5,826.0,247
2011-05-02,Belkin 6 Outlet Metallic Surge Strip,Office Supplies,East,3,26.14,127
2011-05-02,Brother DCP1000 Digital 3 in 1 Multifunction Machine,Technology,South,2,479.98,135
2011-05-03,Avery 481,Office Supplies,Central,7,21.56,134
2011-05-03,Avery Durable Plastic 1' Binders,Office Supplies,East,3,10.9,194
2011-05-03,GBC Poly Designer Binding Covers,Office Supplies,East,3,40.18,144
2011-05-04,DAX Wood Document Frame,Furniture,East,2,27.46,127
2011-05-04,Boston Home & Office Model 2000 Electric Pencil Sharpeners,Office Supplies,Central,2,37.84,32
2011-05-04,OIC Thumb-Tacks,Office Supplies,Central,6,5.47,175
2011-05-04,Holmes Odor Grabber,Office Supplies,West,4,57.68,203
2011-05-04,"Eldon Regeneration Recycled Desk Accessories, Smoke",Furniture,West,7,12.18,186
2011-05-04,Fellowes Binding Cases,Office Supplies,Central,4,46.8,114
2011-05-05,Storex Dura Pro Binders,Office Supplies,South,2,11.88,213
2011-05-05,Staples,Office Supplies,South,1,35.44,118
2011-05-05,Eldon Portable Mobile Manager,Office Supplies,Central,2,45.25,21
2011-05-05,"Global Value Mid-Back Manager's Chair, Gray",Furniture,Central,3,127.87,237
2011-05-05,Xerox 1933,Office Supplies,South,2,24.56,157
2011-05-05,Newell 350,Office Supplies,South,2,6.56,37
2011-05-05,Adams 'While You Were Out' Message Pads,Office Supplies,South,3,9.42,229
2011-05-06,Staples,Office Supplies,West,2,5.78,108
2011-05-06,Wilson Jones Legal Size Ring Binders,Office Supplies,West,8,140.74,50
2011-05-06,Model L Table or Wall-Mount Pencil Sharpener,Office Supplies,West,6,107.94,181
2011-05-07,Balt Split Level Computer Training Table,Furniture,East,2,194.25,7
2011-05-07,Newell 335,Office Supplies,East,3,8.64,26
2011-05-07,"Acco PRESSTEX Data Binder with Storage Hooks, Dark Blue, 14 7/8' X 11'",Office Supplies,East,3,16.14,26
2011-05-07,"Lifetime Advantage Folding Chairs, 4/Carton",Furniture,East,4,872.32,225
2011-05-08,Hewlett Packard LaserJet 3310 Copier,Technology,East,5,1799.97,20
2011-05-09,Fellowes Super Stor/Drawer,Office Supplies,South,3,83.25,29
2011-05-09,Avery 506,Office Supplies,South,5,20.65,96
2011-05-09,Avery 518,Office Supplies,South,3,9.45,27
2011-05-09,Kingston Digital DataTraveler 32GB USB 2.0,Technology,West,4,67.8,110
2011-05-09,Weyerhaeuser First Choice Laser/Copy Paper (20Lb. and 88 Bright),Office Supplies,South,7,45.36,191
2011-05-09,Sony Micro Vault Click 16 GB USB 2.0 Flash Drive,Technology,West,3,167.97,224
2011-05-10,"LF Elite 3D Dazzle Designer Hard Case Cover, Lf Stylus Pen and Wiper For Apple Iphone 5c Mini Lite",Technology,West,5,43.6,196
2011-05-10,"Strathmore #10 Envelopes, Ultimate White",Office Supplies,West,3,158.13,60
2011-05-10,Acme Design Stainless Steel Bent Scissors,Office Supplies,West,6,41.04,47
2011-05-10,DIXON Ticonderoga Erasable Checking Pencils,Office Supplies,East,5,22.32,146
2011-05-10,Hon Pagoda Stacking Chairs,Furniture,West,1,256.78,3
2011-05-10,Wilson Electronics DB Pro Signal Booster,Technology,West,5,1432.0,34
2011-05-10,Southworth 25% Cotton Premium Laser Paper and Envelopes,Office Supplies,West,2,39.96,191
2011-05-10,Bestar Classic Bookcase,Furniture,East,7,349.96,48
2011-05-11,Hon Multipurpose Stacking Arm Chairs,Furniture,Central,8,1212.96,16
2011-05-11,Logitech ClearChat Comfort/USB Headset H390,Technology,Central,2,46.86,171
2011-05-11,Staples,Office Supplies,East,3,35.91,219
2011-05-11,Avery Arch Ring Binders,Office Supplies,Central,9,104.58,157
2011-05-11,Xblue XB-1670-86 X16 Small Office Telephone - Titanium,Technology,Central,1,100.79,220
2011-05-11,"Deflect-o EconoMat Studded, No Bevel Mat for Low Pile Carpeting",Furniture,Central,4,66.11,45
2011-05-11,Black Print Carbonless 8 1/2' x 8 1/4' Rapid Memo Book,Office Supplies,Central,3,17.47,116
2011-05-11,SanDisk Cruzer 64 GB USB Flash Drive,Technology,Central,2,58.11,5
2011-05-12,"Bevis Traditional Conference Table Top, Plinth Base",Furniture,East,3,700.06,98
2011-05-12,"DAX Value U-Channel Document Frames, Easel Back",Furniture,Central,7,34.79,123
2011-05-13,EcoTones Memo Sheets,Office Supplies,West,2,8.0,232
2011-05-13,Staples,Office Supplies,South,2,7.1,36
2011-05-13,Fellowes Super Stor/Drawer,Office Supplies,West,2,55.5,23
2011-05-13,Plantronics Audio 478 Stereo USB Headset,Technology,West,3,149.97,92
2011-05-13,GBC DocuBind P100 Manual Binding Machine,Office Supplies,South,8,398.35,240
2011-05-13,"Iceberg Nesting Folding Chair, 19w x 6d x 43h",Furniture,West,6,279.46,45
2011-05-14,Electrix Halogen Magnifier Lamp,Furniture,South,2,310.88,180
2011-05-16,Imation Clip USB flash drive - 8 GB,Technology,West,3,56.4,94
2011-05-16,"Iceberg Nesting Folding Chair, 19w x 6d x 43h",Furniture,West,5,232.88,98
2011-05-17,Surelock Post Binders,Office Supplies,Central,3,91.68,187
2011-05-18,Xerox 1949,Office Supplies,Central,1,3.98,224
2011-05-18,Xerox 1949,Office Supplies,East,4,15.94,115
2011-05-18,Deflect-o Glass Clear Studded Chair Mats,Furniture,East,3,149.23,190
2011-05-18,Apple iPhone 5,Technology,East,2,779.8,212
2011-05-19,Acme Design Stainless Steel Bent Scissors,Office Supplies,South,5,34.2,159
2011-05-19,Avery Heavy-Duty EZD View Binder with Locking Rings,Office Supplies,Central,9,57.42,214
2011-05-20,24-Hour Round Wall Clock,Furniture,East,7,139.86,160
2011-05-20,"Sanford Colorific Scented Colored Pencils, 12/Pack",Office Supplies,East,9,38.52,66
2011-05-20,Acco 6 Outlet Guardian Basic Surge Suppressor,Office Supplies,East,4,33.28,127
2011-05-20,Xerox 213,Office Supplies,Central,2,10.37,17
2011-05-20,Rogers Profile Extra Capacity Storage Tub,Office Supplies,Central,5,66.96,24
2011-05-20,SanDisk Ultra 16 GB MicroSDHC Class 10 Memory Card,Technology,Central,2,20.78,233
2011-05-20,Contemporary Borderless Frame,Furniture,Central,3,10.33,222
2011-05-21,Ibico Plastic Spiral Binding Combs,Office Supplies,Central,3,18.24,53
2011-05-21,4009 Highlighters by Sanford,Office Supplies,West,8,31.84,57
2011-05-21,Fellowes PB300 Plastic Comb Binding Machine,Office Supplies,South,7,2715.93,66
2011-05-21,GBC ProClick Punch Binding System,Office Supplies,East,7,447.86,103
2011-05-21,Plantronics Voyager Pro Legend,Technology,South,3,617.97,173
2011-05-21,Xerox 1992,Office Supplies,East,3,17.94,23
2011-05-21,"Adams Telephone Message Books, 5 1/4 x 11",Office Supplies,Central,1,4.83,113
2011-05-21,Belkin 8 Outlet Surge Protector,Office Supplies,East,6,245.88,31
2011-05-21,Global Deluxe Steno Chair,Furniture,Central,2,107.77,174
2011-05-21,Staples,Office Supplies,Central,6,56.06,85
2011-05-22,Plantronics Encore H101 Dual Earpieces Headset,Technology,South,1,44.95,150
2011-05-22,Nortel Networks T7316 E Nt8 B27,Technology,South,2,135.98,193
2011-05-23,Letter Slitter,Office Supplies,East,2,5.04,126
2011-05-23,Newell 317,Office Supplies,East,9,21.17,154
2011-05-23,Avery Non-Stick Binders,Office Supplies,East,5,17.96,233
2011-05-23,Angle-D Ring Binders,Office Supplies,East,2,3.28,129
2011-05-23,Xerox 1999,Office Supplies,West,2,12.96,217
2011-05-23,1.7 Cubic Foot Compact 'Cube' Office Refrigerators,Office Supplies,East,1,208.16,16
2011-05-23,Motorola L804,Technology,East,2,55.19,103
2011-05-24,Xerox 1944,Office Supplies,East,3,116.28,160
2011-05-25,"Electrix Incandescent Magnifying Lamp, Black",Furniture,Central,2,29.32,136
2011-05-25,Strathmore Photo Frame Cards,Office Supplies,East,2,14.62,42
2011-05-25,Harmony Air Purifier,Office Supplies,Central,2,75.6,245
2011-05-26,DIXON Ticonderoga Erasable Checking Pencils,Office Supplies,Central,3,13.39,175
2011-05-26,Hon Olson Stacker Stools,Furniture,West,2,225.3,38
2011-05-26,netTALK DUO VoIP Telephone Service,Technology,West,2,83.98,220
2011-05-26,VTech DS6151,Technology,West,2,201.58,169
2011-05-26,Sauder Inglewood Library Bookcases,Furniture,West,2,290.67,246
2011-05-26,Global Commerce Series Low-Back Swivel/Tilt Chairs,Furniture,Central,2,359.77,25
2011-05-26,"SAFCO Mobile Desk Side File, Wire Frame",Office Supplies,Central,3,102.62,98
2011-05-26,"Wirebound Service Call Books, 5 1/2' x 4'",Office Supplies,West,5,48.4,49
2011-05-27,Fellowes Officeware Wire Shelving,Office Supplies,West,4,359.32,152
2011-05-27,Plantronics HL10 Handset Lifter,Technology,West,12,1113.5,151
2011-05-27,Logitech Wireless Performance Mouse MX for PC and Mac,Technology,West,1,99.99,12
2011-05-27,Fellowes Presentation Covers for Comb Binding Machines,Office Supplies,Central,6,17.46,59
2011-05-27,KI Conference Tables,Furniture,West,10,567.12,249
2011-05-28,Imation 30456 USB Flash Drive 8GB,Technology,West,4,27.6,134
2011-05-28,I Need's 3d Hello Kitty Hybrid Silicone Case Cover for HTC One X 4g with 3d Hello Kitty Stylus Pen Green/pink,Technology,West,6,57.41,56
2011-05-28,Green Canvas Binder for 8-1/2' x 14' Sheets,Office Supplies,West,4,136.96,35
2011-05-30,Xerox 1948,Office Supplies,East,4,39.96,172
2011-05-30,"Ampad Poly Cover Wirebound Steno Book, 6' x 9' Assorted Colors, Gregg Ruled",Office Supplies,South,3,13.62,19
2011-05-30,Honeywell Quietcare HEPA Air Cleaner,Office Supplies,East,3,235.95,64
2011-05-30,Geemarc AmpliPOWER60,Technology,East,5,464.0,7
2011-05-30,Brother DCP1000 Digital 3 in 1 Multifunction Machine,Technology,Central,3,719.98,237
2011-05-30,Chromcraft Rectangular Conference Tables,Furniture,Central,3,355.46,143
2011-05-30,"GBC Pre-Punched Binding Paper, Plastic, White, 8-1/2' x 11'",Office Supplies,East,2,25.58,141
2011-05-30,Wilson Jones Legal Size Ring Binders,Office Supplies,East,4,70.37,203
2011-05-31,Samsung Galaxy Note 3,Technology,South,3,659.97,114
2011-05-31,Grandstream GXP1160 VoIP phone,Technology,South,3,113.73,214
2011-06-01,Safco Steel Mobile File Cart,Office Supplies,Central,2,166.72,142
2011-06-01,Boston Heavy-Duty Trimline Electric Pencil Sharpeners,Office Supplies,East,6,289.2,91
2011-06-01,"Adams Telephone Message Book w/Frequently-Called Numbers Space, 400 Messages per Book",Office Supplies,Central,6,47.88,97
2011-06-01,Honeywell Enviracaire Portable HEPA Air Cleaner for 17' x 22' Room,Office Supplies,Central,5,1503.25,65
2011-06-01,Xerox 205,Office Supplies,Central,4,25.92,31
2011-06-01,Global Deluxe High-Back Manager's Chair,Furniture,Central,7,2001.86,214
2011-06-01,Wilson Jones Heavy-Duty Casebound Ring Binders with Metal Hinges,Office Supplies,Central,4,138.56,190
2011-06-01,Acco 6 Outlet Guardian Premium Surge Suppressor,Office Supplies,Central,5,65.52,85
2011-06-01,3M Hangers With Command Adhesive,Furniture,South,6,22.2,50
2011-06-01,Adtran 1202752G1,Technology,South,7,881.93,152
2011-06-01,"GBC Clear Cover, 8-1/2 x 11, unpunched, 25 covers per pack",Office Supplies,East,3,45.48,185
2011-06-02,Aluminum Document Frame,Furniture,West,6,73.32,62
2011-06-02,GBC Standard Therm-A-Bind Covers,Office Supplies,West,3,59.81,189
2011-06-02,"Hot File 7-Pocket, Floor Stand",Office Supplies,South,2,356.94,124
2011-06-02,Mophie Juice Pack Helium for iPhone,Technology,South,3,239.97,149
2011-06-02,"Sanford Colorific Scented Colored Pencils, 12/Pack",Office Supplies,South,2,8.56,57
2011-06-03,"Contract Clock, 14', Brown",Furniture,Central,7,61.54,57
2011-06-03,Recycled Steel Personal File for Standard File Folders,Office Supplies,Central,3,132.7,85
2011-06-03,KI Adjustable-Height Table,Furniture,West,6,515.88,48
2011-06-03,Avery 513,Office Supplies,Central,4,15.94,179
2011-06-03,Security-Tint Envelopes,Office Supplies,Central,2,15.28,169
2011-06-04,Staples,Office Supplies,East,2,16.22,69
2011-06-04,Seth Thomas 14' Day/Date Wall Clock,Furniture,East,2,56.96,14
2011-06-04,"Commercial WindTunnel Clean Air Upright Vacuum, Replacement Belts, Filtration Bags",Office Supplies,East,4,15.56,53
2011-06-04,O'Sullivan Living Dimensions 5-Shelf Bookcases,Furniture,East,2,353.57,234
2011-06-04,G.E. Halogen Desk Lamp Bulbs,Furniture,East,2,13.96,187
2011-06-06,Xerox 1944,Office Supplies,South,2,62.02,100
2011-06-06,Presstex Flexible Ring Binders,Office Supplies,South,1,1.36,224
2011-06-06,"Avery Trapezoid Ring Binder, 3' Capacity, Black, 1040 sheets",Office Supplies,Central,3,24.59,7
2011-06-06,Chromcraft Bull-Nose Wood 48' x 96' Rectangular Conference Tables,Furniture,East,3,991.76,52
2011-06-06,Acme Office Executive Series Stainless Steel Trimmers,Office Supplies,East,2,17.14,59
2011-06-06,Round Specialty Laser Printer Labels,Office Supplies,Central,10,100.24,235
2011-06-06,Sanford Liquid Accent Highlighters,Office Supplies,East,2,13.36,107
2011-06-06,#10- 4 1/8' x 9 1/2' Recycled Envelopes,Office Supplies,Central,2,13.98,4
2011-06-06,Wilson Jones Century Plastic Molded Ring Binders,Office Supplies,East,9,149.54,102
2011-06-07,"Bevis Round Conference Table Top, X-Base",Furniture,Central,3,268.94,195
2011-06-07,Wilson Jones Century Plastic Molded Ring Binders,Office Supplies,Central,3,12.46,5
2011-06-08,"Situations Contoured Folding Chairs, 4/Set",Furniture,South,3,170.35,108
2011-06-08,"Tennsco Snap-Together Open Shelving Units, Starter Sets and Add-On Units",Office Supplies,East,6,1676.88,223
2011-06-08,"Hon Deluxe Fabric Upholstered Stacking Chairs, Squared Back",Furniture,West,3,585.55,115
2011-06-08,Green Canvas Binder for 8-1/2' x 14' Sheets,Office Supplies,East,2,68.48,93
2011-06-09,"Eldon Expressions Wood and Plastic Desk Accessories, Cherry Wood",Furniture,West,7,48.86,46
2011-06-09,Mitel 5320 IP Phone VoIP phone,Technology,West,6,907.15,98
2011-06-09,Belkin F5C206VTEL 6 Outlet Surge,Office Supplies,West,5,114.9,54
2011-06-09,Chromcraft Rectangular Conference Tables,Furniture,West,9,1706.18,167
2011-06-09,Konftel 250 Conference phone - Charcoal black,Technology,West,4,911.42,51
2011-06-09,Logitech M510 Wireless Mouse,Technology,Central,2,63.98,143
2011-06-09,Executive Impressions 13-1/2' Indoor/Outdoor Wall Clock,Furniture,West,2,37.4,12
2011-06-09,Square Credit Card Reader,Technology,Central,1,7.99,113
2011-06-09,Boston 1645 Deluxe Heavier-Duty Electric Pencil Sharpener,Office Supplies,Central,2,70.37,123
2011-06-09,Xerox 1909,Office Supplies,West,3,79.14,105
2011-06-09,DIXON Oriole Pencils,Office Supplies,West,7,18.06,157
2011-06-09,Staples,Office Supplies,West,2,7.36,146
2011-06-09,Deluxe Chalkboard Eraser Cleaner,Office Supplies,West,2,23.1,144
2011-06-09,Newell 322,Office Supplies,West,4,7.28,119
2011-06-09,Bevis 44 x 96 Conference Tables,Furniture,South,7,1441.3,62
2011-06-09,DXL Angle-View Binders with Locking Rings by Samsill,Office Supplies,West,3,18.5,18
2011-06-10,"Dot Matrix Printer Tape Reel Labels, White, 5000/Box",Office Supplies,Central,5,491.55,91
2011-06-13,Staples,Office Supplies,West,3,14.52,57
2011-06-14,"Hon Metal Bookcases, Gray",Furniture,Central,3,212.94,182
2011-06-15,Xerox 1902,Office Supplies,Central,2,36.54,89
2011-06-15,"Lesro Sheffield Collection Coffee Table, End Table, Center Table, Corner Table",Furniture,Central,2,99.92,228
2011-06-15,Global Commerce Series High-Back Swivel/Tilt Chairs,Furniture,Central,4,797.94,217
2011-06-15,Avery Premier Heavy-Duty Binder with Round Locking Rings,Office Supplies,Central,3,8.57,116
2011-06-16,Staples,Office Supplies,East,5,41.4,61
2011-06-16,Ibico Standard Transparent Covers,Office Supplies,East,3,39.55,22
2011-06-16,Boston 16750 Black Compact Battery Pencil Sharpener,Office Supplies,East,4,35.0,126
2011-06-16,"Global Geo Office Task Chair, Gray",Furniture,Central,8,647.84,136
2011-06-17,Xerox 1892,Office Supplies,Central,2,62.02,139
2011-06-17,Eldon Wave Desk Accessories,Furniture,West,3,6.24,244
2011-06-17,OIC Binder Clips,Office Supplies,West,5,17.9,128
2011-06-17,Texas Instruments TI-34 Scientific Calculator,Technology,East,3,65.97,57
2011-06-17,GBC DocuBind P400 Electric Binding System,Office Supplies,West,3,3266.38,121
2011-06-18,Plantronics Cordless Phone Headset with In-line Volume - M214C,Technology,West,5,139.8,0
2011-06-20,Xerox 2,Office Supplies,Central,3,15.55,238
2011-06-20,HTC One Mini,Technology,Central,2,201.58,33
2011-06-20,Honeywell Quietcare HEPA Air Cleaner,Office Supplies,Central,6,471.9,95
2011-06-20,"Array Parchment Paper, Assorted Colors",Office Supplies,Central,2,11.65,125
2011-06-20,Okidata C331dn Printer,Technology,Central,2,418.8,117
2011-06-20,Safco Industrial Wire Shelving System,Office Supplies,Central,7,509.49,47
2011-06-20,"Hon Metal Bookcases, Black",Furniture,Central,4,193.07,88
2011-06-20,Nontoxic Chalk,Office Supplies,Central,2,3.52,231
2011-06-20,Storex DuraTech Recycled Plastic Frosted Binders,Office Supplies,Central,4,3.39,236
2011-06-21,Logitech 910-002974 M325 Wireless Mouse for Web Scrolling,Technology,East,4,95.97,116
2011-06-21,Wilson Jones 1' Hanging DublLock Ring Binders,Office Supplies,West,7,11.09,128
2011-06-21,"GBC Prepunched Paper, 19-Hole, for Binding Systems, 24-lb",Office Supplies,East,2,9.01,15
2011-06-21,Epson Perfection V600 Photo Scanner,Technology,East,3,206.99,188
2011-06-21,Stacking Trays by OIC,Furniture,East,1,3.98,230
2011-06-21,Staples,Office Supplies,East,4,24.9,191
2011-06-21,Avery Trapezoid Extra Heavy Duty 4' Binders,Office Supplies,West,2,25.16,190
2011-06-21,Wireless Extenders zBoost YX545 SOHO Signal Booster,Technology,East,7,1322.93,68
2011-06-21,"OIC #2 Pencils, Medium Soft",Office Supplies,East,2,3.76,21
2011-06-21,Fellowes Advanced 8 Outlet Surge Suppressor with Phone/Fax Protection,Office Supplies,East,2,44.42,92
2011-06-21,Newell 341,Office Supplies,East,5,21.4,246
2011-06-21,Recycled Eldon Regeneration Jumbo File,Office Supplies,South,3,36.84,194
2011-06-21,Luxo Professional Magnifying Clamp-On Fluorescent Lamps,Furniture,South,1,104.01,75
2011-06-21,"Holmes Cool Mist Humidifier for the Whole House with 8-Gallon Output per Day, Extended Life Filter",Office Supplies,East,3,59.7,153
2011-06-21,Polycom SoundStation2 EX Conference phone,Technology,East,3,1214.85,143
2011-06-21,"Message Book, Phone, Wirebound Standard Line Memo, 2 3/4' X 5'",Office Supplies,East,3,19.65,178
2011-06-21,GE 2-Jack Phone Line Splitter,Technology,East,3,617.97,228
2011-06-21,Konftel 250 Conference phone - Charcoal black,Technology,South,1,284.82,85
2011-06-22,SpineVue Locking Slant-D Ring Binders by Cardinal,Office Supplies,West,3,8.23,184
2011-06-22,Office Impressions Heavy Duty Welded Shelving & Multimedia Storage Drawers,Office Supplies,Central,3,501.81,28
2011-06-22,Fellowes Bankers Box Recycled Super Stor/Drawer,Office Supplies,Central,3,161.94,205
2011-06-22,"Hon Deluxe Fabric Upholstered Stacking Chairs, Rounded Back",Furniture,East,5,853.93,219
2011-06-22,Panasonic Kx-TS550,Technology,East,3,82.78,68
2011-06-22,"Padded Folding Chairs, Black, 4/Carton",Furniture,East,3,170.06,46
2011-06-22,KeyTronic 6101 Series - Keyboard - Black,Technology,West,6,196.75,240
2011-06-23,Sony 64GB Class 10 Micro SDHC R40 Memory Card,Technology,East,3,86.38,93
2011-06-23,Prang Drawing Pencil Set,Office Supplies,South,9,20.02,237
2011-06-23,Acme Kleen Earth Office Shears,Office Supplies,South,1,3.1,189
2011-06-24,Acrylic Self-Standing Desk Frames,Furniture,West,2,4.27,243
2011-06-25,"Avery Hi-Liter EverBold Pen Style Fluorescent Highlighters, 4/Pack",Office Supplies,West,11,71.63,196
2011-06-25,"Hunt BOSTON Vista Battery-Operated Pencil Sharpener, Black",Office Supplies,West,1,9.33,203
2011-06-25,Plantronics 81402,Technology,West,5,263.96,143
2011-06-25,Hon 4060 Series Tables,Furniture,West,5,447.84,217
2011-06-27,Sony Micro Vault Click 16 GB USB 2.0 Flash Drive,Technology,South,4,223.96,217
2011-06-27,KI Adjustable-Height Table,Furniture,South,1,85.98,175
2011-06-27,"SAFCO Commercial Wire Shelving, 72h",Office Supplies,South,5,306.2,84
2011-06-28,Staples,Office Supplies,Central,1,6.08,38
2011-06-28,Xerox 1941,Office Supplies,East,4,335.52,99
2011-06-28,Xerox 1995,Office Supplies,East,8,41.47,32
2011-06-28,Self-Adhesive Ring Binder Labels,Office Supplies,East,3,3.17,221
2011-06-28,Global Leather Executive Chair,Furniture,East,5,1228.46,100
2011-06-28,GBC Recycled Grain Textured Covers,Office Supplies,East,3,31.09,22
2011-06-29,"Wilson Jones Clip & Carry Folder Binder Tool for Ring Binders, Clear",Office Supplies,East,3,13.92,249
2011-06-29,"Dixon My First Ticonderoga Pencil, #2",Office Supplies,East,7,32.76,9
2011-06-30,"BIC Brite Liner Highlighters, Chisel Tip",Office Supplies,West,5,32.4,245
2011-06-30,Xerox 225,Office Supplies,Central,5,25.92,68
2011-06-30,Xerox 1913,Office Supplies,South,7,310.69,99
2011-06-30,"Sanford Uni-Blazer View Highlighters, Chisel Tip, Yellow",Office Supplies,East,3,6.6,33
2011-06-30,Cardinal Poly Pocket Divider Pockets for Ring Binders,Office Supplies,East,1,2.69,179
2011-06-30,BIC Brite Liner Grip Highlighters,Office Supplies,Central,4,5.25,222
2011-06-30,Staples,Office Supplies,Central,6,21.31,137
2011-06-30,GBC Recycled Regency Composition Covers,Office Supplies,East,7,334.77,249
2011-07-01,Avery Durable Binders,Office Supplies,South,6,5.18,146
2011-07-01,Cardinal Holdit Business Card Pockets,Office Supplies,West,5,19.92,185
2011-07-01,Wilson SignalBoost 841262 DB PRO Amplifier Kit,Technology,South,2,575.92,95
2011-07-02,DIXON Ticonderoga Erasable Checking Pencils,Office Supplies,East,1,5.58,0
2011-07-02,"Logitech B530 USB Headset - headset - Full size, Binaural",Technology,East,2,73.98,247
2011-07-04,Xerox 194,Office Supplies,West,4,177.54,68
2011-07-04,Fellowes Mighty 8 Compact Surge Protector,Office Supplies,West,2,32.43,236
2011-07-04,Southworth Structures Collection,Office Supplies,South,3,21.84,3
2011-07-04,Zipper Ring Binder Pockets,Office Supplies,South,5,15.6,15
2011-07-05,Newell 322,Office Supplies,South,3,4.37,23
2011-07-05,Advantus Panel Wall Certificate Holder - 8.5x11,Furniture,South,2,19.52,79
2011-07-05,Wilson Jones Four-Pocket Poly Binders,Office Supplies,South,5,9.81,246
2011-07-05,Luxo Adjustable Task Clamp Lamp,Furniture,South,3,213.22,1
2011-07-05,Avery 516,Office Supplies,South,2,14.62,240
2011-07-05,NETGEAR AC1750 Dual Band Gigabit Smart WiFi Router,Technology,South,3,479.97,219
2011-07-05,Xerox 1995,Office Supplies,South,3,19.44,127
2011-07-05,"Gould Plastics 18-Pocket Panel Bin, 34w x 5-1/4d x 20-1/2h",Office Supplies,Central,3,220.78,159
2011-07-05,Vinyl Sectional Post Binders,Office Supplies,West,6,180.96,218
2011-07-05,Fellowes Bankers Box Stor/Drawer Steel Plus,Office Supplies,Central,11,281.42,83
2011-07-06,Canon Imageclass D680 Copier / Fax,Technology,East,1,559.99,151
2011-07-06,Global Comet Stacking Armless Chair,Furniture,West,2,478.48,139
2011-07-07,"Global High-Back Leather Tilter, Burgundy",Furniture,East,2,172.19,177
2011-07-07,Howard Miller 11-1/2' Diameter Grantwood Wall Clock,Furniture,East,2,69.01,162
2011-07-08,"Situations Contoured Folding Chairs, 4/Set",Furniture,East,1,63.88,123
2011-07-08,Hon 2111 Invitation Series Corner Table,Furniture,West,3,502.49,32
2011-07-08,"Wilson Jones Ledger-Size, Piano-Hinge Binder, 2', Blue",Office Supplies,West,6,196.7,160
2011-07-09,Wilson Jones Leather-Like Binders with DublLock Round Rings,Office Supplies,West,6,41.9,188
2011-07-09,Xerox 1895,Office Supplies,Central,3,14.35,178
2011-07-09,"Eureka Recycled Copy Paper 8 1/2' x 11', Ream",Office Supplies,Central,2,10.37,170
2011-07-09,"Perma STOR-ALL Hanging File Box, 13 1/8'W x 12 1/4'D x 10 1/2'H",Office Supplies,West,4,23.92,100
2011-07-09,Avery Hidden Tab Dividers for Binding Systems,Office Supplies,West,6,14.3,11
2011-07-09,Xerox 1967,Office Supplies,West,5,32.4,66
2011-07-09,Prang Drawing Pencil Set,Office Supplies,West,2,5.56,64
2011-07-09,Avery 49,Office Supplies,West,1,2.88,160
2011-07-09,"Bush Heritage Pine Collection 5-Shelf Bookcase, Albany Pine Finish, *Special Order",Furniture,West,1,119.83,167
2011-07-11,Staples,Office Supplies,East,5,177.2,73
2011-07-11,Xerox 200,Office Supplies,Central,2,10.37,42
2011-07-11,Polycom VVX 310 VoIP phone,Technology,Central,4,575.97,43
2011-07-11,Avery 514,Office Supplies,East,5,14.4,28
2011-07-11,Newell 3-Hole Punched Plastic Slotted Magazine Holders for Binders,Office Supplies,East,5,18.28,140
2011-07-11,Xerox 1881,Office Supplies,East,4,49.12,11
2011-07-11,Cisco SPA112 2 Port Phone Adapter,Technology,East,3,164.85,94
2011-07-11,Global Commerce Series High-Back Swivel/Tilt Chairs,Furniture,East,3,854.94,45
2011-07-11,Cisco SPA508G,Technology,East,3,197.97,129
2011-07-11,9-3/4 Diameter Round Wall Clock,Furniture,East,9,124.11,242
2011-07-12,Xerox 1949,Office Supplies,Central,9,35.86,241
2011-07-12,Tuff Stuff Recycled Round Ring Binders,Office Supplies,West,2,7.71,34
2011-07-12,Xerox 195,Office Supplies,Central,3,16.03,214
2011-07-12,Fluorescent Highlighters by Dixon,Office Supplies,Central,7,22.29,80
2011-07-12,Stockwell Push Pins,Office Supplies,Central,2,3.49,89
2011-07-12,GE DSL Phone Line Filter,Technology,West,8,255.94,7
2011-07-12,Fellowes Super Stor/Drawer,Office Supplies,West,9,249.75,92
2011-07-12,"Safco Chair Connectors, 6/Carton",Furniture,West,4,123.14,153
2011-07-12,Hon 5100 Series Wood Tables,Furniture,West,3,698.35,201
2011-07-12,Hon Deluxe Fabric Upholstered Stacking Chairs,Furniture,Central,3,512.36,89
2011-07-12,Self-Adhesive Ring Binder Labels,Office Supplies,West,4,11.26,161
2011-07-12,"Verbatim 25 GB 6x Blu-ray Single Layer Recordable Disc, 1/Pack",Technology,Central,4,23.84,114
2011-07-13,Bevis Round Conference Table Top & Single Column Base,Furniture,West,3,351.22,104
2011-07-14,iOttie HLCRIO102 Car Mount,Technology,East,2,23.99,134
2011-07-14,Tensor Track Tree Floor Lamp,Furniture,East,2,31.98,195
2011-07-14,Belkin 7 Outlet SurgeMaster II,Office Supplies,East,1,39.48,57
2011-07-14,Eldon Fold 'N Roll Cart System,Office Supplies,West,5,55.92,244
2011-07-14,I Need's 3d Hello Kitty Hybrid Silicone Case Cover for HTC One X 4g with 3d Hello Kitty Stylus Pen Green/pink,Technology,Central,4,38.27,113
2011-07-14,"BOSTON Ranger #55 Pencil Sharpener, Black",Office Supplies,East,2,41.58,236
2011-07-14,Acco D-Ring Binder w/DublLock,Office Supplies,Central,7,29.93,74
2011-07-14,Newell 315,Office Supplies,East,3,17.94,156
2011-07-14,Griffin GC36547 PowerJolt SE Lightning Charger,Technology,East,1,13.49,119
2011-07-15,Advantus Push Pins,Office Supplies,Central,3,6.54,163
2011-07-15,Maxell 4.7GB DVD-R 5/Pack,Technology,Central,3,2.97,216
2011-07-18,Office Star - Ergonomically Designed Knee Chair,Furniture,West,4,259.14,20
2011-07-18,"Cardinal Slant-D Ring Binder, Heavy Gauge Vinyl",Office Supplies,East,2,13.9,248
2011-07-19,Acco Hanging Data Binders,Office Supplies,East,1,3.81,163
2011-07-19,Polycom VVX 310 VoIP phone,Technology,East,2,359.98,137
2011-07-19,Barricks 18' x 48' Non-Folding Utility Table with Bottom Storage Shelf,Furniture,East,1,70.56,100
2011-07-19,"Avery 3 1/2' Diskette Storage Pages, 10/Pack",Office Supplies,East,2,20.88,200
2011-07-19,"Acco Pressboard Covers with Storage Hooks, 14 7/8' x 11', Dark Blue",Office Supplies,West,2,6.1,151
2011-07-20,Fellowes Neat Ideas Storage Cubes,Office Supplies,East,1,25.98,191
2011-07-20,Letter Size Cart,Office Supplies,Central,3,342.86,226
2011-07-20,Xerox 189,Office Supplies,West,1,104.85,176
2011-07-20,Wilson Jones Custom Binder Spines & Labels,Office Supplies,West,2,8.7,98
2011-07-20,Clear Mylar Reinforcing Strips,Office Supplies,West,6,89.71,239
2011-07-20,"Wirebound Message Books, Two 4 1/4' x 5' Forms per Page",Office Supplies,West,3,22.83,35
2011-07-20,Westinghouse Clip-On Gooseneck Lamps,Furniture,Central,5,16.74,209
2011-07-20,HON 5400 Series Task Chairs for Big and Tall,Furniture,Central,2,981.37,240
2011-07-20,Xerox 1897,Office Supplies,West,4,19.92,230
2011-07-20,Nu-Dell Leatherette Frames,Furniture,West,3,43.02,95
2011-07-20,"Hot File 7-Pocket, Floor Stand",Office Supplies,West,3,535.41,151
2011-07-20,Newell 348,Office Supplies,West,4,13.12,150
2011-07-20,Xerox 1965,Office Supplies,West,2,11.96,189
2011-07-20,"Maxell 74 Minute CD-R Spindle, 50/Pack",Technology,West,2,41.94,223
2011-07-20,Ibico Plastic Spiral Binding Combs,Office Supplies,East,3,27.36,36
2011-07-21,Acco 6 Outlet Guardian Basic Surge Suppressor,Office Supplies,Central,3,4.99,11
2011-07-21,Hon Every-Day Series Multi-Task Chairs,Furniture,Central,5,657.93,112
2011-07-21,"Inter-Office Recycled Envelopes, Brown Kraft, Button-String,10' x 13' , 100/Box",Office Supplies,Central,5,87.92,182
2011-07-21,Acco Economy Flexible Poly Round Ring Binder,Office Supplies,Central,1,1.04,12
2011-07-21,Global Troy Executive Leather Low-Back Tilter,Furniture,West,2,801.57,22
2011-07-21,Griffin GC17055 Auxiliary Audio Cable,Technology,Central,2,35.98,216
2011-07-21,Newell 334,Office Supplies,West,5,99.2,98
2011-07-21,Hon 30' x 60' Table with Locking Drawer,Furniture,West,1,272.85,104
2011-07-22,Newell 32,Office Supplies,West,4,11.52,29
2011-07-22,"Premium Writing Pencils, Soft, #2 by Central Association for the Blind",Office Supplies,East,2,5.96,16
2011-07-22,Global Comet Stacking Armless Chair,Furniture,West,3,717.72,112
2011-07-22,Eldon Mobile Mega Data Cart  Mega Stackable  Add-On Trays,Office Supplies,West,10,236.5,61
2011-07-22,Logitech G602 Wireless Gaming Mouse,Technology,East,2,159.98,83
2011-07-22,Crayola Colored Pencils,Office Supplies,West,6,19.68,111
2011-07-22,Fellowes Bases and Tops For Staxonsteel/High-Stak Systems,Office Supplies,Central,1,26.63,216
2011-07-22,Safco Drafting Table,Furniture,West,3,170.35,85
2011-07-23,Acme Softgrip Scissors,Office Supplies,West,5,40.7,140
2011-07-23,Case Logic 2.4GHz Wireless Keyboard,Technology,East,2,99.98,186
2011-07-23,Microsoft Natural Keyboard Elite,Technology,West,10,479.04,18
2011-07-23,Newell 324,Office Supplies,West,1,9.24,176
2011-07-23,Imation 8gb Micro Traveldrive Usb 2.0 Flash Drive,Technology,West,3,45.0,99
2011-07-23,NETGEAR AC1750 Dual Band Gigabit Smart WiFi Router,Technology,West,8,1023.94,139
2011-07-23,Wilson Jones Custom Binder Spines & Labels,Office Supplies,West,5,8.16,188
2011-07-23,VTech DS6151,Technology,West,6,604.75,232
2011-07-23,AT&T CL2909,Technology,West,3,302.38,146
2011-07-25,Staples,Furniture,West,8,77.92,75
2011-07-25,Acme Kleen Earth Office Shears,Office Supplies,West,4,15.52,8
2011-07-25,High Speed Automatic Electric Letter Opener,Office Supplies,West,5,8187.65,198
2011-07-25,Xerox 1966,Office Supplies,West,1,6.48,27
2011-07-25,"Fellowes Personal Hanging Folder Files, Navy",Office Supplies,West,4,53.72,205
2011-07-26,"DAX Cubicle Frames, 8-1/2 x 11",Furniture,South,3,25.71,222
2011-07-26,Microsoft Natural Keyboard Elite,Technology,Central,9,431.14,127
2011-07-26,GBC DocuBind P400 Electric Binding System,Office Supplies,Central,8,2177.58,51
2011-07-26,GBC Premium Transparent Covers with Diagonal Lined Pattern,Office Supplies,Central,4,16.78,82
2011-07-26,Hon 2090 Pillow Soft Series Mid Back Swivel/Tilt Chairs,Furniture,West,3,674.35,249
2011-07-26,Apple iPhone 5S,Technology,West,2,911.98,110
2011-07-26,Avery 485,Office Supplies,South,13,162.89,143
2011-07-26,"Belkin 19' Vented Equipment Shelf, Black",Office Supplies,Central,3,123.55,116
2011-07-26,DAX Clear Channel Poster Frame,Furniture,Central,3,17.5,68
2011-07-26,Logitech Illuminated Ultrathin Keyboard with Backlighting,Technology,West,3,170.97,98
2011-07-26,GBC Instant Index System for Binding Systems,Office Supplies,Central,5,8.88,139
2011-07-26,Tensor Computer Mounted Lamp,Furniture,West,9,134.01,24
2011-07-26,Acco 6 Outlet Guardian Standard Surge Suppressor,Office Supplies,Central,2,4.84,179
2011-07-26,"Metal Folding Chairs, Beige, 4/Carton",Furniture,South,2,67.88,122
2011-07-26,Memorex Micro Travel Drive 16 GB,Technology,West,7,111.93,212
2011-07-27,Xerox 1956,Office Supplies,East,11,65.78,227
2011-07-27,WD My Passport Ultra 2TB Portable External Hard Drive,Technology,West,2,238.0,52
2011-07-27,"SAFCO Commercial Wire Shelving, Black",Office Supplies,West,2,276.28,150
2011-07-28,#10- 4 1/8' x 9 1/2' Recycled Envelopes,Office Supplies,South,7,48.94,143
2011-07-28,"DataProducts Ampli Magnifier Task Lamp, Black,",Furniture,South,6,129.89,56
2011-07-28,"OIC Colored Binder Clips, Assorted Sizes",Office Supplies,South,5,14.32,38
2011-07-30,Rush Hierlooms Collection 1' Thick Stackable Bookcases,Furniture,West,8,1367.84,108
2011-08-01,Wilson Jones data.warehouse D-Ring Binders with DublLock,Office Supplies,West,3,19.75,180
2011-08-01,9-3/4 Diameter Round Wall Clock,Furniture,South,4,44.13,41
2011-08-01,Self-Adhesive Address Labels for Typewriters by Universal,Office Supplies,South,3,17.54,185
2011-08-01,"Acco Clips to Go Binder Clips, 24 Clips in Two Sizes",Office Supplies,East,2,5.68,166
2011-08-01,Xerox 1916,Office Supplies,South,2,78.3,141
2011-08-01,Honeywell Quietcare HEPA Air Cleaner,Office Supplies,South,1,62.92,222
2011-08-02,Smead Adjustable Mobile File Trolley with Lockable Top,Office Supplies,Central,2,838.38,121
2011-08-02,Memorex Micro Travel Drive 4 GB,Technology,Central,2,21.2,132
2011-08-02,Wilson Jones 14 Line Acrylic Coated Pressboard Data Binders,Office Supplies,Central,5,26.7,162
2011-08-03,Acme Box Cutter Scissors,Office Supplies,East,10,102.3,214
2011-08-03,Staples,Office Supplies,East,2,21.36,220
2011-08-03,White Computer Printout Paper by Universal,Office Supplies,West,3,93.02,234
2011-08-03,Xerox 1884,Office Supplies,East,2,39.96,74
2011-08-03,BoxOffice By Design Rectangular and Half-Moon Meeting Room Tables,Furniture,West,2,218.75,145
2011-08-03,"Bravo II Megaboss 12-Amp Hard Body Upright, Replacement Belts, 2 Belts per Pack",Office Supplies,West,1,2.6,238
2011-08-04,Eureka The Boss Cordless Rechargeable Stick Vac,Office Supplies,East,2,101.96,75
2011-08-04,Southworth 25% Cotton Premium Laser Paper and Envelopes,Office Supplies,East,13,259.74,8
2011-08-04,Maxell 4.7GB DVD-R,Technology,East,9,255.42,73
2011-08-04,Hoover WindTunnel Plus Canister Vacuum,Office Supplies,West,3,1089.75,185
2011-08-04,Xerox 1934,Office Supplies,West,8,447.84,235
2011-08-04,Newell 329,Office Supplies,West,5,16.4,144
2011-08-04,Panasonic KX T7731-B Digital phone,Technology,West,5,399.96,229
2011-08-04,"Safco Wire Cube Shelving System, For Use as 4 or 5 14' Cubes, Black",Office Supplies,West,5,158.9,6
2011-08-04,Ibico Standard Transparent Covers,Office Supplies,West,1,13.18,173
2011-08-05,Boston KS Multi-Size Manual Pencil Sharpener,Office Supplies,West,2,45.98,140
2011-08-05,"Binney & Smith inkTank Erasable Pocket Highlighter, Chisel Tip, Yellow",Office Supplies,East,7,15.96,167
2011-08-05,Hon GuestStacker Chair,Furniture,East,5,1133.35,169
2011-08-05,Akro Stacking Bins,Office Supplies,West,2,15.78,136
2011-08-05,"Plantronics CS 50-USB - headset - Convertible, Monaural",Technology,East,1,135.99,177
2011-08-05,Fellowes Advanced Computer Series Surge Protectors,Office Supplies,East,3,79.47,26
2011-08-05,"SAFCO PlanMaster Heigh-Adjustable Drafting Table Base, 43w x 30d x 30-37h, Black",Furniture,Central,2,489.23,121
2011-08-05,"Binney & Smith inkTank Erasable Pocket Highlighter, Chisel Tip, Yellow",Office Supplies,East,2,4.56,193
2011-08-05,Logitech Desktop MK120 Mouse and keyboard Combo,Technology,West,1,16.36,4
2011-08-05,"Adams Phone Message Book, Professional, 400 Message Capacity, 5 3/6 x 11",Office Supplies,West,3,20.94,28
2011-08-05,"Global Value Steno Chair, Gray",Furniture,West,7,340.14,164
2011-08-05,Xerox 1913,Office Supplies,West,2,110.96,165
2011-08-06,"Maxell 74 Minute CD-R Spindle, 50/Pack",Technology,South,3,62.91,82
2011-08-06,Logitech G700s Rechargeable Gaming Mouse,Technology,East,2,199.98,135
2011-08-08,Nu-Dell Float Frame 11 x 14 1/2,Furniture,Central,6,53.88,239
2011-08-08,Globe Weis Peel & Seel First Class Envelopes,Office Supplies,Central,3,38.34,108
2011-08-08,"Acco Smartsocket Table Surge Protector, 6 Color-Coded Adapter Outlets",Office Supplies,Central,3,167.54,64
2011-08-08,Sharp 1540cs Digital Laser Copier,Technology,Central,1,549.99,85
2011-08-08,Motorola Droid Maxx,Technology,Central,2,299.98,243
2011-08-08,Advantus Rolling Drawer Organizers,Office Supplies,West,11,423.28,144
2011-08-08,Sharp AL-1530CS Digital Copier,Technology,West,3,1199.98,70
2011-08-08,AT&T 1070 Corded Phone,Technology,West,5,445.96,216
2011-08-08,O'Sullivan 2-Shelf Heavy-Duty Bookcases,Furniture,South,4,155.46,44
2011-08-08,Dana Halogen Swing-Arm Architect Lamp,Furniture,West,8,327.76,131
2011-08-08,"Eldon Delta Triangular Chair Mat, 52' x 58', Clear",Furniture,West,4,121.38,35
2011-08-08,SanDisk Ultra 64 GB MicroSDHC Class 10 Memory Card,Technology,West,3,95.98,69
2011-08-08,Fellowes Superior 10 Outlet Split Surge Protector,Office Supplies,West,2,76.12,158
2011-08-09,AT&T 1070 Corded Phone,Technology,South,2,178.38,18
2011-08-09,Jawbone MINI JAMBOX Wireless Bluetooth Speaker,Technology,West,2,219.17,188
2011-08-09,Avery Hole Reinforcements,Office Supplies,West,5,9.35,107
2011-08-09,Great White Multi-Use Recycled Paper (20Lb. and 84 Bright),Office Supplies,West,1,5.98,181
2011-08-09,Ibico Ibimaster 300 Manual Binding System,Office Supplies,West,7,2060.74,166
2011-08-09,Cisco Unified IP Phone 7945G VoIP phone,Technology,West,4,1091.17,90
2011-08-09,Avery 494,Office Supplies,West,8,20.88,201
2011-08-09,"Super Bands, 12/Pack",Office Supplies,West,3,4.46,89
2011-08-09,Xerox 21,Office Supplies,South,3,15.55,18
2011-08-11,Sanford 52201 APSCO Electric Pencil Sharpener,Office Supplies,West,1,40.97,38
2011-08-11,"Vinyl Coated Wire Paper Clips in Organizer Box, 800/Box",Office Supplies,West,2,22.96,125
2011-08-11,"Eldon Image Series Desk Accessories, Ebony",Furniture,West,1,12.35,194
2011-08-11,Tennsco Single-Tier Lockers,Office Supplies,East,1,375.34,172
2011-08-12,BlackBerry Q10,Technology,West,8,806.34,140
2011-08-12,Bulldog Vacuum Base Pencil Sharpener,Office Supplies,South,5,47.96,241
2011-08-12,Xerox 229,Office Supplies,South,6,31.1,219
2011-08-12,Seth Thomas 14' Day/Date Wall Clock,Furniture,West,3,85.44,125
2011-08-12,Acco Side-Punched Conventional Columnar Pads,Office Supplies,South,2,5.55,57
2011-08-12,Avery 501,Office Supplies,South,1,2.95,147
2011-08-12,Acco Smartsocket Color-Coded Six-Outlet AC Adapter Model Surge Protectors,Office Supplies,South,6,211.25,219
2011-08-12,Acco Translucent Poly Ring Binders,Office Supplies,South,3,14.04,199
2011-08-12,"Maxell 74 Minute CD-R Spindle, 50/Pack",Technology,South,13,272.61,60
2011-08-12,Maxell 4.7GB DVD-R,Technology,South,7,158.93,126
2011-08-12,"Performers Binder/Pad Holder, Black",Office Supplies,East,7,196.21,104
2011-08-15,Xerox 1925,Office Supplies,West,3,92.94,166
2011-08-15,Fellowes Superior 10 Outlet Split Surge Protector,Office Supplies,South,5,152.24,0
2011-08-15,Xerox 1955,Office Supplies,South,5,91.36,130
2011-08-15,Tripp Lite TLP810NET Broadband Surge for Modem/Fax,Office Supplies,West,3,152.91,204
2011-08-15,GBC Durable Plastic Covers,Office Supplies,Central,8,30.96,91
2011-08-15,GBC Durable Plastic Covers,Office Supplies,West,3,46.44,189
2011-08-15,Premium Transparent Presentation Covers by GBC,Office Supplies,East,3,62.94,248
2011-08-15,Avery Heavy-Duty EZD  Binder With Locking Rings,Office Supplies,West,4,17.86,190
2011-08-15,Novimex Fabric Task Chair,Furniture,West,4,195.14,112
2011-08-16,Chromcraft Rectangular Conference Tables,Furniture,East,6,853.09,152
2011-08-17,Colored Push Pins,Office Supplies,South,7,12.67,55
2011-08-17,Avery Non-Stick Binders,Office Supplies,South,4,17.96,160
2011-08-17,Logitech Gaming G510s - Keyboard,Technology,South,4,339.96,165
2011-08-17,Xerox 1929,Office Supplies,South,5,114.2,116
2011-08-17,Xerox 203,Office Supplies,Central,3,15.55,133
2011-08-19,"Deflect-o EconoMat Studded, No Bevel Mat for Low Pile Carpeting",Furniture,West,7,289.24,57
2011-08-19,GBC DocuBind P50 Personal Binding Machine,Office Supplies,East,4,76.78,43
2011-08-19,Satellite Sectional Post Binders,Office Supplies,West,2,69.46,172
2011-08-19,Acme Kleencut Forged Steel Scissors,Office Supplies,East,2,9.18,159
2011-08-19,"Hon Metal Bookcases, Gray",Furniture,South,9,638.82,172
2011-08-19,Space Solutions HD Industrial Steel Shelving.,Office Supplies,South,3,344.91,60
2011-08-19,Turquoise Lead Holder with Pocket Clip,Office Supplies,East,2,10.72,46
2011-08-20,GBC DocuBind TL300 Electric Binding System,Office Supplies,South,1,896.99,148
2011-08-20,"Global Leather and Oak Executive Chair, Black",Furniture,Central,2,421.37,79
2011-08-20,Riverleaf Stik-Withit Designer Note Cubes,Office Supplies,South,2,20.12,117
2011-08-20,"Safco Chair Connectors, 6/Carton",Furniture,South,13,500.24,212
2011-08-22,Faber Castell Col-Erase Pencils,Office Supplies,East,1,3.91,202
2011-08-22,Xerox 1899,Office Supplies,Central,2,11.56,228
2011-08-22,Acme Serrated Blade Letter Opener,Office Supplies,South,3,7.63,163
2011-08-23,Acme Titanium Bonded Scissors,Office Supplies,West,1,6.8,226
2011-08-23,Regeneration Desk Collection,Furniture,West,3,4.22,146
2011-08-23,Xerox 1988,Office Supplies,West,9,223.06,19
2011-08-23,Xerox 1931,Office Supplies,West,6,31.1,184
2011-08-23,Personal Creations Ink Jet Cards and Labels,Office Supplies,East,4,45.92,145
2011-08-23,Xerox 1994,Office Supplies,East,4,25.92,46
2011-08-23,Xerox 1993,Office Supplies,Central,3,19.44,232
2011-08-23,GBC Linen Binding Covers,Office Supplies,West,2,49.57,48
2011-08-23,Cisco SPA525G2 IP Phone - Wireless,Technology,West,9,143.64,13
2011-08-23,Xerox 1976,Office Supplies,West,3,15.55,142
2011-08-24,Wilson Jones 1' Hanging DublLock Ring Binders,Office Supplies,East,3,12.67,158
2011-08-24,"SlimView Poly Binder, 3/8'",Office Supplies,West,2,8.29,0
2011-08-24,G.E. Longer-Life Indoor Recessed Floodlight Bulbs,Furniture,East,2,13.28,116
2011-08-24,Acme Titanium Bonded Scissors,Office Supplies,South,3,25.5,53
2011-08-25,Polycom VVX 310 VoIP phone,Technology,West,7,1007.94,117
2011-08-25,Portable Personal File Box,Office Supplies,West,4,48.84,2
2011-08-25,"Wilson Jones Elliptical Ring 3 1/2' Capacity Binders, 800 sheets",Office Supplies,Central,3,25.68,143
2011-08-25,SanDisk Cruzer 32 GB USB Flash Drive,Technology,West,5,95.1,214
2011-08-25,"Eldon 200 Class Desk Accessories, Smoke",Furniture,West,1,6.28,184
2011-08-25,"Square Ring Data Binders, Rigid 75 Pt. Covers, 11' x 14-7/8'",Office Supplies,Central,3,12.38,202
2011-08-25,"Redi-Strip #10 Envelopes, 4 1/8 x 9 1/2",Office Supplies,East,2,4.72,11
2011-08-25,"Tyvek  Top-Opening Peel & Seel Envelopes, Plain White",Office Supplies,East,6,130.46,73
2011-08-25,Wilson Jones Custom Binder Spines & Labels,Office Supplies,East,4,6.53,223
2011-08-25,Insertable Tab Indexes For Data Binders,Office Supplies,East,3,2.86,15
2011-08-25,"OIC Colored Binder Clips, Assorted Sizes",Office Supplies,East,14,40.1,199
2011-08-25,"Cardinal Slant-D Ring Binder, Heavy Gauge Vinyl",Office Supplies,East,8,20.86,101
2011-08-25,Xerox 1921,Office Supplies,East,3,23.98,203
2011-08-25,Xerox 23,Office Supplies,West,4,25.92,151
2011-08-26,Newell 340,Office Supplies,East,3,8.64,155
2011-08-26,Avoid Verbal Orders Carbonless Minifold Book,Office Supplies,East,1,3.38,116
2011-08-26,SanDisk Ultra 32 GB MicroSDHC Class 10 Memory Card,Technology,West,8,176.8,7
2011-08-26,Xerox 1978,Office Supplies,East,3,17.34,121
2011-08-26,Plantronics Audio 478 Stereo USB Headset,Technology,East,3,149.97,91
2011-08-26,Acrylic Self-Standing Desk Frames,Furniture,East,4,10.68,163
2011-08-27,Xerox 1898,Office Supplies,South,2,13.36,89
2011-08-27,Newell 341,Office Supplies,West,2,8.56,135
2011-08-27,GE 30522EE2,Technology,South,5,579.95,185
2011-08-27,"Wilson Jones Hanging View Binder, White, 1'",Office Supplies,West,4,22.72,59
2011-08-27,Cisco SPA 501G IP Phone,Technology,West,3,213.48,177
2011-08-27,"Master Caster Door Stop, Large Neon Orange",Furniture,South,4,29.12,27
2011-08-27,Bretford CR8500 Series Meeting Room Furniture,Furniture,South,3,1202.94,219
2011-08-29,Jiffy Padded Mailers with Self-Seal Closure,Office Supplies,South,2,29.81,100
2011-08-29,GBC DocuBind 200 Manual Binding Machine,Office Supplies,South,4,505.18,40
2011-08-29,Xerox 1940,Office Supplies,West,2,109.92,227
2011-08-29,Balt Solid Wood Rectangular Table,Furniture,South,3,174.06,191
2011-08-29,Xerox 1986,Office Supplies,West,2,13.36,154
2011-08-30,Fellowes Bankers Box Stor/Drawer Steel Plus,Office Supplies,East,3,95.94,245
2011-08-30,Wilson Jones Standard D-Ring Binders,Office Supplies,East,5,25.3,190
2011-08-31,KeyTronic KT400U2 - Keyboard - Black,Technology,West,9,92.52,144
2011-09-01,Xerox 216,Office Supplies,Central,6,31.1,200
2011-09-01,Prestige Round Ring Binders,Office Supplies,Central,3,3.65,160
2011-09-01,WD My Passport Ultra 2TB Portable External Hard Drive,Technology,East,3,357.0,244
2011-09-01,Wilson Jones Hanging Recycled Pressboard Data Binders,Office Supplies,East,2,23.74,211
2011-09-01,"BOSTON Model 1800 Electric Pencil Sharpeners, Putty/Woodgrain",Office Supplies,West,3,53.94,204
2011-09-02,Epson TM-T88V Direct Thermal Printer - Monochrome - Desktop,Technology,Central,3,559.71,219
2011-09-02,SANFORD Major Accent Highlighters,Office Supplies,East,3,21.24,239
2011-09-02,Logitech Wireless Performance Mouse MX for PC and Mac,Technology,Central,3,239.98,156
2011-09-02,Newell 324,Office Supplies,East,5,57.75,140
2011-09-02,Logitech Gaming G510s - Keyboard,Technology,Central,7,475.94,45
2011-09-02,"Holmes Cool Mist Humidifier for the Whole House with 8-Gallon Output per Day, Extended Life Filter",Office Supplies,East,1,19.9,34
2011-09-02,GBC DocuBind TL300 Electric Binding System,Office Supplies,South,2,1793.98,133
2011-09-02,Staples,Office Supplies,East,3,14.94,81
2011-09-02,"Tenex Carpeted, Granite-Look or Clear Contemporary Contour Shape Chair Mats",Furniture,East,1,70.71,114
2011-09-03,Avery 514,Office Supplies,East,5,14.4,196
2011-09-03,GBC VeloBinder Strips,Office Supplies,Central,5,7.68,46
2011-09-05,Telescoping Adjustable Floor Lamp,Furniture,South,2,31.98,152
2011-09-05,Economy Rollaway Files,Office Supplies,East,2,264.32,193
2011-09-06,Avery 516,Office Supplies,West,8,58.48,9
2011-09-06,"Eldon Expressions Wood and Plastic Desk Accessories, Cherry Wood",Furniture,West,6,41.88,55
2011-09-07,Panasonic KX TS3282B Corded phone,Technology,Central,3,196.78,29
2011-09-07,"3M Polarizing Task Lamp with Clamp Arm, Light Gray",Furniture,Central,6,821.88,241
2011-09-07,"GBC Laser Imprintable Binding System Covers, Desert Sand",Office Supplies,Central,3,42.81,108
2011-09-07,Xerox 2000,Office Supplies,Central,2,12.96,4
2011-09-07,Plantronics Cordless Phone Headset with In-line Volume - M214C,Technology,Central,3,104.85,118
2011-09-07,AT&T EL51110 DECT,Technology,East,3,377.97,247
2011-09-07,Executive Impressions 13' Clairmont Wall Clock,Furniture,Central,3,57.69,32
2011-09-07,Acco Hot Clips Clips to Go,Office Supplies,Central,5,13.16,117
2011-09-07,Dixon Ticonderoga Core-Lock Colored Pencils,Office Supplies,Central,3,21.86,64
2011-09-07,Avery Recycled Flexi-View Covers for Binding Systems,Office Supplies,Central,2,32.06,145
2011-09-07,"Padded Folding Chairs, Black, 4/Carton",Furniture,Central,2,161.96,223
2011-09-07,Akro-Mils 12-Gallon Tote,Office Supplies,Central,2,19.86,238
2011-09-07,Ibico Hi-Tech Manual Binding System,Office Supplies,Central,5,304.99,176
2011-09-07,Avery Heavy-Duty EZD View Binder with Locking Rings,Office Supplies,Central,3,3.83,10
2011-09-07,StarTech.com 10/100 VDSL2 Ethernet Extender Kit,Technology,East,4,399.54,84
2011-09-07,DAX Natural Wood-Tone Poster Frame,Furniture,East,2,42.37,25
2011-09-07,invisibleSHIELD by ZAGG Smudge-Free Screen Protector,Technology,East,3,32.38,62
2011-09-07,Carina 42'Hx23 3/4'W Media Storage Unit,Office Supplies,East,1,64.78,216
2011-09-07,KI Adjustable-Height Table,Furniture,Central,5,429.9,85
2011-09-07,Belkin Standard 104 key USB Keyboard,Technology,Central,4,46.69,58
2011-09-07,"Angle-D Binders with Locking Rings, Label Holders",Office Supplies,Central,2,2.92,26
2011-09-07,"Acme Design Line 8' Stainless Steel Bent Scissors w/Champagne Handles, 3-1/8' Cut",Office Supplies,West,4,27.36,176
2011-09-07,Avery Legal 4-Ring Binder,Office Supplies,West,5,83.92,204
2011-09-07,"Riverside Furniture Oval Coffee Table, Oval End Table, End Table with Drawer",Furniture,Central,1,200.8,160
2011-09-07,"Message Book, Wirebound, Four 5 1/2' X 4' Forms/Pg., 200 Dupl. Sets/Book",Office Supplies,West,2,20.56,97
2011-09-08,"Holmes Replacement Filter for HEPA Air Cleaner, Medium Room",Office Supplies,West,5,56.65,104
2011-09-08,SAFCO Arco Folding Chair,Furniture,Central,9,1740.06,98
2011-09-08,Prang Colored Pencils,Office Supplies,West,2,5.88,128
2011-09-08,"Epson WorkForce WF-2530 All-in-One Printer, Copier Scanner",Technology,South,3,209.97,148
2011-09-08,GBC ProClick Punch Binding System,Office Supplies,Central,4,51.18,239
2011-09-08,"Hon Deluxe Fabric Upholstered Stacking Chairs, Rounded Back",Furniture,West,5,975.92,54
2011-09-08,Global Super Steno Chair,Furniture,East,2,172.76,5
2011-09-08,"Hunt PowerHouse Electric Pencil Sharpener, Blue",Office Supplies,West,8,303.84,219
2011-09-08,Sanford Liquid Accent Highlighters,Office Supplies,Central,6,32.06,208
2011-09-08,Carina Double Wide Media Storage Towers in Natural & Black,Office Supplies,West,6,485.88,196
2011-09-08,SAFCO Arco Folding Chair,Furniture,Central,5,966.7,94
2011-09-08,"Maxell 74 Minute CD-R Spindle, 50/Pack",Technology,South,4,83.88,132
2011-09-08,Memorex Froggy Flash Drive 4 GB,Technology,South,3,32.97,101
2011-09-08,Pizazz Global Quick File,Office Supplies,West,1,14.97,2
2011-09-08,"Snap-A-Way Black Print Carbonless Ruled Speed Letter, Triplicate",Office Supplies,Central,6,182.11,180
2011-09-08,Advantus Plastic Paper Clips,Office Supplies,South,9,45.0,22
2011-09-08,Black & Decker Filter for Double Action Dustbuster Cordless Vac BLDV7210,Office Supplies,East,2,16.78,228
2011-09-08,Lexmark MX611dhe Monochrome Laser Printer,Technology,Central,8,8159.95,52
2011-09-08,Ideal Clamps,Office Supplies,West,2,4.02,164
2011-09-08,"Acco PRESSTEX Data Binder with Storage Hooks, Light Blue, 9 1/2' X 11'",Office Supplies,West,2,8.61,201
2011-09-08,Logitech Wireless Touch Keyboard K400,Technology,West,2,49.98,201
2011-09-08,"Geographics Note Cards, Blank, White, 8 1/2' x 11'",Office Supplies,Central,2,17.9,82
2011-09-08,Space Solutions HD Industrial Steel Shelving.,Office Supplies,Central,3,275.93,144
2011-09-08,JBL Micro Wireless Portable Bluetooth Speaker,Technology,Central,3,143.98,84
2011-09-08,Kensington 7 Outlet MasterPiece Power Center,Office Supplies,Central,5,177.98,77
2011-09-08,Nontoxic Chalk,Office Supplies,East,2,3.52,200
2011-09-08,BIC Brite Liner Highlighters,Office Supplies,Central,3,9.94,109
2011-09-09,"Master Caster Door Stop, Large Neon Orange",Furniture,East,3,17.47,0
2011-09-09,Alphabetical Labels for Top Tab Filing,Office Supplies,Central,7,103.6,50
2011-09-09,"Ampad Poly Cover Wirebound Steno Book, 6' x 9' Assorted Colors, Gregg Ruled",Office Supplies,Central,3,10.9,172
2011-09-09,Xerox 210,Office Supplies,East,3,15.55,204
2011-09-09,Rosewill 107 Normal Keys USB Wired Standard Keyboard,Technology,East,6,64.7,3
2011-09-09,Newell 320,Office Supplies,East,9,30.82,189
2011-09-09,Tennsco 6- and 18-Compartment Lockers,Office Supplies,East,5,1325.85,192
2011-09-09,Nu-Dell Executive Frame,Furniture,East,6,60.67,112
2011-09-09,Advantus Motivational Note Cards,Office Supplies,East,2,26.2,231
2011-09-09,Global Italian Leather Office Chair,Furniture,East,6,785.88,31
2011-09-09,Polycom SoundPoint IP 450 VoIP phone,Technology,East,1,135.52,33
2011-09-09,"3D Systems Cube Printer, 2nd Generation, White",Technology,South,2,1299.99,91
2011-09-09,Xerox 1913,Office Supplies,East,3,166.44,94
2011-09-10,"Dana Fluorescent Magnifying Lamp, White, 36'",Furniture,East,5,254.9,71
2011-09-10,Peel & Seel Envelopes,Office Supplies,West,7,21.73,38
2011-09-10,GuestStacker Chair with Chrome Finish Legs,Furniture,West,5,1487.04,153
2011-09-10,Kensington 6 Outlet Guardian Standard Surge Protector,Office Supplies,East,4,81.92,249
2011-09-10,Tuff Stuff Recycled Round Ring Binders,Office Supplies,South,2,9.64,161
2011-09-11,"Deflect-o DuraMat Lighweight, Studded, Beveled Mat for Low Pile Carpeting",Furniture,West,3,127.95,181
2011-09-12,SanDisk Cruzer 32 GB USB Flash Drive,Technology,South,1,15.22,117
2011-09-12,GBC DocuBind P100 Manual Binding Machine,Office Supplies,Central,2,331.96,2
2011-09-12,HON 5400 Series Task Chairs for Big and Tall,Furniture,East,6,3785.29,122
2011-09-12,Seth Thomas 8 1/2' Cubicle Clock,Furniture,Central,2,40.56,49
2011-09-12,SanDisk Cruzer 16 GB USB Flash Drive,Technology,Central,5,57.4,11
2011-09-12,Compact Automatic Electric Letter Opener,Office Supplies,Central,3,357.93,192
2011-09-12,"Epson WorkForce WF-2530 All-in-One Printer, Copier Scanner",Technology,East,1,69.99,53
2011-09-12,Fellowes 8 Outlet Superior Workstation Surge Protector,Office Supplies,South,5,166.84,235
2011-09-12,"Premier Elliptical Ring Binder, Black",Office Supplies,East,7,63.92,132
2011-09-12,Xerox 220,Office Supplies,South,2,10.37,221
2011-09-12,Wilson Jones Impact Binders,Office Supplies,Central,5,5.18,221
2011-09-13,Acme Value Line Scissors,Office Supplies,West,2,7.3,56
2011-09-13,Eldon File Chest Portable File,Office Supplies,West,5,79.4,144
2011-09-13,Acco Suede Grain Vinyl Round Ring Binder,Office Supplies,East,3,2.5,111
2011-09-13,Logitech Wireless Performance Mouse MX for PC and Mac,Technology,West,2,199.98,46
2011-09-13,Hypercom P1300 Pinpad,Technology,East,5,252.0,150
2011-09-13,Xerox 1985,Office Supplies,East,3,15.55,206
2011-09-13,"Padded Folding Chairs, Black, 4/Carton",Furniture,Central,6,340.12,228
2011-09-13,Memorex Mini Travel Drive 64 GB USB 2.0 Flash Drive,Technology,West,4,144.96,84
2011-09-13,C-Line Cubicle Keepers Polyproplyene Holder With Velcro Backings,Furniture,West,3,14.19,141
2011-09-13,OIC Thumb-Tacks,Office Supplies,West,5,5.7,65
2011-09-13,Newell 322,Office Supplies,East,3,5.46,74
2011-09-13,Xerox 1942,Office Supplies,West,1,48.94,178
2011-09-13,WD My Passport Ultra 500GB Portable External Hard Drive,Technology,West,2,118.0,102
2011-09-13,GBC Instant Index System for Binding Systems,Office Supplies,South,7,18.65,165
2011-09-13,"Holmes Replacement Filter for HEPA Air Cleaner, Medium Room",Office Supplies,West,2,22.66,191
2011-09-14,Kensington 7 Outlet MasterPiece HOMEOFFICE Power Control Center,Office Supplies,Central,2,52.45,225
2011-09-14,Staples,Office Supplies,East,7,68.46,37
2011-09-14,Avery 51,Office Supplies,Central,4,20.16,49
2011-09-14,Xerox 198,Office Supplies,East,9,44.82,97
2011-09-14,KI Adjustable-Height Table,Furniture,East,9,464.29,81
2011-09-14,Vtech CS6719,Technology,East,3,287.97,29
2011-09-14,Ativa V4110MDD Micro-Cut Shredder,Technology,East,4,2799.96,78
2011-09-14,Seth Thomas 14' Day/Date Wall Clock,Furniture,South,5,142.4,90
2011-09-14,Trimflex Flexible Post Binders,Office Supplies,Central,2,8.55,178
2011-09-14,Spigen Samsung Galaxy S5 Case Wallet,Technology,East,1,16.99,190
2011-09-14,Xerox 1900,Office Supplies,Central,2,6.85,225
2011-09-14,Fellowes Officeware Wire Shelving,Office Supplies,East,5,449.15,51
2011-09-14,Avery Poly Binder Pockets,Office Supplies,South,2,7.16,248
2011-09-14,Advantus Panel Wall Acrylic Frame,Furniture,South,3,13.13,165
2011-09-14,Stacking Trays by OIC,Furniture,Central,5,9.96,224
2011-09-14,Colored Envelopes,Office Supplies,East,3,11.07,215
2011-09-14,"Sanitaire Vibra Groomer IR Commercial Upright Vacuum, Replacement Belts",Office Supplies,South,5,13.0,78
2011-09-14,Revere Boxed Rubber Bands by Revere,Office Supplies,Central,4,6.05,29
2011-09-14,Honeywell Enviracaire Portable HEPA Air Cleaner for 17' x 22' Room,Office Supplies,East,2,601.3,246
2011-09-15,Seth Thomas 16' Steel Case Clock,Furniture,East,4,103.94,105
2011-09-15,Staples,Office Supplies,East,3,14.94,50
2011-09-15,"Master Caster Door Stop, Large Neon Orange",Furniture,East,2,14.56,80
2011-09-16,Avery Trapezoid Extra Heavy Duty 4' Binders,Office Supplies,East,1,33.55,132
2011-09-17,Eldon ProFile File 'N Store Portable File Tub Letter/Legal Size Black,Office Supplies,West,3,57.93,28
2011-09-17,Newell 313,Office Supplies,West,2,5.25,131
2011-09-17,Eldon Gobal File Keepers,Office Supplies,West,2,30.28,137
2011-09-17,GBC Prestige Therm-A-Bind Covers,Office Supplies,West,5,137.24,183
2011-09-17,Executive Impressions 12' Wall Clock,Furniture,West,2,35.34,144
2011-09-17,"Verbatim 25 GB 6x Blu-ray Single Layer Recordable Disc, 3/Pack",Technology,West,10,55.92,73
2011-09-17,"Acco Pressboard Covers with Storage Hooks, 14 7/8' x 11', Light Blue",Office Supplies,East,4,5.89,16
2011-09-17,Xerox 1924,Office Supplies,South,1,4.62,83
2011-09-17,Plantronics Single Ear Headset,Technology,West,5,29.92,215
2011-09-17,Logitech Trackman Marble Mouse,Technology,South,2,47.98,68
2011-09-17,Riverleaf Stik-Withit Designer Note Cubes,Office Supplies,West,5,40.24,33
2011-09-17,Boston 16701 Slimline Battery Pencil Sharpener,Office Supplies,West,3,38.26,5
2011-09-17,"Tyvek Interoffice Envelopes, 9 1/2' x 12 1/2', 100/Box",Office Supplies,West,3,182.94,52
2011-09-17,Xerox 1960,Office Supplies,West,6,148.7,193
2011-09-19,"Decoflex Hanging Personal Folder File, Blue",Office Supplies,West,6,92.52,204
2011-09-19,Hon Olson Stacker Stools,Furniture,East,7,887.1,125
2011-09-19,Project Tote Personal File,Office Supplies,South,6,67.34,234
2011-09-19,Xerox WorkCentre 6505DN Laser Multifunction Printer,Technology,Central,7,2519.96,42
2011-09-19,HP Designjet T520 Inkjet Large Format Printer - 24' Color,Technology,South,3,2624.98,239
2011-09-19,Revere Boxed Rubber Bands by Revere,Office Supplies,West,3,5.67,202
2011-09-19,OIC Binder Clips,Office Supplies,West,2,7.16,114
2011-09-19,Hon 2111 Invitation Series Straight Table,Furniture,West,1,73.92,110
2011-09-19,Lexmark MX611dhe Monochrome Laser Printer,Technology,Central,3,3059.98,248
2011-09-20,QVS USB Car Charger 2-Port 2.1Amp for iPod/iPhone/iPad/iPad 2/iPad 3,Technology,Central,2,11.12,150
2011-09-20,DMI Eclipse Executive Suite Bookcases,Furniture,East,2,801.57,182
2011-09-20,"C-Line Cubicle Keepers Polyproplyene Holder w/Velcro Back, 8-1/2x11, 25/Bx",Furniture,East,3,164.22,79
2011-09-20,Euro-Pro Shark Turbo Vacuum,Office Supplies,East,1,30.98,94
2011-09-20,Xerox 1900,Office Supplies,West,2,8.56,202
2011-09-20,Panasonic KX-TG9541B DECT 6.0 Digital 2-Line Expandable Cordless Phone With Digital Answering System,Technology,East,9,1349.91,117
2011-09-20,Bevis 44 x 96 Conference Tables,Furniture,Central,6,617.7,143
2011-09-20,"Bush Heritage Pine Collection 5-Shelf Bookcase, Albany Pine Finish, *Special Order",Furniture,Central,5,493.43,7
2011-09-20,Nontoxic Chalk,Office Supplies,South,2,2.82,131
2011-09-20,O'Sullivan Living Dimensions 2-Shelf Bookcases,Furniture,East,3,362.94,103
2011-09-20,Avery 499,Office Supplies,West,2,9.96,131
2011-09-20,"Wirebound Message Book, 4 per Page",Office Supplies,West,4,21.72,183
2011-09-20,Logitech 910-002974 M325 Wireless Mouse for Web Scrolling,Technology,East,2,59.98,24
2011-09-20,Global Leather Executive Chair,Furniture,East,2,631.78,194
2011-09-20,Avery 485,Office Supplies,East,6,75.18,95
2011-09-20,Ooma Telo VoIP Home Phone System,Technology,East,5,629.95,194
2011-09-20,Staples,Office Supplies,West,4,43.92,154
2011-09-20,Ibico Plastic and Wire Spiral Binding Combs,Office Supplies,West,3,20.23,92
2011-09-21,Xerox 224,Office Supplies,Central,1,6.48,159
2011-09-21,Nortel Meridian M3904 Professional Digital phone,Technology,West,2,246.38,177
2011-09-21,Staples,Office Supplies,West,2,15.56,60
2011-09-21,Boston 16801 Nautilus Battery Pencil Sharpener,Office Supplies,East,3,66.03,121
2011-09-21,Fellowes Basic Home/Office Series Surge Protectors,Office Supplies,Central,2,25.96,50
2011-09-21,"While You Were Out Pads, 50 per Pad, 4 x 5 1/4, Green Cycle",Office Supplies,East,3,11.35,146
2011-09-21,Acco 6 Outlet Guardian Standard Surge Suppressor,Office Supplies,Central,3,36.27,20
2011-09-21,Staples,Office Supplies,East,9,20.81,4
2011-09-21,Canon PC1080F Personal Copier,Technology,West,3,1799.97,209
2011-09-21,Xerox 1971,Office Supplies,West,9,38.52,91
2011-09-21,Newell 34,Office Supplies,West,3,59.52,169
2011-09-21,"Wirebound Four 2-3/4 x 5 Forms per Page, 400 Sets per Book",Office Supplies,West,3,19.35,60
2011-09-21,"#10 White Business Envelopes,4 1/8 x 9 1/2",Office Supplies,West,5,78.35,21
2011-09-21,Polycom CX300 Desktop Phone USB VoIP phone,Technology,West,2,239.98,148
2011-09-21,"Angle-D Binders with Locking Rings, Label Holders",Office Supplies,East,3,6.57,69
2011-09-21,Dana Swing-Arm Lamps,Furniture,Central,2,8.54,0
2011-09-22,"File Shuttle II and Handi-File, Black",Office Supplies,West,5,169.45,132
2011-09-22,Tennsco Commercial Shelving,Office Supplies,West,2,40.68,232
2011-09-22,"SAFCO Commercial Wire Shelving, Black",Office Supplies,Central,3,331.54,11
2011-09-22,Office Star - Mid Back Dual function Ergonomic High Back Chair with 2-Way Adjustable Arms,Furniture,East,4,579.53,89
2011-09-22,"Avery Hi-Liter GlideStik Fluorescent Highlighter, Yellow Ink",Office Supplies,East,4,13.04,45
2011-09-22,Avery File Folder Labels,Office Supplies,South,2,4.61,33
2011-09-22,Cardinal Holdit Business Card Pockets,Office Supplies,East,1,3.98,176
2011-09-22,"Computer Room Manger, 14'",Furniture,East,3,97.44,77
2011-09-23,Ibico Covers for Plastic or Wire Binding Elements,Office Supplies,East,3,34.5,217
2011-09-23,Carina Double Wide Media Storage Towers in Natural & Black,Office Supplies,Central,5,404.9,44
2011-09-23,Ibico EPK-21 Electric Binding System,Office Supplies,Central,5,9449.95,154
2011-09-23,GBC Instant Report Kit,Office Supplies,Central,2,12.94,72
2011-09-23,EcoTones Memo Sheets,Office Supplies,East,9,28.8,25
2011-09-23,Xerox 217,Office Supplies,Central,5,32.4,248
2011-09-23,Avery Binding System Hidden Tab Executive Style Index Sets,Office Supplies,East,4,18.46,46
2011-09-23,Newell 351,Office Supplies,East,3,9.84,120
2011-09-23,netTALK DUO VoIP Telephone Service,Technology,West,2,83.98,213
2011-09-23,Avery Arch Ring Binders,Office Supplies,East,3,139.44,238
2011-09-23,Wilson Jones Suede Grain Vinyl Binders,Office Supplies,East,4,11.12,55
2011-09-23,Rush Hierlooms Collection 1' Thick Stackable Bookcases,Furniture,West,3,436.0,93
2011-09-24,"Gould Plastics 9-Pocket Panel Bin, 18-3/8w x 5-1/4d x 20-1/2h, Black",Office Supplies,West,4,211.96,106
2011-09-25,Dixon Ticonderoga Core-Lock Colored Pencils,Office Supplies,West,2,14.58,62
2011-09-25,Xerox 1954,Office Supplies,Central,8,33.79,47
2011-09-25,Avery Self-Adhesive Photo Pockets for Polaroid Photos,Office Supplies,Central,2,2.72,60
2011-09-25,Poly String Tie Envelopes,Office Supplies,Central,2,3.26,80
2011-09-25,O'Sullivan Living Dimensions 5-Shelf Bookcases,Furniture,Central,2,300.53,25
2011-09-26,DAX Black Cherry Wood-Tone Poster Frame,Furniture,East,1,21.18,35
2011-09-26,"Avery Durable Slant Ring Binders, No Labels",Office Supplies,East,5,5.97,0
2011-09-26,"Maxell Pro 80 Minute CD-R, 10/Pack",Technology,Central,11,153.82,7
2011-09-26,"Hon Deluxe Fabric Upholstered Stacking Chairs, Rounded Back",Furniture,West,3,585.55,112
2011-09-26,Belkin 8 Outlet SurgeMaster II Gold Surge Protector,Office Supplies,East,3,143.95,98
2011-09-26,Xerox 217,Office Supplies,West,3,19.44,179
2011-09-26,Acco 3-Hole Punch,Office Supplies,Central,1,0.88,206
2011-09-26,"Dual Level, Single-Width Filing Carts",Office Supplies,West,2,310.12,46
2011-09-26,"Message Book, Wirebound, Four 5 1/2' X 4' Forms/Pg., 200 Dupl. Sets/Book",Office Supplies,East,4,32.9,126
2011-09-26,Hoover Commercial Lightweight Upright Vacuum,Office Supplies,East,6,16.7,55
2011-09-26,Maxell CD-R Discs,Technology,East,2,3.15,213
2011-09-26,"Acco Six-Outlet Power Strip, 4' Cord Length",Office Supplies,East,6,41.38,13
2011-09-26,"Leather Task Chair, Black",Furniture,West,2,145.57,217
2011-09-27,"Deflect-o SuperTray Unbreakable Stackable Tray, Letter, Black",Furniture,East,3,87.54,27
2011-09-27,DMI Arturo Collection Mission-style Design Wood Chair,Furniture,West,5,603.92,214
2011-09-27,Xerox 1919,Office Supplies,West,2,81.98,77
2011-09-28,Xerox 195,Office Supplies,South,2,10.69,215
2011-09-28,Deflect-o DuraMat Antistatic Studded Beveled Mat for Medium Pile Carpeting,Furniture,South,4,337.09,129
2011-09-28,"Decoflex Hanging Personal Folder File, Blue",Office Supplies,East,3,46.26,108
2011-09-28,White GlueTop Scratch Pads,Office Supplies,South,8,96.26,153
2011-09-29,"Bevis Oval Conference Table, Walnut",Furniture,West,9,2348.82,13
2011-09-29,Avery 48,Office Supplies,East,3,18.9,186
2011-09-29,Seth Thomas 14' Putty-Colored Wall Clock,Furniture,East,4,117.36,55
2011-09-29,"Dual Level, Single-Width Filing Carts",Office Supplies,East,9,1395.54,114
2011-09-29,White Computer Printout Paper by Universal,Office Supplies,East,2,77.52,6
2011-09-29,Longer-Life Soft White Bulbs,Furniture,West,2,6.16,2
2011-09-29,Star Micronics TSP800 TSP847IIU Receipt Printer,Technology,West,2,686.32,110
2011-09-29,Xerox 223,Office Supplies,West,1,6.48,150
2011-09-29,Stockwell Push Pins,Office Supplies,West,4,8.72,237
2011-09-29,Luxo Professional Combination Clamp-On Lamps,Furniture,West,2,204.6,106
2011-09-29,Nontoxic Chalk,Office Supplies,East,3,4.22,238
2011-09-29,Hon 30' x 60' Table with Locking Drawer,Furniture,East,2,409.27,236
2011-09-29,GBC Standard Plastic Binding Systems' Combs,Office Supplies,West,2,10.05,17
2011-09-29,"Permanent Self-Adhesive File Folder Labels for Typewriters, 1 1/8 x 3 1/2, White",Office Supplies,East,11,55.44,249
2011-09-29,Southworth Parchment Paper & Envelopes,Office Supplies,East,4,20.93,37
2011-09-29,Tennsco Single-Tier Lockers,Office Supplies,East,6,1801.63,226
2011-09-29,Fellowes Super Stor/Drawer Files,Office Supplies,West,5,807.75,114
2011-09-29,"Fellowes Mobile File Cart, Black",Office Supplies,West,1,62.18,14
2011-09-29,Hon 4060 Series Tables,Furniture,East,1,67.18,191
2011-09-30,"Master Caster Door Stop, Brown",Furniture,East,3,15.24,216
2011-09-30,Xerox 217,Office Supplies,South,3,15.55,118
2011-09-30,DXL Angle-View Binders with Locking Rings by Samsill,Office Supplies,West,7,43.18,228
2011-09-30,Holmes Odor Grabber,Office Supplies,South,6,69.22,27
2011-09-30,Eureka Sanitaire  Commercial Upright,Office Supplies,East,6,795.41,201
2011-09-30,Tops Green Bar Computer Printout Paper,Office Supplies,East,1,48.94,38
2011-10-01,Sterling Rubber Bands by Alliance,Office Supplies,West,1,4.71,184
2011-10-02,"Adams Telephone Message Book W/Dividers/Space For Phone Numbers, 5 1/4'X8 1/2', 300/Messages",Office Supplies,West,2,9.41,16
2011-10-02,Bose SoundLink Bluetooth Speaker,Technology,West,2,318.4,230
2011-10-02,Letter or Legal Size Expandable Poly String Tie Envelopes,Office Supplies,West,6,12.77,85
2011-10-02,Kingston Digital DataTraveler 16GB USB 2.0,Technology,West,1,7.16,217
2011-10-02,Stiletto Hand Letter Openers,Office Supplies,West,2,15.36,125
2011-10-02,Staples,Office Supplies,West,2,4.67,43
2011-10-02,Pyle PMP37LED,Technology,West,3,230.38,24
2011-10-03,DIXON Oriole Pencils,Office Supplies,South,3,6.19,144
2011-10-03,Hunt Boston Vacuum Mount KS Pencil Sharpener,Office Supplies,East,2,55.98,12
2011-10-03,"Global High-Back Leather Tilter, Burgundy",Furniture,Central,3,258.28,211
2011-10-03,Logitech G105 Gaming Keyboard,Technology,East,3,142.49,24
2011-10-03,Advantus Rolling Drawer Organizers,Office Supplies,South,2,61.57,67
2011-10-03,Sterling Rubber Bands by Alliance,Office Supplies,Central,4,15.07,137
2011-10-03,Avery Hidden Tab Dividers for Binding Systems,Office Supplies,Central,3,1.79,66
2011-10-03,Colored Push Pins,Office Supplies,Central,3,4.34,232
2011-10-03,"Global Deluxe Stacking Chair, Gray",Furniture,West,3,122.35,108
2011-10-03,Smead Alpha-Z Color-Coded Second Alphabetical Labels and Starter Set,Office Supplies,Central,2,4.93,145
2011-10-03,Bevis Round Conference Room Tables and Bases,Furniture,West,1,143.43,110
2011-10-03,DAX Natural Wood-Tone Poster Frame,Furniture,Central,3,31.78,227
2011-10-03,Convenience Packs of Business Envelopes,Office Supplies,East,5,14.48,110
2011-10-04,Avery 519,Office Supplies,West,4,29.24,213
2011-10-04,Avery 512,Office Supplies,West,5,14.45,33
2011-10-04,GBC Recycled Regency Composition Covers,Office Supplies,West,2,95.65,110
2011-10-04,"Office Star - Contemporary Task Swivel chair with Loop Arms, Charcoal",Furniture,East,5,589.41,7
2011-10-05,Belkin F5C206VTEL 6 Outlet Surge,Office Supplies,East,5,91.92,167
2011-10-05,Plantronics Audio 478 Stereo USB Headset,Technology,West,2,99.98,112
2011-10-06,"Tennsco Lockers, Gray",Office Supplies,East,5,83.92,235
2011-10-06,Fellowes Staxonsteel Drawer Files,Office Supplies,Central,2,386.34,82
2011-10-06,GBC VeloBinder Strips,Office Supplies,Central,2,15.36,41
2011-10-06,Imation USB 2.0 Swivel Flash Drive USB flash drive - 4 GB - Pink,Technology,West,3,9.09,168
2011-10-07,"Fellowes Personal Hanging Folder Files, Navy",Office Supplies,Central,10,107.44,100
2011-10-07,Seth Thomas 16' Steel Case Clock,Furniture,East,5,129.92,5
2011-10-08,"Maxell 74 Minute CDR, 10/Pack",Technology,South,3,23.47,179
2011-10-08,Xerox 197,Office Supplies,East,4,123.92,25
2011-10-09,"Eaton Premium Continuous-Feed Paper, 25% Cotton, Letter Size, White, 1000 Shts/Box",Office Supplies,South,2,88.77,63
2011-10-09,iOttie HLCRIO102 Car Mount,Technology,West,1,15.99,225
2011-10-09,Boston Heavy-Duty Trimline Electric Pencil Sharpeners,Office Supplies,West,3,144.6,186
2011-10-10,Cisco 8x8 Inc. 6753i IP Business Phone System,Technology,Central,7,755.94,183
2011-10-10,GBC Personal VeloBind Strips,Office Supplies,Central,5,11.98,58
2011-10-10,Motorola Droid Maxx,Technology,Central,6,719.95,108
2011-10-10,Avery Non-Stick Binders,Office Supplies,Central,1,0.9,197
2011-10-10,Hewlett-Packard Deskjet F4180 All-in-One Color Ink-jet - Printer / copier / scanner,Technology,East,2,101.99,228
2011-10-10,"Dixon Ticonderoga Core-Lock Colored Pencils, 48-Color Set",Office Supplies,West,7,255.85,120
2011-10-10,Westinghouse Clip-On Gooseneck Lamps,Furniture,West,7,46.87,32
2011-10-10,"Global Deluxe Stacking Chair, Gray",Furniture,West,3,122.35,180
2011-10-10,#10- 4 1/8' x 9 1/2' Security-Tint Envelopes,Office Supplies,West,2,15.28,149
2011-10-10,"Premier Elliptical Ring Binder, Black",Office Supplies,East,2,18.26,20
2011-10-11,WD My Passport Ultra 1TB Portable External Hard Drive,Technology,West,5,345.0,197
2011-10-11,Airmail Envelopes,Office Supplies,East,3,201.43,69
2011-10-11,#10- 4 1/8' x 9 1/2' Security-Tint Envelopes,Office Supplies,West,1,7.64,246
2011-10-11,Eldon Pizzaz Desk Accessories,Furniture,South,4,8.92,111
2011-10-11,Self-Adhesive Address Labels for Typewriters by Universal,Office Supplies,South,1,7.31,3
2011-10-11,DAX Cubicle Frames - 8x10,Furniture,West,11,63.47,93
2011-10-11,Fellowes High-Stak Drawer Files,Office Supplies,East,2,281.9,74
2011-10-11,Iris Project Case,Office Supplies,West,4,31.92,189
2011-10-11,Global Enterprise Series Seating High-Back Swivel/Tilt Chairs,Furniture,West,2,433.57,61
2011-10-12,"Sortfiler Multipurpose Personal File Organizer, Black",Office Supplies,West,1,21.39,93
2011-10-12,"Premium Writing Pencils, Soft, #2 by Central Association for the Blind",Office Supplies,West,5,14.9,94
2011-10-12,"Acme Hot Forged Carbon Steel Scissors with Nickel-Plated Handles, 3 7/8' Cut, 8'L",Office Supplies,Central,2,22.24,151
2011-10-13,Belkin F9G930V10-GRY 9 Outlet Surge,Office Supplies,West,4,213.92,54
2011-10-13,Newell 32,Office Supplies,West,4,11.52,136
2011-10-13,Flexible Leather- Look Classic Collection Ring Binder,Office Supplies,East,1,18.94,246
2011-10-13,Wilson Jones Standard D-Ring Binders,Office Supplies,South,3,15.18,130
2011-10-13,Sony 16GB Class 10 Micro SDHC R40 Memory Card,Technology,West,2,25.78,242
2011-10-13,Space Solutions Industrial Galvanized Steel Shelving.,Office Supplies,South,4,315.2,30
2011-10-13,Bevis Round Bullnose 29' High Table Top,Furniture,West,5,1298.55,39
2011-10-13,Recycled Pressboard Report Cover with Reinforced Top Hinge,Office Supplies,East,3,7.75,228
2011-10-13,Pastel Pink Envelopes,Office Supplies,South,5,36.4,35
2011-10-13,SanDisk Cruzer 16 GB USB Flash Drive,Technology,South,2,22.96,151
2011-10-13,"Global High-Back Leather Tilter, Burgundy",Furniture,East,2,245.98,222
2011-10-14,"Pressboard Covers with Storage Hooks, 9 1/2' x 11', Light Blue",Office Supplies,Central,3,2.95,5
2011-10-14,"SimpliFile Personal File, Black Granite, 15w x 6-15/16d x 11-1/4h",Office Supplies,East,7,79.45,65
2011-10-14,Office Star - Ergonomic Mid Back Chair with 2-Way Adjustable Arms,Furniture,East,9,1628.82,211
2011-10-14,WD My Passport Ultra 500GB Portable External Hard Drive,Technology,East,3,177.0,219
2011-10-14,Xerox 1951,Office Supplies,Central,13,322.19,74
2011-10-14,Fellowes Bankers Box Recycled Super Stor/Drawer,Office Supplies,East,5,269.9,3
2011-10-14,Hewlett Packard 610 Color Digital Copier / Printer,Technology,Central,5,1999.96,78
2011-10-14,Avery Metallic Poly Binders,Office Supplies,East,4,22.92,133
2011-10-14,"Hoover Replacement Belts For Soft Guard & Commercial Ltweight Upright Vacs, 2/Pk",Office Supplies,Central,4,3.16,117
2011-10-14,Xerox 1903,Office Supplies,Central,4,19.14,112
2011-10-15,Executive Impressions 13' Clairmont Wall Clock,Furniture,South,1,15.38,93
2011-10-15,Global Italian Leather Office Chair,Furniture,East,2,183.37,247
2011-10-15,Xerox 1897,Office Supplies,East,2,7.97,229
2011-10-16,Logitech Illuminated - Keyboard,Technology,West,3,179.97,178
2011-10-16,Avery Non-Stick Heavy Duty View Round Locking Ring Binders,Office Supplies,West,3,14.35,61
2011-10-17,Case Logic 2.4GHz Wireless Keyboard,Technology,Central,3,119.98,184
2011-10-17,G.E. Longer-Life Indoor Recessed Floodlight Bulbs,Furniture,Central,2,5.31,193
2011-10-17,"GBC Standard Recycled Report Covers, Clear Plastic Sheets",Office Supplies,Central,5,10.78,78
2011-10-18,"White Business Envelopes with Contemporary Seam, Recycled White Business Envelopes",Office Supplies,East,6,52.51,202
2011-10-18,Xerox 1925,Office Supplies,West,2,61.96,135
2011-10-18,"Eldon Base for stackable storage shelf, platinum",Office Supplies,East,6,186.91,25
2011-10-18,Office Star Flex Back Scooter Chair with Aluminum Finish Frame,Furniture,South,6,605.34,178
2011-10-18,Avaya IP Phone 1140E VoIP phone,Technology,South,5,1394.95,172
2011-10-18,"Global Wood Trimmed Manager's Task Chair, Khaki",Furniture,South,6,545.88,43
2011-10-18,Adams 'While You Were Out' Message Pads,Office Supplies,East,4,10.05,132
2011-10-18,"Gould Plastics 18-Pocket Panel Bin, 34w x 5-1/4d x 20-1/2h",Office Supplies,South,3,275.97,69
2011-10-18,Computer Printout Index Tabs,Office Supplies,West,1,1.34,153
2011-10-19,RCA Visys Integrated PBX 8-Line Router,Technology,West,6,321.55,117
2011-10-19,Spiral Phone Message Books with Labels by Adams,Office Supplies,West,3,13.44,67
2011-10-19,Avery Durable Slant Ring Binders With Label Holder,Office Supplies,West,6,20.06,18
2011-10-19,Xerox 1917,Office Supplies,West,3,146.73,211
2011-10-19,Accohide Poly Flexible Ring Binders,Office Supplies,West,1,2.99,224
2011-10-19,Panasonic KX TS208W Corded phone,Technology,West,3,117.58,19
2011-10-19,Avery 480,Office Supplies,West,5,18.75,112
2011-10-20,Logitech Wireless Performance Mouse MX for PC and Mac,Technology,Central,4,319.97,139
2011-10-20,"Gould Plastics 9-Pocket Panel Bin, 18-3/8w x 5-1/4d x 20-1/2h, Black",Office Supplies,Central,4,211.96,46
2011-10-20,Contico 72'H Heavy-Duty Storage System,Office Supplies,South,3,98.35,0
2011-10-20,Wirebound Voice Message Log Book,Office Supplies,Central,1,3.81,89
2011-10-20,Satellite Sectional Post Binders,Office Supplies,Central,1,8.68,141
2011-10-20,"Avery 4027 File Folder Labels for Dot Matrix Printers, 5000 Labels per Box, White",Office Supplies,Central,1,24.42,63
2011-10-20,"24 Capacity Maxi Data Binder Racks, Pearl",Office Supplies,Central,3,505.32,37
2011-10-20,"Lesro Round Back Collection Coffee Table, End Table",Furniture,South,3,328.59,36
2011-10-21,"Eldon Base for stackable storage shelf, platinum",Office Supplies,South,5,194.7,125
2011-10-21,"Hon Practical Foundations 30 x 60 Training Table, Light Gray/Charcoal",Furniture,East,3,409.59,138
2011-10-21,Hon 2111 Invitation Series Straight Table,Furniture,South,4,591.32,99
2011-10-21,Plastic Binding Combs,Office Supplies,West,3,36.36,76
2011-10-21,SANFORD Liquid Accent Tank-Style Highlighters,Office Supplies,South,1,2.84,234
2011-10-21,Fellowes Superior 10 Outlet Split Surge Protector,Office Supplies,East,4,121.79,2
2011-10-22,Tenex Chairmats For Use with Hard Floors,Furniture,South,4,129.92,160
2011-10-22,Seth Thomas 14' Putty-Colored Wall Clock,Furniture,East,4,93.89,133
2011-10-24,Avery Premier Heavy-Duty Binder with Round Locking Rings,Office Supplies,West,3,34.27,177
2011-10-24,Xerox 210,Office Supplies,South,2,10.37,247
2011-10-24,Advantus Map Pennant Flags and Round Head Tacks,Office Supplies,South,3,11.85,9
2011-10-25,GBC VeloBind Cover Sets,Office Supplies,West,4,49.41,4
2011-10-25,"Memorex 25GB 6X Branded Blu-Ray Recordable Disc, 15/Pack",Technology,East,3,40.78,150
2011-10-25,"GBC Twin Loop Wire Binding Elements, 9/16' Spine, Black",Office Supplies,East,3,13.7,137
2011-10-26,Vtech CS6719,Technology,West,5,383.96,171
2011-10-26,Tenex Chairmats For Use With Carpeted Floors,Furniture,West,4,63.92,129
2011-10-27,Xerox 2,Office Supplies,South,2,10.37,12
2011-10-27,Staples,Office Supplies,South,3,11.95,167
2011-10-28,O'Sullivan Living Dimensions 2-Shelf Bookcases,Furniture,West,6,617.0,129
2011-10-28,Serrated Blade or Curved Handle Hand Letter Openers,Office Supplies,West,2,6.28,83
2011-10-28,Digium D40 VoIP phone,Technology,Central,2,257.98,64
2011-10-28,Eldon Portable Mobile Manager,Office Supplies,West,5,141.4,62
2011-10-28,Avery Non-Stick Binders,Office Supplies,West,2,7.18,100
2011-10-28,Premier Automatic Letter Opener,Office Supplies,West,2,480.74,72
2011-10-29,"Snap-A-Way Black Print Carbonless Ruled Speed Letter, Triplicate",Office Supplies,Central,2,75.88,16
2011-10-29,Maxell 4.7GB DVD+R 5/Pack,Technology,Central,2,1.98,8
2011-10-29,Apple iPhone 5S,Technology,Central,6,2735.95,202
2011-10-31,"Fellowes Twister Kit, Gray/Clear, 3/pkg",Office Supplies,West,3,19.3,142
2011-10-31,Novimex Fabric Task Chair,Furniture,West,3,146.35,151
2011-10-31,Lumber Crayons,Office Supplies,East,5,49.25,37
2011-10-31,"RSVP Cards & Envelopes, Blank White, 8-1/2' X 11', 24 Cards/25 Envelopes/Set",Office Supplies,East,2,10.16,246
2011-10-31,"Eldon Expressions Wood Desk Accessories, Oak",Furniture,East,2,14.76,162
2011-10-31,GBC Recycled VeloBinder Covers,Office Supplies,East,2,34.08,93
2011-10-31,Eldon Wave Desk Accessories,Furniture,East,3,17.67,94
2011-10-31,Hon Pagoda Stacking Chairs,Furniture,East,5,1604.9,48
2011-10-31,Chromcraft Bull-Nose Wood 48' x 96' Rectangular Conference Tables,Furniture,East,1,385.69,68
2011-10-31,Maxell LTO Ultrium - 800 GB,Technology,West,9,251.91,61
2011-10-31,Newell 325,Office Supplies,West,3,12.39,187
2011-10-31,Plantronics HL10 Handset Lifter,Technology,West,8,742.34,235
2011-10-31,"Avery Framed View Binder, EZD Ring (Locking), Navy, 1 1/2'",Office Supplies,West,2,15.97,177
2011-10-31,Xerox 1952,Office Supplies,West,13,64.74,77
2011-10-31,Motorola L804,Technology,West,2,73.58,116
2011-10-31,Staples,Office Supplies,West,3,11.34,119
2011-10-31,Hon 94000 Series Round Tables,Furniture,East,8,1421.66,202
2011-10-31,Tennsco Regal Shelving Units,Office Supplies,West,4,405.64,136
2011-10-31,"Letter/Legal File Tote with Clear Snap-On Lid, Black Granite",Office Supplies,West,5,80.3,161
2011-11-01,Southworth Parchment Paper & Envelopes,Office Supplies,Central,3,15.7,75
2011-11-01,Staples,Office Supplies,South,5,7.52,226
2011-11-01,Kensington 7 Outlet MasterPiece Power Center,Office Supplies,East,3,533.94,34
2011-11-01,Xerox 1934,Office Supplies,East,3,167.94,0
2011-11-01,Howard Miller 13' Diameter Pewter Finish Round Wall Clock,Furniture,East,2,68.7,39
2011-11-01,Newell 320,Office Supplies,South,3,10.27,63
2011-11-01,"Master Big Foot Doorstop, Beige",Furniture,East,6,31.68,149
2011-11-01,Staples,Office Supplies,West,5,21.4,59
2011-11-01,Avery 513,Office Supplies,South,12,47.81,63
2011-11-01,Plantronics Voyager Pro HD - Bluetooth Headset,Technology,West,3,155.98,92
2011-11-01,"Multi-Use Personal File Cart and Caster Set, Three Stacking Bins",Office Supplies,South,2,69.52,71
2011-11-01,"OIC #2 Pencils, Medium Soft",Office Supplies,South,3,5.64,10
2011-11-01,Fellowes Superior 10 Outlet Split Surge Protector,Office Supplies,East,2,76.12,104
2011-11-01,"Carina Mini System Audio Rack, Model AR050B",Office Supplies,West,5,443.92,228
2011-11-01,Avery 475,Office Supplies,West,3,44.4,13
2011-11-01,GBC Standard Therm-A-Bind Covers,Office Supplies,East,3,22.43,59
2011-11-01,Acco Economy Flexible Poly Round Ring Binder,Office Supplies,East,2,3.13,29
2011-11-01,Model L Table or Wall-Mount Pencil Sharpener,Office Supplies,West,3,43.18,34
2011-11-01,Cisco IP Phone 7961G VoIP phone - Dark gray,Technology,South,9,978.84,212
2011-11-01,ClearOne CHATAttach 160 - speaker phone,Technology,West,4,1983.97,164
2011-11-02,Acco D-Ring Binder w/DublLock,Office Supplies,East,3,19.24,4
2011-11-02,"Logitech B530 USB Headset - headset - Full size, Binaural",Technology,Central,3,88.78,82
2011-11-02,I Need's 3d Hello Kitty Hybrid Silicone Case Cover for HTC One X 4g with 3d Hello Kitty Stylus Pen Green/pink,Technology,East,7,50.23,122
2011-11-02,Tensor Computer Mounted Lamp,Furniture,East,6,89.34,77
2011-11-02,Polycom CX300 Desktop Phone USB VoIP phone,Technology,East,6,539.96,153
2011-11-02,"Maxell 74 Minute CD-R Spindle, 50/Pack",Technology,West,2,41.94,61
2011-11-02,Samsung Rugby III,Technology,West,1,52.79,131
2011-11-02,Avery 499,Office Supplies,East,7,34.86,88
2011-11-02,Adjustable Depth Letter/Legal Cart,Office Supplies,West,2,362.92,236
2011-11-02,AT&T CL82213,Technology,West,2,46.38,41
2011-11-02,Razer Kraken 7.1 Surround Sound Over Ear USB Gaming Headset,Technology,South,10,799.92,88
2011-11-03,Xerox 1884,Office Supplies,South,9,143.86,145
2011-11-03,Avery Durable Binders,Office Supplies,East,2,5.76,39
2011-11-03,Compact Automatic Electric Letter Opener,Office Supplies,East,3,286.34,71
2011-11-03,Tenex Antistatic Computer Chair Mats,Furniture,South,3,410.35,38
2011-11-03,Avery Self-Adhesive Photo Pockets for Polaroid Photos,Office Supplies,South,7,14.3,103
2011-11-03,Belkin F8E887 USB Wired Ergonomic Keyboard,Technology,Central,3,89.97,13
2011-11-03,Panasonic KX-TG9471B,Technology,East,4,783.96,31
2011-11-03,Hon Racetrack Conference Tables,Furniture,South,6,945.04,178
2011-11-03,Surelock Post Binders,Office Supplies,East,2,48.9,124
2011-11-03,"Acco Pressboard Covers with Storage Hooks, 14 7/8' x 11', Light Blue",Office Supplies,East,2,7.86,165
2011-11-03,Acco Perma 4000 Stacking Storage Drawers,Office Supplies,South,2,25.98,96
2011-11-03,Acme Kleen Earth Office Shears,Office Supplies,East,3,11.64,22
2011-11-03,Prang Dustless Chalk Sticks,Office Supplies,West,4,6.72,62
2011-11-03,"Ampad Evidence Wirebond Steno Books, 6' x 9'",Office Supplies,South,2,3.49,142
2011-11-04,Canon imageCLASS MF7460 Monochrome Digital Laser Multifunction Copier,Technology,East,2,3991.98,224
2011-11-04,DMI Arturo Collection Mission-style Design Wood Chair,Furniture,East,1,135.88,152
2011-11-04,"Acco Flexible ACCOHIDE Square Ring Data Binder, Dark Blue, 11 1/2' X 14' 7/8'",Office Supplies,East,4,52.06,144
2011-11-04,Panasonic Kx-TS550,Technology,East,6,275.94,224
2011-11-04,OIC Bulk Pack Metal Binder Clips,Office Supplies,South,3,8.38,238
2011-11-04,Acco 6 Outlet Guardian Premium Surge Suppressor,Office Supplies,South,5,58.24,246
2011-11-04,Hewlett-Packard Deskjet D4360 Printer,Technology,West,4,447.97,193
2011-11-04,Cardinal EasyOpen D-Ring Binders,Office Supplies,West,3,21.94,205
2011-11-04,Xerox 2000,Office Supplies,West,3,19.44,52
2011-11-04,"Bevis Round Conference Table Top, X-Base",Furniture,West,4,573.73,103
2011-11-04,Polycom SoundPoint Pro SE-225 Corded phone,Technology,West,7,666.34,103
2011-11-04,Newell 343,Office Supplies,West,1,2.94,178
2011-11-04,"Trav-L-File Heavy-Duty Shuttle II, Black",Office Supplies,East,1,43.57,38
2011-11-04,NETGEAR N750 Dual Band Wi-Fi Gigabit Router,Technology,East,4,360.0,178
2011-11-04,Executive Impressions 12' Wall Clock,Furniture,West,2,35.34,197
2011-11-05,"Global Stack Chair with Arms, Black",Furniture,South,5,149.9,133
2011-11-05,OIC Stacking Trays,Furniture,West,6,20.04,66
2011-11-05,Sony 16GB Class 10 Micro SDHC R40 Memory Card,Technology,East,5,51.56,134
2011-11-05,Maxell 4.7GB DVD-RW 3/Pack,Technology,South,3,47.79,178
2011-11-05,Tennsco Double-Tier Lockers,Office Supplies,East,6,1080.1,199
2011-11-05,Wilson Jones Legal Size Ring Binders,Office Supplies,East,2,13.19,41
2011-11-05,Tenex Antistatic Computer Chair Mats,Furniture,East,2,273.57,191
2011-11-05,Memorex Micro Travel Drive 32 GB,Technology,East,2,58.42,243
2011-11-06,"Array Parchment Paper, Assorted Colors",Office Supplies,South,6,43.68,14
2011-11-07,"ACCOHIDE 3-Ring Binder, Blue, 1'",Office Supplies,Central,3,12.39,110
2011-11-07,X-Rack File for Hanging Folders,Office Supplies,Central,2,22.58,156
2011-11-07,Portable Personal File Box,Office Supplies,Central,3,36.63,32
2011-11-07,Belkin 8 Outlet Surge Protector,Office Supplies,Central,6,245.88,243
2011-11-07,Acme Stainless Steel Office Snips,Office Supplies,Central,7,40.71,221
2011-11-07,Riverleaf Stik-Withit Designer Note Cubes,Office Supplies,East,3,30.18,230
2011-11-07,Binder Clips by OIC,Office Supplies,East,4,5.92,154
2011-11-07,"Hon Deluxe Fabric Upholstered Stacking Chairs, Squared Back",Furniture,Central,4,683.14,163
2011-11-07,Wilson Jones Legal Size Ring Binders,Office Supplies,West,7,123.14,156
2011-11-07,Xerox 1995,Office Supplies,West,5,25.92,37
2011-11-07,Staples,Office Supplies,Central,3,74.35,184
2011-11-07,Satellite Sectional Post Binders,Office Supplies,Central,3,26.05,96
2011-11-07,Panasonic KP-150 Electric Pencil Sharpener,Office Supplies,West,4,120.77,228
2011-11-07,"Avery Triangle Shaped Sheet Lifters, Black, 2/Pack",Office Supplies,Central,3,1.48,154
2011-11-08,Toshiba IPT2010-SD IP Telephone,Technology,West,3,333.58,182
2011-11-09,SAFCO Boltless Steel Shelving,Office Supplies,West,3,340.92,32
2011-11-09,"Sauder Mission Library with Doors, Fruitwood Finish",Furniture,West,2,222.67,195
2011-11-09,Samsung Galaxy Note 3,Technology,West,4,703.97,85
2011-11-09,Xerox 1912,Office Supplies,West,5,94.85,65
2011-11-09,"Eldon 200 Class Desk Accessories, Black",Furniture,East,9,56.52,9
2011-11-09,"Decoflex Hanging Personal Folder File, Blue",Office Supplies,West,6,92.52,4
2011-11-09,"Recycled Desk Saver Line 'While You Were Out' Book, 5 1/2' X 4'",Office Supplies,West,7,62.65,122
2011-11-10,Luxo Economy Swing Arm Lamp,Furniture,West,2,39.88,73
2011-11-10,Xerox 199,Office Supplies,Central,3,12.84,96
2011-11-10,"Avery Hi-Liter Comfort Grip Fluorescent Highlighter, Yellow Ink",Office Supplies,Central,2,3.9,117
2011-11-10,Xerox 4200 Series MultiUse Premium Copy Paper (20Lb. and 84 Bright),Office Supplies,Central,3,15.84,37
2011-11-10,Hon Every-Day Series Multi-Task Chairs,Furniture,Central,3,563.94,140
2011-11-10,Acco Perma 3000 Stacking Storage Drawers,Office Supplies,Central,3,62.94,158
2011-11-10,"Hot File 7-Pocket, Floor Stand",Office Supplies,Central,3,535.41,46
2011-11-10,"Southworth 100% Résumé Paper, 24lb.",Office Supplies,West,8,62.24,227
2011-11-10,Avery White Multi-Purpose Labels,Office Supplies,West,8,39.84,108
2011-11-10,Jabra SPEAK 410,Technology,West,8,601.54,215
2011-11-10,"Eldon Expressions Punched Metal & Wood Desk Accessories, Pewter & Cherry",Furniture,West,5,53.2,179
2011-11-10,Memorex Froggy Flash Drive 4 GB,Technology,West,1,10.99,183
2011-11-11,Xerox 1882,Office Supplies,East,4,223.92,14
2011-11-11,Samsung Galaxy S III - 16GB - pebble blue (T-Mobile),Technology,West,2,559.98,156
2011-11-11,"Global Airflow Leather Mesh Back Chair, Black",Furniture,West,5,603.92,135
2011-11-11,50 Colored Long Pencils,Office Supplies,West,3,30.48,4
2011-11-11,"Wirebound Message Book, 4 per Page",Office Supplies,Central,5,21.72,156
2011-11-11,Global Commerce Series High-Back Swivel/Tilt Chairs,Furniture,Central,4,797.94,46
2011-11-11,Mophie Juice Pack Helium for iPhone,Technology,West,9,575.93,67
2011-11-11,"Commercial WindTunnel Clean Air Upright Vacuum, Replacement Belts, Filtration Bags",Office Supplies,West,2,7.78,75
2011-11-11,"Universal Recycled Hanging Pressboard Report Binders, Letter Size",Office Supplies,Central,1,1.23,172
2011-11-11,"Atlantic Metals Mobile 3-Shelf Bookcases, Custom Colors",Furniture,East,4,521.96,129
2011-11-11,Fellowes PB500 Electric Punch Plastic Comb Binding Machine with Manual Bind,Office Supplies,West,2,2033.58,154
2011-11-11,Xerox 1979,Office Supplies,West,4,123.92,94
2011-11-11,"Boston Electric Pencil Sharpener, Model 1818, Charcoal Black",Office Supplies,Central,3,67.56,114
2011-11-11,Belkin Standard 104 key USB Keyboard,Technology,West,7,102.13,242
2011-11-11,Belkin F5C206VTEL 6 Outlet Surge,Office Supplies,West,1,22.98,163
2011-11-11,Hon Olson Stacker Stools,Furniture,West,1,112.65,35
2011-11-11,"BIC Brite Liner Grip Highlighters, Assorted, 5/Pack",Office Supplies,West,1,3.39,25
2011-11-11,DAX Wood Document Frame.,Furniture,Central,2,10.98,42
2011-11-11,Geemarc AmpliPOWER60,Technology,Central,2,148.48,26
2011-11-11,"GE 4 Foot Flourescent Tube, 40 Watt",Furniture,East,2,23.97,68
2011-11-11,Xerox 1893,Office Supplies,Central,8,262.34,147
2011-11-11,"Wirebound Message Books, Four 2 3/4' x 5' Forms per Page, 600 Sets per Book",Office Supplies,East,5,46.35,10
2011-11-11,"Stur-D-Stor Shelving, Vertical 5-Shelf: 72'H x 36'W x 18 1/2'D",Office Supplies,Central,6,665.88,73
2011-11-11,Acme Value Line Scissors,Office Supplies,East,2,7.3,103
2011-11-11,Classic Ivory Antique Telephone ZL1810,Technology,Central,3,241.18,37
2011-11-11,GBC DocuBind TL300 Electric Binding System,Office Supplies,Central,5,896.99,133
2011-11-12,Logitech G602 Wireless Gaming Mouse,Technology,Central,2,127.98,199
2011-11-12,"GE General Use Halogen Bulbs, 100 Watts, 1 Bulb per Pack",Furniture,Central,3,25.13,22
2011-11-12,Acco Side-Punched Conventional Columnar Pads,Office Supplies,Central,6,16.66,46
2011-11-12,Newell 350,Office Supplies,South,3,7.87,89
2011-11-12,Imation 16GB Mini TravelDrive USB 2.0 Flash Drive,Technology,Central,3,79.51,45
2011-11-12,Avery Fluorescent Highlighter Four-Color Set,Office Supplies,Central,1,2.67,106
2011-11-12,"Personal Filing Tote with Lid, Black/Gray",Office Supplies,Central,4,49.63,139
2011-11-12,Bestar Classic Bookcase,Furniture,Central,1,67.99,217
2011-11-12,Xerox 1974,Office Supplies,West,2,11.96,140
2011-11-12,Bevis Boat-Shaped Conference Table,Furniture,West,3,629.06,103
2011-11-12,Xerox 216,Office Supplies,Central,7,36.29,189
2011-11-14,Avery Durable Binders,Office Supplies,Central,4,11.52,209
2011-11-14,Xerox 221,Office Supplies,Central,4,20.74,216
2011-11-14,"Adams Write n' Stick Phone Message Book, 11' X 5 1/4', 200 Messages",Office Supplies,East,2,11.36,224
2011-11-14,Acco 3-Hole Punch,Office Supplies,East,10,43.8,110
2011-11-14,Polycom SoundPoint Pro SE-225 Corded phone,Technology,East,7,832.93,103
2011-11-14,Storex DuraTech Recycled Plastic Frosted Binders,Office Supplies,Central,3,12.72,59
2011-11-14,"Safco Chair Connectors, 6/Carton",Furniture,East,2,69.26,170
2011-11-14,Xerox 192,Office Supplies,South,5,32.4,203
2011-11-15,Eldon 100 Class Desk Accessories,Furniture,West,3,10.11,235
2011-11-15,Ames Color-File Green Diamond Border X-ray Mailers,Office Supplies,Central,9,604.66,99
2011-11-15,"Southworth 100% Résumé Paper, 24lb.",Office Supplies,South,4,24.9,239
2011-11-15,Newell 310,Office Supplies,South,3,4.22,67
2011-11-15,1.7 Cubic Foot Compact 'Cube' Office Refrigerators,Office Supplies,South,2,333.06,132
2011-11-15,Acme Value Line Scissors,Office Supplies,West,3,10.95,119
2011-11-15,Logitech P710e Mobile Speakerphone,Technology,West,3,772.47,36
2011-11-15,Acme Box Cutter Scissors,Office Supplies,West,2,20.46,71
2011-11-16,SAFCO Optional Arm Kit for Workspace Cribbage Stacking Chair,Furniture,Central,2,37.3,126
2011-11-16,Wilson Jones Active Use Binders,Office Supplies,Central,4,29.12,105
2011-11-16,"File Shuttle II and Handi-File, Black",Office Supplies,Central,5,169.45,240
2011-11-16,Xerox 1954,Office Supplies,Central,6,31.68,91
2011-11-16,Jawbone MINI JAMBOX Wireless Bluetooth Speaker,Technology,Central,2,273.96,30
2011-11-16,Space Solutions HD Industrial Steel Shelving.,Office Supplies,West,3,344.91,121
2011-11-16,"#10 White Business Envelopes,4 1/8 x 9 1/2",Office Supplies,Central,5,78.35,136
2011-11-16,OtterBox Commuter Series Case - Samsung Galaxy S4,Technology,West,4,79.97,245
2011-11-16,Permanent Self-Adhesive File Folder Labels for Typewriters by Universal,Office Supplies,West,2,5.22,50
2011-11-16,"Bush Andora Bookcase, Maple/Graphite Gray Finish",Furniture,West,3,305.97,28
2011-11-17,Southworth 100% Cotton The Best Paper,Office Supplies,East,3,34.44,205
2011-11-17,Global Super Steno Chair,Furniture,Central,5,479.9,39
2011-11-17,"Southworth 100% Résumé Paper, 24lb.",Office Supplies,East,2,12.45,40
2011-11-17,DMI Eclipse Executive Suite Bookcases,Furniture,East,10,4007.84,213
2011-11-17,Hon Every-Day Series Multi-Task Chairs,Furniture,East,5,657.93,10
2011-11-17,Eldon Econocleat Chair Mats for Low Pile Carpets,Furniture,East,3,124.41,150
2011-11-17,GBC DocuBind TL300 Electric Binding System,Office Supplies,East,3,2152.78,0
2011-11-17,Deluxe Chalkboard Eraser Cleaner,Office Supplies,East,5,57.75,45
2011-11-17,APC 7 Outlet Network SurgeArrest Surge Protector,Office Supplies,West,3,241.44,100
2011-11-17,Smead Adjustable Mobile File Trolley with Lockable Top,Office Supplies,East,7,2934.33,148
2011-11-17,"Redi-Strip #10 Envelopes, 4 1/8 x 9 1/2",Office Supplies,Central,3,7.08,89
2011-11-17,Xerox 1941,Office Supplies,West,7,733.95,109
2011-11-17,Case Logic 2.4GHz Wireless Keyboard,Technology,West,2,99.98,163
2011-11-18,Dana Swing-Arm Lamps,Furniture,Central,2,8.54,181
2011-11-18,Fellowes PB200 Plastic Comb Binding Machine,Office Supplies,East,1,51.0,214
2011-11-18,PNY Rapid USB Car Charger - Black,Technology,East,2,9.59,56
2011-11-18,Hon 4-Shelf Metal Bookcases,Furniture,Central,6,424.12,0
2011-11-18,Pressboard Hanging Data Binders for Unburst Sheets,Office Supplies,East,8,11.81,62
2011-11-18,Office Star - Mesh Screen back chair with Vinyl seat,Furniture,Central,3,392.94,181
2011-11-18,"Geographics Note Cards, Blank, White, 8 1/2' x 11'",Office Supplies,West,4,35.81,54
2011-11-18,"GBC White Gloss Covers, Plain Front",Office Supplies,Central,5,14.48,114
2011-11-18,Peel & Stick Add-On Corner Pockets,Office Supplies,East,3,1.94,167
2011-11-18,Fellowes Desktop Hanging File Manager,Office Supplies,Central,5,67.15,142
2011-11-18,"Lesro Round Back Collection Coffee Table, End Table",Furniture,West,4,730.2,148
2011-11-18,Howard Miller 13-1/2' Diameter Rosebrook Wall Clock,Furniture,West,2,137.54,174
2011-11-18,Motorola Droid Maxx,Technology,East,6,539.96,200
2011-11-18,Bevis Rectangular Conference Tables,Furniture,West,2,145.98,52
2011-11-18,Fellowes Stor/Drawer Steel Plus Storage Drawers,Office Supplies,Central,5,381.72,136
2011-11-18,Safco Industrial Wire Shelving,Office Supplies,East,1,76.79,201
2011-11-18,BPI Conference Tables,Furniture,Central,4,292.1,179
2011-11-18,Adams 'While You Were Out' Message Pads,Office Supplies,West,7,21.98,56
2011-11-18,Wilson Jones Turn Tabs Binder Tool for Ring Binders,Office Supplies,Central,3,2.89,116
2011-11-18,"Eldon Executive Woodline II Desk Accessories, Mahogany",Furniture,East,3,60.31,153
2011-11-19,"Premier Elliptical Ring Binder, Black",Office Supplies,East,7,213.08,168
2011-11-19,Logitech G105 Gaming Keyboard,Technology,East,1,47.5,34
2011-11-19,Sauder Inglewood Library Bookcases,Furniture,East,6,1025.88,62
2011-11-19,Nokia Lumia 521 (T-Mobile),Technology,South,5,149.95,243
2011-11-19,HP Standard 104 key PS/2 Keyboard,Technology,South,2,29.0,24
2011-11-19,AT&T TR1909W,Technology,South,4,503.96,89
2011-11-19,Recycled Steel Personal File for Standard File Folders,Office Supplies,Central,4,221.16,74
2011-11-19,Apple iPhone 5,Technology,East,7,4548.81,37
2011-11-19,"1/4 Fold Party Design Invitations & White Envelopes, 24 8-1/2' X 11' Cards, 25 Env./Pack",Office Supplies,East,1,5.88,129
2011-11-19,Avery 499,Office Supplies,East,2,9.96,134
2011-11-19,Xerox 1888,Office Supplies,West,3,166.44,209
2011-11-19,Jabra SPEAK 410,Technology,Central,3,281.97,218
2011-11-19,Avery 480,Office Supplies,East,6,22.5,161
2011-11-20,"Peel & Seel Recycled Catalog Envelopes, Brown",Office Supplies,East,3,34.74,90
2011-11-20,Xerox 2000,Office Supplies,East,4,25.92,16
2011-11-20,Toshiba IPT2010-SD IP Telephone,Technology,East,6,833.94,127
2011-11-20,3M Organizer Strips,Office Supplies,East,3,12.96,170
2011-11-21,"Logitech B530 USB Headset - headset - Full size, Binaural",Technology,South,1,36.99,186
2011-11-21,Space Solutions Commercial Steel Shelving,Office Supplies,South,3,193.95,107
2011-11-21,Kensington Expert Mouse Optical USB Trackball for PC or Mac,Technology,West,1,94.99,178
2011-11-21,Multicolor Computer Printout Paper,Office Supplies,South,6,629.1,181
2011-11-21,Newell 322,Office Supplies,South,3,5.46,151
2011-11-21,Tops Wirebound Message Log Books,Office Supplies,West,2,6.58,24
2011-11-21,Xerox 211,Office Supplies,West,2,12.96,198
2011-11-21,RCA Visys Integrated PBX 8-Line Router,Technology,Central,5,267.96,179
2011-11-21,Poly String Tie Envelopes,Office Supplies,Central,1,1.63,197
2011-11-22,Holmes Harmony HEPA Air Purifier for 17 x 20 Room,Office Supplies,South,3,675.12,244
2011-11-22,Staples,Office Supplies,South,2,11.36,87
2011-11-22,GBC ProClick Punch Binding System,Office Supplies,South,5,319.9,160
2011-11-22,Fashion Color Clasp Envelopes,Office Supplies,South,3,16.23,176
2011-11-22,Xerox 1895,Office Supplies,West,9,53.82,28
2011-11-22,Wilson Jones Heavy-Duty Casebound Ring Binders with Metal Hinges,Office Supplies,Central,1,6.93,62
2011-11-22,Hammermill CopyPlus Copy Paper (20Lb. and 84 Bright),Office Supplies,South,2,9.96,234
2011-11-22,"Avery Framed View Binder, EZD Ring (Locking), Navy, 1 1/2'",Office Supplies,Central,5,9.98,149
2011-11-23,Alphabetical Labels for Top Tab Filing,Office Supplies,Central,2,23.68,153
2011-11-23,Office Star Flex Back Scooter Chair with White Frame,Furniture,Central,2,155.37,155
2011-11-23,Quality Park Security Envelopes,Office Supplies,East,3,62.81,113
2011-11-23,"Conquest 14 Commercial Heavy-Duty Upright Vacuum, Collection System, Accessory Kit",Office Supplies,Central,3,34.18,212
2011-11-23,Staples,Furniture,Central,2,6.37,48
2011-11-23,Staples,Office Supplies,West,3,23.47,198
2011-11-23,Novimex Swivel Fabric Task Chair,Furniture,West,5,603.92,80
2011-11-23,Belkin F8E887 USB Wired Ergonomic Keyboard,Technology,West,1,29.99,83
2011-11-23,Safco Contoured Stacking Chairs,Furniture,West,2,381.44,104
2011-11-23,Maxell 4.7GB DVD-R 5/Pack,Technology,Central,7,5.54,176
2011-11-23,UniKeep View Case Binders,Office Supplies,Central,3,14.67,147
2011-11-23,Pastel Pink Envelopes,Office Supplies,West,3,21.84,117
2011-11-24,Memorex Mini Travel Drive 16 GB USB 2.0 Flash Drive,Technology,Central,7,111.79,85
2011-11-24,Global Executive Mid-Back Manager's Chair,Furniture,East,3,611.06,219
2011-11-24,Samsung Galaxy S III - 16GB - pebble blue (T-Mobile),Technology,East,5,1049.97,62
2011-11-24,"Global Leather & Oak Executive Chair, Burgundy",Furniture,West,1,120.71,188
2011-11-24,Xerox 220,Office Supplies,West,4,25.92,103
2011-11-24,Fellowes Super Stor/Drawer Files,Office Supplies,Central,5,646.2,48
2011-11-24,Crayola Colored Pencils,Office Supplies,East,1,2.62,70
2011-11-24,"Dot Matrix Printer Tape Reel Labels, White, 5000/Box",Office Supplies,Central,2,196.62,0
2011-11-24,Xerox 1885,Office Supplies,Central,3,144.12,223
2011-11-24,"Eldon Delta Triangular Chair Mat, 52' x 58', Clear",Furniture,West,4,151.72,140
2011-11-24,"Adams Telephone Message Book w/Frequently-Called Numbers Space, 400 Messages per Book",Office Supplies,Central,2,15.96,221
2011-11-24,Acco Expandable Hanging Binders,Office Supplies,East,3,5.74,214
2011-11-24,Executive Impressions 14',Furniture,South,5,111.15,178
2011-11-24,"Recycled Data-Pak for Archival Bound Computer Printouts, 12-1/2 x 12-1/2 x 16",Office Supplies,West,2,197.58,122
2011-11-24,Carina 42'Hx23 3/4'W Media Storage Unit,Office Supplies,West,6,485.88,183
2011-11-24,Peel & Stick Add-On Corner Pockets,Office Supplies,West,7,12.1,210
2011-11-24,Samsung Galaxy S4,Technology,East,4,1502.38,61
2011-11-24,"Hunt PowerHouse Electric Pencil Sharpener, Blue",Office Supplies,Central,4,151.92,31
2011-11-24,"Eldon 200 Class Desk Accessories, Burgundy",Furniture,East,7,35.17,157
2011-11-25,Dixon Ticonderoga Core-Lock Colored Pencils,Office Supplies,West,7,51.02,28
2011-11-25,"Master Caster Door Stop, Brown",Furniture,Central,3,6.1,48
2011-11-25,Avery 520,Office Supplies,Central,1,2.52,172
2011-11-25,Staples,Furniture,West,3,23.88,220
2011-11-25,"Wirebound Message Books, Four 2 3/4 x 5 White Forms per Page",Office Supplies,West,4,26.76,29
2011-11-25,Bretford CR4500 Series Slim Rectangular Table,Furniture,Central,5,1218.73,143
2011-11-25,Avery 52,Office Supplies,Central,2,5.9,167
2011-11-25,Southworth 25% Cotton Granite Paper & Envelopes,Office Supplies,Central,3,15.7,18
2011-11-25,Staples,Office Supplies,West,3,7.44,17
2011-11-25,Logitech Mobile Speakerphone P710e - speaker phone,Technology,West,5,539.92,0
2011-11-25,"Tennsco Snap-Together Open Shelving Units, Starter Sets and Add-On Units",Office Supplies,East,4,1117.92,77
2011-11-25,"Sauder Camden County Collection Libraries, Planked Cherry Finish",Furniture,East,3,275.95,114
2011-11-25,KeyTronic KT400U2 - Keyboard - Black,Technology,Central,3,24.67,174
2011-11-25,Belkin F9G930V10-GRY 9 Outlet Surge,Office Supplies,West,6,320.88,241
2011-11-25,Hon GuestStacker Chair,Furniture,West,4,725.34,193
2011-11-25,DAX Black Cherry Wood-Tone Poster Frame,Furniture,East,2,52.96,245
2011-11-26,Avery File Folder Labels,Office Supplies,East,4,11.52,219
2011-11-26,Xerox 1893,Office Supplies,West,2,81.98,112
2011-11-26,Office Impressions Heavy Duty Welded Shelving & Multimedia Storage Drawers,Office Supplies,West,5,669.08,113
2011-11-26,Xerox 2,Office Supplies,West,3,15.55,221
2011-11-26,Wilson Jones Easy Flow II Sheet Lifters,Office Supplies,West,3,4.32,165
2011-11-26,Xerox 1970,Office Supplies,West,3,14.94,178
2011-11-26,Fellowes Mighty 8 Compact Surge Protector,Office Supplies,West,2,40.54,62
2011-11-26,SpineVue Locking Slant-D Ring Binders by Cardinal,Office Supplies,West,1,7.31,131
2011-11-26,Jawbone MINI JAMBOX Wireless Bluetooth Speaker,Technology,West,4,438.34,128
2011-11-26,"Eldon Expressions Desk Accessory, Wood Pencil Holder, Oak",Furniture,Central,5,19.3,7
2011-11-26,ClearSounds CSC500 Amplified Spirit Phone Corded phone,Technology,East,4,279.96,156
2011-11-26,"Avery Address/Shipping Labels for Typewriters, 4' x 2'",Office Supplies,East,9,93.15,54
2011-11-26,Pressboard Data Binders by Wilson Jones,Office Supplies,East,4,17.09,102
2011-11-26,"Acco PRESSTEX Data Binder with Storage Hooks, Dark Blue, 14 7/8' X 11'",Office Supplies,East,3,12.91,130
2011-11-27,Eldon Radial Chair Mat for Low to Medium Pile Carpets,Furniture,East,5,199.9,31
2011-11-27,Staples,Office Supplies,East,2,3.76,9
2011-11-28,StarTech.com 10/100 VDSL2 Ethernet Extender Kit,Technology,Central,5,998.85,201
2011-11-28,Acco 6 Outlet Guardian Premium Surge Suppressor,Office Supplies,West,3,43.68,210
2011-11-28,"GBC Twin Loop Wire Binding Elements, 9/16' Spine, Black",Office Supplies,South,3,45.66,109
2011-11-28,Micropad Numeric Keypads,Technology,West,7,139.93,161
2011-11-28,Crayola Colored Pencils,Office Supplies,South,4,13.12,123
2011-11-28,Staples,Office Supplies,West,2,7.36,224
2011-11-28,"GBC Standard Recycled Report Covers, Clear Plastic Sheets",Office Supplies,East,2,17.25,86
2011-11-28,Avery 489,Office Supplies,West,4,41.4,54
2011-11-28,Laser & Ink Jet Business Envelopes,Office Supplies,Central,6,64.02,219
2011-11-28,Newell 331,Office Supplies,South,3,14.67,31
2011-11-28,"Sauder Camden County Barrister Bookcase, Planked Cherry Finish",Furniture,West,4,411.33,177
2011-11-28,Eldon Cleatmat Plus Chair Mats for High Pile Carpets,Furniture,South,5,397.6,134
2011-11-28,Xerox 1933,Office Supplies,South,7,85.96,92
2011-11-29,Wilson SignalBoost 841262 DB PRO Amplifier Kit,Technology,West,2,575.92,7
2011-11-29,Staples,Office Supplies,West,5,30.4,64
2011-11-29,Avery 488,Office Supplies,East,2,5.04,56
2011-11-29,Avery 485,Office Supplies,East,2,25.06,246
2011-11-29,Staples,Office Supplies,Central,2,12.62,66
2011-11-30,"Avery Triangle Shaped Sheet Lifters, Black, 2/Pack",Office Supplies,South,9,6.64,215
2011-11-30,"Memorex 25GB 6X Branded Blu-Ray Recordable Disc, 30/Pack",Technology,West,4,102.24,214
2011-11-30,Acme Office Executive Series Stainless Steel Trimmers,Office Supplies,West,7,47.99,186
2011-11-30,Park Ridge Embossed Executive Business Envelopes,Office Supplies,East,4,62.28,71
2011-12-01,Hon Multipurpose Stacking Arm Chairs,Furniture,East,6,909.72,53
2011-12-01,Xerox 214,Office Supplies,East,7,36.29,248
2011-12-01,"Linden 10' Round Wall Clock, Black",Furniture,East,3,45.84,238
2011-12-01,"Hunt BOSTON Vista Battery-Operated Pencil Sharpener, Black",Office Supplies,Central,4,46.64,228
2011-12-01,Sharp 1540cs Digital Laser Copier,Technology,East,2,659.99,66
2011-12-01,Hon 4070 Series Pagoda Round Back Stacking Chairs,Furniture,Central,3,674.06,50
2011-12-01,"BlueLounge Milo Smartphone Stand, White/Metallic",Technology,South,4,95.97,96
2011-12-01,"Floodlight Indoor Halogen Bulbs, 1 Bulb per Pack, 60 Watts",Furniture,West,3,58.2,91
2011-12-01,Ultra Door Push Plate,Furniture,East,2,9.82,238
2011-12-01,Office Star - Professional Matrix Back Chair with 2-to-1 Synchro Tilt and Mesh Fabric Seat,Furniture,Central,8,2807.84,7
2011-12-01,"Master Caster Door Stop, Brown",Furniture,East,2,8.13,161
2011-12-01,Cisco IP Phone 7961G VoIP phone - Dark gray,Technology,East,2,271.9,34
2011-12-02,Xerox 1942,Office Supplies,East,3,146.82,95
2011-12-02,O'Sullivan Living Dimensions 5-Shelf Bookcases,Furniture,East,5,883.92,87
2011-12-02,Logitech 910-002974 M325 Wireless Mouse for Web Scrolling,Technology,East,4,119.96,77
2011-12-02,"Angle-D Binders with Locking Rings, Label Holders",Office Supplies,East,8,46.72,31
2011-12-02,"RSVP Cards & Envelopes, Blank White, 8-1/2' X 11', 24 Cards/25 Envelopes/Set",Office Supplies,South,3,15.24,119
2011-12-02,"Global Stack Chair with Arms, Black",Furniture,East,8,239.84,45
2011-12-02,Staples,Office Supplies,Central,1,2.39,234
2011-12-02,"Deflect-o SuperTray Unbreakable Stackable Tray, Letter, Black",Furniture,Central,5,58.36,143
2011-12-02,Kingston Digital DataTraveler 8GB USB 2.0,Technology,South,1,5.95,195
2011-12-02,Imation 32GB Pocket Pro USB 3.0 Flash Drive - 32 GB - Black - 1 P ...,Technology,East,5,119.8,243
2011-12-02,"DAX Metal Frame, Desktop, Stepped-Edge",Furniture,East,3,60.72,164
2011-12-02,Avery 509,Office Supplies,East,6,15.66,181
2011-12-02,12-1/2 Diameter Round Wall Clock,Furniture,Central,5,39.96,212
2011-12-02,Newell 343,Office Supplies,Central,7,16.46,141
2011-12-03,Jabra Supreme Plus Driver Edition Headset,Technology,Central,4,479.96,222
2011-12-03,Xerox 214,Office Supplies,Central,4,25.92,54
2011-12-04,Plantronics Voyager Pro HD - Bluetooth Headset,Technology,East,2,129.98,175
2011-12-05,Advantus Plastic Paper Clips,Office Supplies,West,3,15.0,209
2011-12-05,Panasonic KX T7736-B Digital phone,Technology,East,2,179.94,6
2011-12-05,Fellowes 8 Outlet Superior Workstation Surge Protector,Office Supplies,West,6,250.26,73
2011-12-05,Prang Colored Pencils,Office Supplies,West,9,26.46,6
2011-12-05,Xerox 1933,Office Supplies,West,4,49.12,160
2011-12-05,netTALK DUO VoIP Telephone Service,Technology,West,4,167.97,150
2011-12-05,"Hunt BOSTON Model 1606 High-Volume Electric Pencil Sharpener, Beige",Office Supplies,West,8,1113.02,84
2011-12-05,"Tenex File Box, Personal Filing Tote with Lid, Black",Office Supplies,Central,2,24.82,146
2011-12-05,Cameo Buff Policy Envelopes,Office Supplies,East,7,348.49,111
2011-12-05,Fellowes Bankers Box Recycled Super Stor/Drawer,Office Supplies,East,4,172.74,124
2011-12-05,Large Capacity Hanging Post Binders,Office Supplies,East,4,29.94,146
2011-12-05,Recycled Eldon Regeneration Jumbo File,Office Supplies,South,2,24.56,35
2011-12-05,Lunatik TT5L-002 Taktik Strike Impact Protection System for iPhone 5,Technology,East,1,36.74,28
2011-12-05,Xerox 1893,Office Supplies,East,3,98.38,187
2011-12-05,Black Print Carbonless 8 1/2' x 8 1/4' Rapid Memo Book,Office Supplies,East,3,17.47,81
2011-12-05,Imation Secure+ Hardware Encrypted USB 2.0 Flash Drive; 16GB,Technology,Central,7,408.74,1
2011-12-06,Xerox 1909,Office Supplies,South,2,42.21,128
2011-12-06,Rogers Deluxe File Chest,Office Supplies,Central,2,35.17,46
2011-12-06,12-1/2 Diameter Round Wall Clock,Furniture,Central,3,23.98,196
2011-12-06,Standard Rollaway File with Lock,Office Supplies,West,7,1261.33,147
2011-12-06,File Shuttle I and Handi-File,Office Supplies,West,3,53.42,10
2011-12-06,Chromcraft Bull-Nose Wood 48' x 96' Rectangular Conference Tables,Furniture,West,1,275.49,233
2011-12-06,Nu-Dell Float Frame 11 x 14 1/2,Furniture,Central,3,10.78,129
2011-12-06,KI Adjustable-Height Table,Furniture,Central,5,214.95,194
2011-12-06,Bionaire 99.97% HEPA Air Cleaner,Office Supplies,Central,4,14.02,214
2011-12-06,Ibico Covers for Plastic or Wire Binding Elements,Office Supplies,Central,2,4.6,118
2011-12-06,Shocksock Galaxy S4 Armband,Technology,Central,4,35.04,139
2011-12-07,Advantus Rolling Drawer Organizers,Office Supplies,West,7,269.36,19
2011-12-07,Newell 32,Office Supplies,West,3,8.64,4
2011-12-07,Green Bar Computer Printout Paper,Office Supplies,West,3,164.88,36
2011-12-07,Xerox 1909,Office Supplies,South,4,105.52,165
2011-12-08,Xerox 1964,Office Supplies,West,2,45.68,221
2011-12-08,"Acco PRESSTEX Data Binder with Storage Hooks, Dark Blue, 9 1/2' X 11'",Office Supplies,West,4,6.46,136
2011-12-08,Adjustable Personal File Tote,Office Supplies,West,3,39.07,225
2011-12-08,Samsung HM1900 Bluetooth Headset,Technology,West,3,52.68,52
2011-12-08,Acco Side-Punched Conventional Columnar Pads,Office Supplies,West,5,13.88,171
2011-12-08,SanDisk Ultra 16 GB MicroSDHC Class 10 Memory Card,Technology,West,10,103.92,98
2011-12-08,Avery 499,Office Supplies,West,7,27.89,243
2011-12-08,Luxo Economy Swing Arm Lamp,Furniture,West,2,39.88,249
2011-12-08,Xerox 232,Office Supplies,West,2,10.37,85
2011-12-08,Avery 492,Office Supplies,West,5,11.52,107
2011-12-08,DMI Arturo Collection Mission-style Design Wood Chair,Furniture,West,5,603.92,23
2011-12-08,DAX Natural Wood-Tone Poster Frame,Furniture,West,3,79.44,80
2011-12-08,"Companion Letter/Legal File, Black",Office Supplies,Central,2,60.42,201
2011-12-09,Acco Perma 3000 Stacking Storage Drawers,Office Supplies,West,6,100.7,157
2011-12-09,Globe Weis Peel & Seel First Class Envelopes,Office Supplies,East,3,30.67,119
2011-12-09,Canon PC940 Copier,Technology,East,4,1079.98,58
2011-12-09,"Recycled Data-Pak for Archival Bound Computer Printouts, 12-1/2 x 12-1/2 x 16",Office Supplies,Central,3,237.1,237
2011-12-09,Astroparche Fine Business Paper,Office Supplies,Central,2,8.45,214
2011-12-09,Tripp Lite TLP810NET Broadband Surge for Modem/Fax,Office Supplies,Central,2,20.39,127
2011-12-09,Xerox 195,Office Supplies,Central,2,10.69,223
2011-12-09,Xerox 1987,Office Supplies,West,6,34.68,208
2011-12-10,Office Star - Contemporary Swivel Chair with Padded Adjustable Arms and Flex Back,Furniture,West,3,338.35,113
2011-12-10,Xerox 1931,Office Supplies,West,4,25.92,114
2011-12-10,"Adams Write n' Stick Phone Message Book, 11' X 5 1/4', 200 Messages",Office Supplies,East,2,11.36,208
2011-12-10,Poly Designer Cover & Back,Office Supplies,East,7,106.34,13
2011-12-10,"Xerox Color Copier Paper, 11' x 17', Ream",Office Supplies,West,4,91.36,8
2011-12-12,Staples,Office Supplies,South,3,23.47,39
2011-12-12,GBC DocuBind 300 Electric Binding Machine,Office Supplies,Central,2,210.39,193
2011-12-12,Hon Non-Folding Utility Tables,Furniture,West,6,764.69,236
2011-12-12,Woodgrain Magazine Files by Perma,Office Supplies,West,3,8.94,24
2011-12-12,Bretford Rectangular Conference Table Tops,Furniture,West,12,3610.85,102
2011-12-12,Bestar Classic Bookcase,Furniture,West,3,254.97,200
2011-12-12,Eldon Advantage Chair Mats for Low to Medium Pile Carpets,Furniture,West,1,43.31,245
2011-12-12,"Eldon Image Series Desk Accessories, Burgundy",Furniture,West,3,12.54,21
2011-12-12,Longer-Life Soft White Bulbs,Furniture,West,3,9.24,234
2011-12-13,"Electrix Incandescent Magnifying Lamp, Black",Furniture,West,3,87.96,237
2011-12-13,Acme Value Line Scissors,Office Supplies,Central,1,2.92,3
2011-12-13,White GlueTop Scratch Pads,Office Supplies,West,6,90.24,153
2011-12-13,"Cardinal Slant-D Ring Binder, Heavy Gauge Vinyl",Office Supplies,West,2,5.21,185
2011-12-13,Howard Miller 12-3/4 Diameter Accuwave DS  Wall Clock,Furniture,Central,3,94.43,28
2011-12-13,"ACCOHIDE 3-Ring Binder, Blue, 1'",Office Supplies,South,3,12.39,108
2011-12-14,"Iceberg Nesting Folding Chair, 19w x 6d x 43h",Furniture,South,4,186.3,97
2011-12-14,Belkin Standard 104 key USB Keyboard,Technology,Central,3,35.02,214
2011-12-14,Assorted Color Push Pins,Office Supplies,Central,2,2.9,36
2011-12-14,Avery Heavy-Duty EZD View Binder with Locking Rings,Office Supplies,Central,4,5.1,74
2011-12-14,Plantronics CS510 - Over-the-Head monaural Wireless Headset System,Technology,East,1,263.96,69
2011-12-14,HP Designjet T520 Inkjet Large Format Printer - 24' Color,Technology,East,4,6999.96,145
2011-12-14,Hon Rectangular Conference Tables,Furniture,East,1,136.53,127
2011-12-14,GBC VeloBind Cover Sets,Office Supplies,Central,3,9.26,84
2011-12-14,Newell 35,Office Supplies,East,1,2.62,41
2011-12-15,Stackable Trays,Furniture,West,2,6.16,99
2011-12-15,ARKON Windshield Dashboard Air Vent Car Mount Holder,Technology,Central,3,40.68,40
2011-12-15,"Lifetime Advantage Folding Chairs, 4/Carton",Furniture,Central,5,763.28,165
2011-12-15,"Global Wood Trimmed Manager's Task Chair, Khaki",Furniture,East,7,445.8,33
2011-12-15,Dana Swing-Arm Lamps,Furniture,Central,2,8.54,16
2011-12-16,Xerox 224,Office Supplies,Central,7,36.29,164
2011-12-16,"Tenex Carpeted, Granite-Look or Clear Contemporary Contour Shape Chair Mats",Furniture,Central,2,56.57,152
2011-12-16,Razer Kraken 7.1 Surround Sound Over Ear USB Gaming Headset,Technology,Central,4,319.97,229
2011-12-16,Avery Binder Labels,Office Supplies,South,1,1.17,121
2011-12-16,Xerox 1929,Office Supplies,Central,5,114.2,75
2011-12-16,First Data FD10 PIN Pad,Technology,West,5,395.0,86
2011-12-16,GE 30524EE4,Technology,West,4,627.17,116
2011-12-16,"OIC Binder Clips, Mini, 1/4' Capacity, Black",Office Supplies,South,2,1.98,105
2011-12-16,Executive Impressions 14' Contract Wall Clock,Furniture,West,2,44.46,85
2011-12-16,Hon Olson Stacker Stools,Furniture,South,9,1013.83,212
2011-12-16,DMI Arturo Collection Mission-style Design Wood Chair,Furniture,West,2,241.57,26
2011-12-16,Office Star - Professional Matrix Back Chair with 2-to-1 Synchro Tilt and Mesh Fabric Seat,Furniture,West,5,1403.92,56
2011-12-16,Longer-Life Soft White Bulbs,Furniture,Central,7,8.62,30
2011-12-16,Case Logic 2.4GHz Wireless Keyboard,Technology,South,2,99.98,133
2011-12-16,Ultra Door Push Plate,Furniture,South,6,29.46,218
2011-12-17,Stanley Contemporary Battery Pencil Sharpeners,Office Supplies,South,3,40.05,167
2011-12-17,Newell 3-Hole Punched Plastic Slotted Magazine Holders for Binders,Office Supplies,East,4,5.48,97
2011-12-19,Avery 516,Office Supplies,West,2,14.62,11
2011-12-19,Insertable Tab Post Binder Dividers,Office Supplies,South,2,4.81,236
2011-12-19,Acme Stainless Steel Office Snips,Office Supplies,South,1,7.27,248
2011-12-19,Canvas Sectional Post Binders,Office Supplies,South,6,152.76,52
2011-12-19,Belkin QODE FastFit Bluetooth Keyboard,Technology,South,5,247.8,198
2011-12-19,Clarity 53712,Technology,West,4,211.17,137
2011-12-19,Wi-Ex zBoost YX540 Cellular Phone Signal Booster,Technology,West,5,583.8,172
2011-12-19,High-Back Leather Manager's Chair,Furniture,South,14,1819.86,144
2011-12-19,Advantus T-Pin Paper Clips,Office Supplies,West,5,22.55,153
2011-12-19,RCA ViSYS 25425RE1 Corded phone,Technology,Central,3,323.98,212
2011-12-19,Xerox 229,Office Supplies,Central,3,15.55,219
2011-12-19,"Rogers Jumbo File, Granite",Office Supplies,Central,3,32.59,189
2011-12-20,Weyerhaeuser First Choice Laser/Copy Paper (20Lb. and 88 Bright),Office Supplies,South,5,25.92,121
2011-12-20,Logitech G430 Surround Sound Gaming Headset with Dolby 7.1 Technology,Technology,West,7,447.94,45
2011-12-20,Global Low Back Tilter Chair,Furniture,West,3,242.35,63
2011-12-20,Xerox 1888,Office Supplies,West,5,221.92,129
2011-12-20,Logitech 910-002974 M325 Wireless Mouse for Web Scrolling,Technology,West,3,71.98,53
2011-12-20,Eldon Cleatmat Plus Chair Mats for High Pile Carpets,Furniture,East,3,190.85,106
2011-12-20,"Computer Room Manger, 14'",Furniture,West,2,51.97,192
2011-12-20,Harbour Creations 67200 Series Stacking Chairs,Furniture,East,3,192.19,50
2011-12-20,"Premium Transparent Presentation Covers, No Pattern/Clear, 8 1/2' x 11'",Office Supplies,West,5,155.12,180
2011-12-20,Newell 31,Office Supplies,West,1,4.13,35
2011-12-20,Ibico Ibimaster 300 Manual Binding System,Office Supplies,Central,3,1103.97,114
2011-12-20,Hoover Commercial Soft Guard Upright Vacuum And Disposable Filtration Bags,Office Supplies,South,7,43.51,25
2011-12-20,Ibico Hi-Tech Manual Binding System,Office Supplies,West,2,487.98,28
2011-12-20,Xerox 1954,Office Supplies,West,2,8.45,148
2011-12-20,Avery 487,Office Supplies,Central,1,3.69,10
2011-12-20,SAFCO Arco Folding Chair,Furniture,South,3,662.88,39
2011-12-20,"Hon Practical Foundations 30 x 60 Training Table, Light Gray/Charcoal",Furniture,South,2,455.1,10
2011-12-20,Wilson Jones Century Plastic Molded Ring Binders,Office Supplies,South,3,62.31,163
2011-12-20,Chromcraft 48' x 96' Racetrack Double Pedestal Table,Furniture,South,7,2244.48,112
2011-12-20,Boston Home & Office Model 2000 Electric Pencil Sharpeners,Office Supplies,West,2,47.3,186
2011-12-20,Avery 489,Office Supplies,West,3,31.05,38
2011-12-20,"SAFCO Commercial Wire Shelving, 72h",Office Supplies,South,2,122.48,231
2011-12-20,Logitech Desktop MK120 Mouse and keyboard Combo,Technology,Central,5,65.44,226
2011-12-20,Belkin Premiere Surge Master II 8-outlet surge protector,Office Supplies,Central,2,19.43,53
2011-12-21,Avery 492,Office Supplies,East,6,17.28,97
2011-12-21,SAFCO Arco Folding Chair,Furniture,West,6,1325.76,54
2011-12-21,Safco Contoured Stacking Chairs,Furniture,West,3,572.16,110
2011-12-21,Ibico Plastic Spiral Binding Combs,Office Supplies,South,2,18.24,151
2011-12-22,White Computer Printout Paper by Universal,Office Supplies,Central,4,124.03,245
2011-12-22,Newell 332,Office Supplies,West,4,11.76,149
2011-12-22,Lock-Up Easel 'Spel-Binder',Office Supplies,East,13,296.71,68
2011-12-22,Recycled Easel Ring Binders,Office Supplies,Central,6,17.9,55
2011-12-22,Economy Rollaway Files,Office Supplies,Central,1,132.16,32
2011-12-22,Desktop 3-Pocket Hot File,Office Supplies,East,4,216.4,249
2011-12-23,Belkin F9H710-06 7 Outlet SurgeMaster Surge Protector,Office Supplies,Central,11,207.24,35
2011-12-23,Prang Dustless Chalk Sticks,Office Supplies,South,1,1.34,238
2011-12-23,Computer Printout Paper with Letter-Trim Perforations,Office Supplies,South,3,45.53,147
2011-12-23,Acco Perma 3000 Stacking Storage Drawers,Office Supplies,South,5,83.92,210
2011-12-23,Tennsco 6- and 18-Compartment Lockers,Office Supplies,South,2,424.27,226
2011-12-23,Xerox 2000,Office Supplies,Central,1,5.18,243
2011-12-23,"Padded Folding Chairs, Black, 4/Carton",Furniture,South,1,64.78,234
2011-12-23,Hon 61000 Series Interactive Training Tables,Furniture,East,2,53.32,80
2011-12-23,Belkin F9H710-06 7 Outlet SurgeMaster Surge Protector,Office Supplies,East,3,56.52,189
2011-12-24,"Westinghouse Floor Lamp with Metal Mesh Shade, Black",Furniture,West,1,23.99,108
2011-12-24,Xerox 1974,Office Supplies,South,2,9.57,234
2011-12-24,"Master Giant Foot Doorstop, Safety Yellow",Furniture,East,5,30.36,225
2011-12-24,Cisco Unified IP Phone 7945G VoIP phone,Technology,West,3,818.38,200
2011-12-24,"Global Value Mid-Back Manager's Chair, Gray",Furniture,West,6,292.27,153
2011-12-24,Belkin 7-Outlet SurgeMaster Home Series,Office Supplies,West,1,13.97,193
2011-12-24,Avanti 4.4 Cu. Ft. Refrigerator,Office Supplies,West,2,361.96,244
2011-12-24,Tennsco Commercial Shelving,Office Supplies,West,1,20.34,72
2011-12-24,Seidio BD2-HK3IPH5-BK DILEX Case and Holster Combo for Apple iPhone 5/5s - Black,Technology,West,7,173.66,200
2011-12-24,Letter Size Cart,Office Supplies,West,1,142.86,39
2011-12-24,Sony 32GB Class 10 Micro SDHC R40 Memory Card,Technology,West,3,62.85,16
2011-12-26,Howard Miller 13' Diameter Goldtone Round Wall Clock,Furniture,West,8,300.42,128
2011-12-26,Fellowes Bankers Box Stor/Drawer Steel Plus,Office Supplies,East,6,191.88,216
2011-12-26,Ibico Laser Imprintable Binding System Covers,Office Supplies,West,5,78.6,60
2011-12-26,Eldon ClusterMat Chair Mat with Cordless Antistatic Protection,Furniture,West,3,218.35,170
2011-12-26,Acme Rosewood Handle Letter Opener,Office Supplies,West,3,11.91,103
2011-12-26,Global Deluxe Office Fabric Chairs,Furniture,West,3,230.35,41
2011-12-26,"Eldon Regeneration Recycled Desk Accessories, Smoke",Furniture,West,2,3.48,24
2011-12-26,"Vinyl Coated Wire Paper Clips in Organizer Box, 800/Box",Office Supplies,West,3,27.55,38
2011-12-26,"Eldon Spacemaker Box, Quick-Snap Lid, Clear",Office Supplies,East,3,8.02,34
2011-12-26,Global Deluxe High-Back Manager's Chair,Furniture,Central,3,600.56,130
2011-12-26,"Cardinal Slant-D Ring Binder, Heavy Gauge Vinyl",Office Supplies,Central,5,8.69,241
2011-12-26,Sensible Storage WireTech Storage Systems,Office Supplies,East,4,227.14,228
2011-12-26,"Wirebound Message Books, Two 4 1/4' x 5' Forms per Page",Office Supplies,East,3,18.26,107
2011-12-26,Holmes 99% HEPA Air Purifier,Office Supplies,East,2,34.66,171
2011-12-26,Tripp Lite TLP810NET Broadband Surge for Modem/Fax,Office Supplies,East,2,81.55,178
2011-12-27,Eldon 'L' Workstation Diamond Chairmat,Furniture,East,3,182.35,221
2011-12-27,DAX Wood Document Frame,Furniture,Central,6,32.95,101
2011-12-27,Staples,Office Supplies,Central,4,30.02,97
2011-12-27,Xerox 1927,Office Supplies,West,3,12.84,11
2011-12-27,GBC DocuBind 300 Electric Binding Machine,Office Supplies,West,6,946.76,18
2011-12-27,Bevis Steel Folding Chairs,Furniture,West,3,230.28,100
2011-12-27,Safco Industrial Shelving,Office Supplies,East,2,118.16,43
2011-12-27,Staples,Office Supplies,West,3,7.86,186
2011-12-27,Staples,Office Supplies,West,4,11.56,48
2011-12-27,GBC VeloBind Cover Sets,Office Supplies,West,3,37.06,188
2011-12-27,Advantus Rolling Storage Box,Office Supplies,West,3,51.45,16
2011-12-27,GBC Standard Therm-A-Bind Covers,Office Supplies,Central,1,4.98,73
2011-12-27,Enermax Acrylux Wireless Keyboard,Technology,South,5,498.0,56
2011-12-27,Xerox 1983,Office Supplies,South,4,23.92,54
2011-12-27,"Global Push Button Manager's Chair, Indigo",Furniture,East,14,767.21,240
2011-12-27,Staples,Office Supplies,West,1,10.98,46
2011-12-28,"Fellowes Strictly Business Drawer File, Letter/Legal Size",Office Supplies,East,5,704.25,11
2011-12-28,"Boston School Pro Electric Pencil Sharpener, 1670",Office Supplies,East,4,99.14,61
2011-12-28,Acme Box Cutter Scissors,Office Supplies,West,5,51.15,79
2011-12-28,"Carina Mini System Audio Rack, Model AR050B",Office Supplies,West,9,998.82,215
2011-12-28,Hoover Upright Vacuum With Dirt Cup,Office Supplies,East,6,1737.18,82
2011-12-28,Xerox 1906,Office Supplies,East,4,141.76,7
2011-12-29,Stacking Trays by OIC,Furniture,West,5,24.9,222
2011-12-29,HTC One,Technology,West,4,319.97,148
2011-12-29,Tenex Chairmats For Use with Hard Floors,Furniture,Central,3,38.98,80
2011-12-29,DYMO CardScan Personal V9 Business Card Scanner,Technology,West,6,767.95,214
2011-12-29,Avery Hanging File Binders,Office Supplies,West,3,14.35,228
2011-12-29,Mophie Juice Pack Helium for iPhone,Technology,West,3,191.98,117
2011-12-29,Executive Impressions 10' Spectator Wall Clock,Furniture,West,6,70.56,207
2011-12-29,Fellowes Bases and Tops For Staxonsteel/High-Stak Systems,Office Supplies,West,1,33.29,197
2011-12-29,Acco 6 Outlet Guardian Standard Surge Suppressor,Office Supplies,East,5,48.36,199
2011-12-29,"Master Caster Door Stop, Large Brown",Furniture,Central,3,8.74,24
2011-12-29,Mediabridge Sport Armband iPhone 5s,Technology,West,3,23.98,209
2011-12-29,Imation 32GB Pocket Pro USB 3.0 Flash Drive - 32 GB - Black - 1 P ...,Technology,Central,4,119.8,88
2011-12-29,Alphabetical Labels for Top Tab Filing,Office Supplies,West,6,88.8,11
2011-12-29,Recycled Eldon Regeneration Jumbo File,Office Supplies,Central,2,24.56,142
2011-12-29,Avery 477,Office Supplies,West,9,274.77,58
2011-12-29,Xerox 1981,Office Supplies,West,4,21.12,153
2011-12-30,Tennsco Industrial Shelving,Office Supplies,South,1,39.13,232
2011-12-30,AT&T 1080 Corded phone,Technology,Central,3,328.78,108
2011-12-30,"Cardinal HOLDit! Binder Insert Strips,Extra Strips",Office Supplies,East,7,35.45,25
2011-12-30,Acco Hanging Data Binders,Office Supplies,Central,3,2.29,46
2011-12-30,"Plantronics CS 50-USB - headset - Convertible, Monaural",Technology,Central,2,217.58,31
2011-12-30,Kensington 6 Outlet SmartSocket Surge Protector,Office Supplies,East,3,122.94,9
2011-12-30,Ibico Ibimaster 300 Manual Binding System,Office Supplies,West,5,551.98,15
2011-12-30,Fashion Color Clasp Envelopes,Office Supplies,Central,3,12.98,198
2011-12-30,Logitech 910-002974 M325 Wireless Mouse for Web Scrolling,Technology,Central,2,47.98,144
2011-12-30,Hon 5100 Series Wood Tables,Furniture,East,3,523.76,150
2011-12-30,Newell 350,Office Supplies,Central,3,9.84,25
2011-12-30,"Maxell Pro 80 Minute CD-R, 10/Pack",Technology,East,2,27.97,212
2011-12-30,ClearSounds CSC500 Amplified Spirit Phone Corded phone,Technology,East,6,251.96,85
2011-12-31,"Atlantic Metals Mobile 4-Shelf Bookcases, Custom Colors",Furniture,East,7,1573.49,249
2011-12-31,Nu-Dell Executive Frame,Furniture,East,5,63.2,134
2011-12-31,Staples,Office Supplies,Central,2,49.57,13
2011-12-31,"BIC Brite Liner Grip Highlighters, Assorted, 5/Pack",Office Supplies,Central,7,29.68,78
2011-12-31,Sabrent 4-Port USB 2.0 Hub,Technology,Central,7,47.53,116
2011-12-31,Panasonic KX TS3282W Corded phone,Technology,West,7,475.94,6
2011-12-31,"Verbatim 25 GB 6x Blu-ray Single Layer Recordable Disc, 10/Pack",Technology,East,3,34.77,136
2011-12-31,Imation Secure Drive + Hardware Encrypted USB flash drive - 16 GB,Technology,East,3,113.97,114
2011-12-31,Avery 51,Office Supplies,East,3,18.9,175
2011-12-31,Sauder Inglewood Library Bookcases,Furniture,East,2,341.96,71
2011-12-31,Plantronics Savi W720 Multi-Device Wireless Headset System,Technology,East,4,1687.8,241
2011-12-31,Xerox 1917,Office Supplies,East,4,195.64,58
2011-12-31,"Global Fabric Manager's Chair, Dark Gray",Furniture,East,6,605.88,214
2011-12-31,Xerox 1970,Office Supplies,East,3,14.94,220
2012-01-02,Avery 505,Office Supplies,East,2,23.68,81
2012-01-02,Newell 313,Office Supplies,East,3,9.84,222
2012-01-02,"SAFCO Mobile Desk Side File, Wire Frame",Office Supplies,East,2,85.52,221
2012-01-02,Sony Micro Vault Click 16 GB USB 2.0 Flash Drive,Technology,East,2,89.58,115
2012-01-02,Xerox 1959,Office Supplies,East,3,20.04,166
2012-01-02,Speck Products Candyshell Flip Case,Technology,East,3,62.98,226
2012-01-02,Cisco 9971 IP Video Phone Charcoal,Technology,East,9,1188.0,145
2012-01-02,O'Sullivan 2-Door Barrister Bookcase in Odessa Pine,Furniture,East,5,452.45,186
2012-01-03,Newell 317,Office Supplies,Central,3,7.06,233
2012-01-03,O'Sullivan Living Dimensions 5-Shelf Bookcases,Furniture,Central,9,1352.4,102
2012-01-03,Xerox 21,Office Supplies,Central,2,10.37,16
2012-01-03,Enermax Acrylux Wireless Keyboard,Technology,Central,5,398.4,13
2012-01-04,"GBC Standard Recycled Report Covers, Clear Plastic Sheets",Office Supplies,Central,3,32.34,158
2012-01-04,DAX Wood Document Frame,Furniture,South,14,192.22,151
2012-01-04,"Adams Telephone Message Book w/Frequently-Called Numbers Space, 400 Messages per Book",Office Supplies,Central,5,39.9,226
2012-01-05,Global Deluxe Steno Chair,Furniture,West,1,61.58,107
2012-01-05,#10- 4 1/8' x 9 1/2' Recycled Envelopes,Office Supplies,East,2,17.48,187
2012-01-05,Wilson Jones data.warehouse D-Ring Binders with DublLock,Office Supplies,East,2,13.17,44
2012-01-05,Acco 6 Outlet Guardian Premium Surge Suppressor,Office Supplies,West,6,87.36,97
2012-01-05,Newell 34,Office Supplies,East,3,59.52,130
2012-01-05,Fellowes Binding Cases,Office Supplies,West,6,56.16,36
2012-01-06,Recycled Pressboard Report Cover with Reinforced Top Hinge,Office Supplies,West,2,1.94,170
2012-01-06,"It's Hot Message Books with Stickers, 2 3/4' x 5'",Office Supplies,West,5,29.6,167
2012-01-09,Staples,Office Supplies,South,3,106.32,217
2012-01-09,Speediset Carbonless Redi-Letter 7' x 8 1/2',Office Supplies,South,5,51.55,182
2012-01-09,Boston 1730 StandUp Electric Pencil Sharpener,Office Supplies,South,2,42.76,214
2012-01-09,Belkin 5 Outlet SurgeMaster Power Centers,Office Supplies,South,3,163.44,107
2012-01-10,Bush Advantage Collection Racetrack Conference Table,Furniture,East,4,1018.1,38
2012-01-12,LG Electronics Tone+ HBS-730 Bluetooth Headset,Technology,East,3,107.12,14
2012-01-12,SanDisk Cruzer 4 GB USB Flash Drive,Technology,East,2,10.38,119
2012-01-12,"BIC Brite Liner Highlighters, Chisel Tip",Office Supplies,East,2,10.37,240
2012-01-12,GE 30524EE4,Technology,East,2,235.19,3
2012-01-12,Anker 24W Portable Micro USB Car Charger,Technology,East,4,26.38,92
2012-01-12,"Dual Level, Single-Width Filing Carts",Office Supplies,East,3,465.18,213
2012-01-13,Avery 508,Office Supplies,South,2,9.82,152
2012-01-13,Binding Machine Supplies,Office Supplies,West,3,70.01,140
2012-01-13,"Floodlight Indoor Halogen Bulbs, 1 Bulb per Pack, 60 Watts",Furniture,West,4,77.6,209
2012-01-13,"Deflect-o EconoMat Nonstudded, No Bevel Mat",Furniture,West,9,464.85,160
2012-01-17,"Acme Hot Forged Carbon Steel Scissors with Nickel-Plated Handles, 3 7/8' Cut, 8'L",Office Supplies,South,8,88.96,15
2012-01-17,Avery Fluorescent Highlighter Four-Color Set,Office Supplies,East,2,6.68,236
2012-01-17,Eldon ClusterMat Chair Mat with Cordless Antistatic Protection,Furniture,Central,7,254.74,169
2012-01-19,Harbour Creations 67200 Series Stacking Chairs,Furniture,Central,4,199.3,107
2012-01-19,Bevis Round Conference Table Top & Single Column Base,Furniture,Central,1,102.44,125
2012-01-23,Avery 500,Office Supplies,West,2,14.62,193
2012-01-23,"Wirebound Service Call Books, 5 1/2' x 4'",Office Supplies,West,3,29.04,54
2012-01-24,Crayola Colored Pencils,Office Supplies,South,5,13.12,226
2012-01-26,Xerox 1991,Office Supplies,West,8,182.72,169
2012-01-27,HON 5400 Series Task Chairs for Big and Tall,Furniture,West,5,2803.92,33
2012-01-27,High-Back Leather Manager's Chair,Furniture,East,2,181.99,157
2012-01-27,Polycom VVX 310 VoIP phone,Technology,East,4,431.98,246
2012-01-27,Nortel Meridian M5316 Digital phone,Technology,East,1,155.37,12
2012-01-28,Chromcraft Bull-Nose Wood Oval Conference Tables & Bases,Furniture,South,13,4297.64,140
2012-01-30,Rediform Voice Mail Log Books,Office Supplies,Central,6,14.3,17
2012-01-30,Bady BDG101FRU Card Printer,Technology,West,3,1919.98,159
2012-01-30,"Computer Room Manger, 14'",Furniture,West,7,227.36,95
2012-01-31,Xerox 1999,Office Supplies,Central,2,12.96,226
2012-01-31,Seth Thomas 13 1/2' Wall Clock,Furniture,Central,3,53.34,122
2012-01-31,Ibico Standard Transparent Covers,Office Supplies,Central,2,32.96,38
2012-02-03,"Global Fabric Manager's Chair, Dark Gray",Furniture,East,1,90.88,45
2012-02-03,Hand-Finished Solid Wood Document Frame,Furniture,West,4,136.92,243
2012-02-03,Kensington SlimBlade Notebook Wireless Mouse with Nano Receiver ,Technology,Central,3,149.97,28
2012-02-03,Coloredge Poster Frame,Furniture,Central,2,28.4,189
2012-02-03,Staples,Office Supplies,South,9,74.52,240
2012-02-03,Wilson Jones Standard D-Ring Binders,Office Supplies,West,3,12.14,220
2012-02-06,"Hon Metal Bookcases, Putty",Furniture,East,4,283.92,61
2012-02-06,UniKeep View Case Binders,Office Supplies,Central,3,2.93,244
2012-02-06,SANFORD Liquid Accent Tank-Style Highlighters,Office Supplies,East,2,5.68,235
2012-02-06,"Tennsco Snap-Together Open Shelving Units, Starter Sets and Add-On Units",Office Supplies,Central,3,670.75,184
2012-02-06,Xerox 1920,Office Supplies,South,5,29.9,15
2012-02-06,Memorex Mini Travel Drive 8 GB USB 2.0 Flash Drive,Technology,Central,2,18.53,183
2012-02-06,Tennsco Industrial Shelving,Office Supplies,South,3,146.73,235
2012-02-06,Office Star - Contemporary Swivel Chair with Padded Adjustable Arms and Flex Back,Furniture,East,9,1268.82,238
2012-02-06,Newell 310,Office Supplies,West,3,5.28,120
2012-02-07,Xerox 1957,Office Supplies,South,2,12.96,9
2012-02-07,Cameo Buff Policy Envelopes,Office Supplies,South,5,311.15,157
2012-02-08,"Wirebound Message Books, Four 2 3/4 x 5 Forms per Page, 200 Sets per Book",Office Supplies,Central,2,9.54,152
2012-02-08,"Sanford Colorific Colored Pencils, 12/Box",Office Supplies,Central,2,5.76,102
2012-02-08,"Advantus Push Pins, Aluminum Head",Office Supplies,Central,1,5.81,83
2012-02-08,JBL Micro Wireless Portable Bluetooth Speaker,Technology,East,3,107.98,132
2012-02-09,"Dana Fluorescent Magnifying Lamp, White, 36'",Furniture,Central,2,40.78,64
2012-02-09,Round Specialty Laser Printer Labels,Office Supplies,Central,4,40.1,221
2012-02-09,Memorex Micro Travel Drive 8 GB,Technology,Central,2,20.8,176
2012-02-09,Logitech Wireless Headset h800,Technology,Central,6,479.95,2
2012-02-09,"Global Deluxe Stacking Chair, Gray",Furniture,West,5,203.92,172
2012-02-10,Eldon ProFile File 'N Store Portable File Tub Letter/Legal Size Black,Office Supplies,East,5,77.24,141
2012-02-14,Acco Hanging Data Binders,Office Supplies,East,2,2.29,119
2012-02-14,Google Nexus 5,Technology,East,3,323.98,157
2012-02-14,Samsung Galaxy S4,Technology,East,1,625.99,241
2012-02-14,GBC Standard Therm-A-Bind Covers,Office Supplies,East,2,14.95,67
2012-02-14,"Black Avery Memo-Size 3-Ring Binder, 5 1/2' x 8 1/2'",Office Supplies,East,9,26.42,145
2012-02-14,Belkin F8E887 USB Wired Ergonomic Keyboard,Technology,East,3,71.98,189
2012-02-14,Newell 315,Office Supplies,East,3,14.35,36
2012-02-15,Kensington 6 Outlet MasterPiece HOMEOFFICE Power Control Center,Office Supplies,West,6,541.44,152
2012-02-15,Xerox 22,Office Supplies,West,3,19.44,175
2012-02-15,Samsung Galaxy S III - 16GB - pebble blue (T-Mobile),Technology,Central,2,699.98,192
2012-02-15,"Acco Data Flex Cable Posts For Top & Bottom Load Binders, 6' Capacity",Office Supplies,West,5,41.72,180
2012-02-15,Avery Durable Binders,Office Supplies,West,5,11.52,237
2012-02-15,Maxell LTO Ultrium - 800 GB,Technology,Central,5,139.95,206
2012-02-15,Innergie mMini Combo Duo USB Travel Charging Kit,Technology,Central,3,134.97,72
2012-02-15,Xerox 1959,Office Supplies,West,2,13.36,142
2012-02-16,Xerox 1881,Office Supplies,West,3,36.84,48
2012-02-16,Avery 485,Office Supplies,West,7,87.71,120
2012-02-16,Xerox 1920,Office Supplies,East,6,35.88,87
2012-02-18,Smead Alpha-Z Color-Coded Second Alphabetical Labels and Starter Set,Office Supplies,West,3,9.24,195
2012-02-18,"Avery 4027 File Folder Labels for Dot Matrix Printers, 5000 Labels per Box, White",Office Supplies,West,2,61.06,139
2012-02-18,Hon 61000 Series Interactive Training Tables,Furniture,West,1,35.54,186
2012-02-20,Sanford 52201 APSCO Electric Pencil Sharpener,Office Supplies,East,7,286.79,249
2012-02-20,Anker Ultrathin Bluetooth Wireless Keyboard Aluminum Cover with Stand ,Technology,South,1,29.99,36
2012-02-21,Fellowes PB500 Electric Punch Plastic Comb Binding Machine with Manual Bind,Office Supplies,East,2,2541.98,60
2012-02-21,Staples,Office Supplies,West,4,49.12,228
2012-02-22,Newell 34,Office Supplies,Central,4,79.36,170
2012-02-23,Avery Self-Adhesive Photo Pockets for Polaroid Photos,Office Supplies,East,2,10.9,123
2012-02-23,Hoover Portapower Portable Vacuum,Office Supplies,East,6,26.88,197
2012-02-25,Avery 518,Office Supplies,East,1,3.15,38
2012-02-25,"Adams Telephone Message Book W/Dividers/Space For Phone Numbers, 5 1/4'X8 1/2', 200/Messages",Office Supplies,East,4,22.72,183
2012-02-27,"Pressboard Covers with Storage Hooks, 9 1/2' x 11', Light Blue",Office Supplies,East,3,4.42,62
2012-02-27,Barricks 18' x 48' Non-Folding Utility Table with Bottom Storage Shelf,Furniture,East,7,493.92,45
2012-02-27,Microsoft Natural Keyboard Elite,Technology,West,9,538.92,87
2012-02-27,i.Sound Portable Power - 8000 mAh,Technology,East,2,105.98,10
2012-02-27,"Eldon Spacemaker Box, Quick-Snap Lid, Clear",Office Supplies,East,6,16.03,61
2012-02-28,Global Low Back Tilter Chair,Furniture,South,2,161.57,76
2012-02-28,"Global Push Button Manager's Chair, Indigo",Furniture,South,8,389.7,225
2012-02-29,"XtraLife ClearVue Slant-D Ring Binder, White, 3'",Office Supplies,South,4,58.72,152
2012-02-29,Global Deluxe Steno Chair,Furniture,West,3,184.75,198
2012-02-29,Square Credit Card Reader,Technology,West,2,15.98,51
2012-03-01,Jackery Bar Premium Fast-charging Portable Charger,Technology,Central,4,95.84,3
2012-03-01,Hoover Replacement Belt for Commercial Guardsman Heavy-Duty Upright Vacuum,Office Supplies,East,2,3.55,58
2012-03-01,"Atlantic Metals Mobile 5-Shelf Bookcases, Custom Colors",Furniture,Central,6,1228.0,71
2012-03-01,Panasonic KP-350BK Electric Pencil Sharpener with Auto Stop,Office Supplies,Central,2,55.33,147
2012-03-02,Hon Racetrack Conference Tables,Furniture,West,3,787.53,92
2012-03-02,Brown Kraft Recycled Envelopes,Office Supplies,Central,6,101.88,62
2012-03-02,50 Colored Long Pencils,Office Supplies,Central,1,10.16,53
2012-03-05,Eldon Wave Desk Accessories,Furniture,Central,2,4.71,116
2012-03-05,Cisco SPA525G2 IP Phone - Wireless,Technology,Central,2,31.92,242
2012-03-05,Avery Round Ring Poly Binders,Office Supplies,East,3,2.56,236
2012-03-05,Staples,Office Supplies,East,3,29.34,109
2012-03-05,"Situations Contoured Folding Chairs, 4/Set",Furniture,East,2,99.37,73
2012-03-05,"Companion Letter/Legal File, Black",Office Supplies,Central,2,60.42,106
2012-03-05,Binder Clips by OIC,Office Supplies,Central,6,7.1,225
2012-03-05,Sony 16GB Class 10 Micro SDHC R40 Memory Card,Technology,East,1,10.31,56
2012-03-05,"Performers Binder/Pad Holder, Black",Office Supplies,Central,2,11.21,217
2012-03-05,"Global Value Mid-Back Manager's Chair, Gray",Furniture,East,7,383.61,168
2012-03-05,Avanti 4.4 Cu. Ft. Refrigerator,Office Supplies,Central,5,180.98,240
2012-03-05,36X48 HARDFLOOR CHAIRMAT,Furniture,East,2,33.57,249
2012-03-05,Staples,Office Supplies,Central,7,60.69,2
2012-03-05,"Fellowes Strictly Business Drawer File, Letter/Legal Size",Office Supplies,East,4,563.4,119
2012-03-05,I Need's 3d Hello Kitty Hybrid Silicone Case Cover for HTC One X 4g with 3d Hello Kitty Stylus Pen Green/pink,Technology,Central,2,23.92,5
2012-03-05,Samsung Convoy 3,Technology,East,7,466.16,4
2012-03-06,Deflect-o Glass Clear Studded Chair Mats,Furniture,West,7,435.26,4
2012-03-06,Canon PC1060 Personal Laser Copier,Technology,West,2,1119.98,53
2012-03-07,Microsoft Sculpt Comfort Mouse,Technology,East,3,119.85,46
2012-03-07,"GBC Twin Loop Wire Binding Elements, 9/16' Spine, Black",Office Supplies,East,2,30.44,214
2012-03-07,Wilson Jones Heavy-Duty Casebound Ring Binders with Metal Hinges,Office Supplies,East,2,69.28,176
2012-03-07,LG G3,Technology,East,3,587.97,8
2012-03-08,Avery Premier Heavy-Duty Binder with Round Locking Rings,Office Supplies,Central,3,8.57,98
2012-03-08,Rush Hierlooms Collection 1' Thick Stackable Bookcases,Furniture,Central,3,512.94,19
2012-03-08,Hon Mobius Operator's Chair,Furniture,Central,7,860.93,121
2012-03-08,"Dixon Prang Watercolor Pencils, 10-Color Set with Brush",Office Supplies,West,1,3.41,240
2012-03-08,Xerox 1997,Office Supplies,East,3,19.44,60
2012-03-08,Nortel Meridian M3904 Professional Digital phone,Technology,Central,5,769.95,122
2012-03-08,Boston 1900 Electric Pencil Sharpener,Office Supplies,Central,1,14.98,233
2012-03-08,Deflect-o Glass Clear Studded Chair Mats,Furniture,Central,6,373.08,162
2012-03-09,Panasonic KX T7736-B Digital phone,Technology,Central,3,359.88,177
2012-03-09,Maxell 4.7GB DVD-R,Technology,Central,5,113.52,81
2012-03-09,Avery 514,Office Supplies,South,2,4.61,61
2012-03-10,Pizazz Global Quick File,Office Supplies,East,6,89.82,144
2012-03-10,Acco Suede Grain Vinyl Round Ring Binder,Office Supplies,Central,2,1.11,215
2012-03-12,Convenience Packs of Business Envelopes,Office Supplies,South,3,8.69,2
2012-03-12,"Eldon Expressions Desk Accessory, Wood Pencil Holder, Oak",Furniture,South,4,30.88,159
2012-03-12,Avery 518,Office Supplies,South,2,5.04,226
2012-03-12,Acrylic Self-Standing Desk Frames,Furniture,South,3,6.41,229
2012-03-13,Dana Halogen Swing-Arm Architect Lamp,Furniture,West,8,327.76,12
2012-03-13,Global Deluxe High-Back Manager's Chair,Furniture,West,4,915.14,119
2012-03-13,"Safco Value Mate Series Steel Bookcases, Baked Enamel Finish on Steel, Gray",Furniture,West,2,141.96,124
2012-03-14,Avery 476,Office Supplies,East,4,16.52,238
2012-03-14,GBC DocuBind TL200 Manual Binding Machine,Office Supplies,East,3,671.94,88
2012-03-14,Xerox 223,Office Supplies,West,3,19.44,72
2012-03-15,"SmartStand Mobile Device Holder, Assorted Colors",Technology,West,3,16.78,67
2012-03-16,Plantronics MX500i Earset,Technology,East,2,85.9,141
2012-03-16,Fellowes PB500 Electric Punch Plastic Comb Binding Machine with Manual Bind,Office Supplies,South,5,6354.95,100
2012-03-16,KI Adjustable-Height Table,Furniture,West,2,171.96,97
2012-03-16,Rogers Handheld Barrel Pencil Sharpener,Office Supplies,South,1,2.74,10
2012-03-16,Avery Hi-Liter Smear-Safe Highlighters,Office Supplies,East,3,17.52,104
2012-03-16,Colored Envelopes,Office Supplies,South,2,7.38,183
2012-03-16,"Dot Matrix Printer Tape Reel Labels, White, 5000/Box",Office Supplies,South,5,491.55,66
2012-03-16,Newell 344,Office Supplies,South,3,8.34,122
2012-03-16,Personal File Boxes with Fold-Down Carry Handle,Office Supplies,South,3,46.74,219
2012-03-16,Howard Miller 11-1/2' Diameter Brentwood Wall Clock,Furniture,West,1,43.13,28
2012-03-17,"Tenex Personal Self-Stacking Standard File Box, Black/Gray",Office Supplies,East,2,33.82,136
2012-03-17,KeyTronic KT800P2 - Keyboard - Black,Technology,East,1,15.02,194
2012-03-19,Stockwell Push Pins,Office Supplies,West,5,10.9,152
2012-03-19,Canon PC940 Copier,Technology,West,7,3149.93,225
2012-03-19,Xerox 1974,Office Supplies,West,2,11.96,75
2012-03-19,Deluxe Rollaway Locking File with Drawer,Office Supplies,West,3,1247.64,169
2012-03-19,"Wirebound Message Books, 5-1/2 x 4 Forms, 2 or 4 Forms per Page",Office Supplies,West,6,40.14,8
2012-03-19,Acme Elite Stainless Steel Scissors,Office Supplies,West,4,33.36,206
2012-03-19,Self-Adhesive Address Labels for Typewriters by Universal,Office Supplies,West,2,14.62,39
2012-03-19,"Adams Telephone Message Books, 5 1/4 x 11",Office Supplies,South,3,14.5,24
2012-03-19,GBC Imprintable Covers,Office Supplies,West,2,17.57,4
2012-03-19,Wireless Extenders zBoost YX545 SOHO Signal Booster,Technology,West,3,453.58,138
2012-03-19,"Bush Heritage Pine Collection 5-Shelf Bookcase, Albany Pine Finish, *Special Order",Furniture,Central,4,383.47,186
2012-03-19,Multicolor Computer Printout Paper,Office Supplies,West,2,209.7,225
2012-03-19,Xerox 1919,Office Supplies,Central,2,65.58,215
2012-03-20,"Recycled Interoffice Envelopes with String and Button Closure, 10 x 13",Office Supplies,East,1,23.99,123
2012-03-20,Portable Personal File Box,Office Supplies,West,3,29.3,206
2012-03-20,Fellowes PB200 Plastic Comb Binding Machine,Office Supplies,East,8,1087.94,37
2012-03-20,Panasonic KX T7731-B Digital phone,Technology,East,2,199.98,71
2012-03-20,"Tennsco Lockers, Sand",Office Supplies,East,4,83.92,132
2012-03-20,Wilson Jones Century Plastic Molded Ring Binders,Office Supplies,East,3,49.85,175
2012-03-20,Staples,Office Supplies,Central,9,18.86,89
2012-03-20,Xerox 205,Office Supplies,Central,8,51.84,145
2012-03-20,GBC Standard Plastic Binding Systems' Combs,Office Supplies,Central,2,2.51,197
2012-03-21,"GBC Laser Imprintable Binding System Covers, Desert Sand",Office Supplies,South,3,12.84,36
2012-03-21,Xerox 1883,Office Supplies,South,14,295.46,59
2012-03-21,Honeywell Enviracaire Portable HEPA Air Cleaner for 17' x 22' Room,Office Supplies,South,4,962.08,175
2012-03-22,"Iris 3-Drawer Stacking Bin, Black",Office Supplies,South,9,150.41,204
2012-03-22,Logitech G602 Wireless Gaming Mouse,Technology,South,7,447.94,27
2012-03-22,Staples,Office Supplies,West,4,105.52,196
2012-03-22,XtraLife ClearVue Slant-D Ring Binders by Cardinal,Office Supplies,Central,9,14.11,204
2012-03-22,Newell 316,Office Supplies,South,4,19.56,80
2012-03-22,"Verbatim 25 GB 6x Blu-ray Single Layer Recordable Disc, 25/Pack",Technology,Central,1,18.39,113
2012-03-22,Carina Double Wide Media Storage Towers in Natural & Black,Office Supplies,Central,2,129.57,39
2012-03-22,Square Credit Card Reader,Technology,West,2,15.98,44
2012-03-22,ClearOne CHATAttach 160 - speaker phone,Technology,West,3,1487.98,223
2012-03-22,Tenex B1-RE Series Chair Mats for Low Pile Carpets,Furniture,West,2,91.96,61
2012-03-23,Eldon Shelf Savers Cubes and Bins,Office Supplies,South,4,27.92,92
2012-03-23,Global Deluxe Steno Chair,Furniture,Central,2,107.77,114
2012-03-23,Staples,Office Supplies,South,4,31.56,185
2012-03-23,"REDIFORM Incoming/Outgoing Call Register, 11' X 8 1/2', 100 Messages",Office Supplies,West,4,33.36,66
2012-03-23,Logitech G600 MMO Gaming Mouse,Technology,West,3,239.97,55
2012-03-23,"TOPS Carbonless Receipt Book, Four 2-3/4 x 7-1/4 Money Receipts per Page",Office Supplies,West,11,192.72,39
2012-03-24,"Eureka Sanitaire  Multi-Pro Heavy-Duty Upright, Disposable Bags",Office Supplies,South,2,6.99,97
2012-03-24,"Eldon Expressions Punched Metal & Wood Desk Accessories, Black & Cherry",Furniture,West,5,46.9,39
2012-03-24,Sauder Inglewood Library Bookcases,Furniture,Central,3,359.06,90
2012-03-26,"Verbatim 25 GB 6x Blu-ray Single Layer Recordable Disc, 3/Pack",Technology,East,3,16.78,204
2012-03-26,Bush Advantage Collection Racetrack Conference Table,Furniture,West,8,3393.68,236
2012-03-26,"Dual Level, Single-Width Filing Carts",Office Supplies,East,7,1085.42,32
2012-03-26,Disposable Triple-Filter Dust Bags,Office Supplies,East,3,13.11,5
2012-03-26,Southworth 25% Cotton Antique Laid Paper & Envelopes,Office Supplies,East,6,40.03,215
2012-03-26,Xerox 1988,Office Supplies,South,3,74.35,146
2012-03-27,Rogers Profile Extra Capacity Storage Tub,Office Supplies,West,5,83.7,79
2012-03-28,Security-Tint Envelopes,Office Supplies,East,3,22.92,167
2012-03-28,Xerox 1999,Office Supplies,East,3,15.55,91
2012-03-28,Southworth Parchment Paper & Envelopes,Office Supplies,East,1,5.23,96
2012-03-28,Xerox 1977,Office Supplies,West,5,33.4,58
2012-03-28,Imation Bio 8GB USB Flash Drive Imation Corp,Technology,West,1,166.24,58
2012-03-29,Acco 6 Outlet Guardian Premium Plus Surge Suppressor,Office Supplies,West,4,73.28,47
2012-03-29,Newell 333,Office Supplies,South,2,5.56,168
2012-03-29,Tops Wirebound Message Log Books,Office Supplies,West,3,9.87,12
2012-03-29,"Ampad Gold Fibre Wirebound Steno Books, 6' x 9', Gregg Ruled",Office Supplies,East,4,17.64,106
2012-03-29,G.E. Longer-Life Indoor Recessed Floodlight Bulbs,Furniture,West,3,19.92,44
2012-03-29,Memorex Froggy Flash Drive 8 GB,Technology,West,3,53.25,88
2012-03-29,Hon 4070 Series Pagoda Armless Upholstered Stacking Chairs,Furniture,South,5,1166.92,180
2012-03-29,Xerox 1880,Office Supplies,West,6,212.64,169
2012-03-30,"Adams Telephone Message Book W/Dividers/Space For Phone Numbers, 5 1/4'X8 1/2', 300/Messages",Office Supplies,Central,5,23.52,99
2012-03-30,AT&T 17929 Lendline Telephone,Technology,Central,5,180.96,190
2012-03-30,"Office Star - Contemporary Task Swivel chair with Loop Arms, Charcoal",Furniture,Central,4,366.74,154
2012-03-31,3M Polarizing Light Filter Sleeves,Furniture,Central,3,22.38,165
2012-03-31,"White Dual Perf Computer Printout Paper, 2700 Sheets, 1 Part, Heavyweight, 20 lbs., 14 7/8 x 11",Office Supplies,Central,3,98.38,187
2012-03-31,PureGear Roll-On Screen Protector,Technology,South,5,79.96,6
2012-04-02,"Vtech AT&T CL2940 Corded Speakerphone, Black",Technology,West,3,71.98,132
2012-04-02,Aluminum Screw Posts,Office Supplies,Central,3,9.16,234
2012-04-02,Samsung HM1900 Bluetooth Headset,Technology,West,5,87.8,44
2012-04-02,APC 7 Outlet Network SurgeArrest Surge Protector,Office Supplies,Central,2,32.19,57
2012-04-02,Kingston Digital DataTraveler 16GB USB 2.0,Technology,Central,7,50.12,248
2012-04-02,Anker Ultra-Slim Mini Bluetooth 3.0 Wireless Keyboard,Technology,Central,3,47.98,242
2012-04-04,Eldon Advantage Foldable Chair Mats for Low Pile Carpets,Furniture,East,2,108.4,30
2012-04-04,Acco Expandable Hanging Binders,Office Supplies,Central,2,12.76,22
2012-04-04,DIXON Ticonderoga Erasable Checking Pencils,Office Supplies,East,2,11.16,169
2012-04-04,Staples,Office Supplies,Central,2,5.84,137
2012-04-04,Hoover Shoulder Vac Commercial Portable Vacuum,Office Supplies,Central,2,644.08,159
2012-04-04,Brother DCP1000 Digital 3 in 1 Multifunction Machine,Technology,Central,2,599.98,106
2012-04-04,Shocksock Galaxy S4 Armband,Technology,Central,1,10.95,180
2012-04-04,GBC Prestige Therm-A-Bind Covers,Office Supplies,East,3,82.34,157
2012-04-04,Avery Round Ring Poly Binders,Office Supplies,East,4,9.09,38
2012-04-05,GBC DocuBind 300 Electric Binding Machine,Office Supplies,South,1,157.79,158
2012-04-05,SanDisk Ultra 64 GB MicroSDHC Class 10 Memory Card,Technology,West,6,239.94,81
2012-04-05,GuestStacker Chair with Chrome Finish Legs,Furniture,West,3,892.22,99
2012-04-05,Speck Products Candyshell Flip Case,Technology,East,2,41.99,1
2012-04-05,Cardinal Slant-D Ring Binders,Office Supplies,East,4,10.43,205
2012-04-05,"Bush Heritage Pine Collection 5-Shelf Bookcase, Albany Pine Finish, *Special Order",Furniture,East,5,352.45,76
2012-04-05,Dixon Ticonderoga Pencils,Office Supplies,West,8,23.84,220
2012-04-05,Fellowes High-Stak Drawer Files,Office Supplies,East,4,563.81,11
2012-04-05,Bionaire 99.97% HEPA Air Cleaner,Office Supplies,East,7,98.11,38
2012-04-05,"DAX Charcoal/Nickel-Tone Document Frame, 5 x 7",Furniture,East,1,7.58,193
2012-04-05,Avery 499,Office Supplies,East,6,23.9,223
2012-04-05,Cush Cases Heavy Duty Rugged Cover Case for Samsung Galaxy S5 - Purple,Technology,East,5,14.85,12
2012-04-05,Tenex Antistatic Computer Chair Mats,Furniture,East,4,547.14,45
2012-04-06,Xerox 1949,Office Supplies,Central,2,7.97,154
2012-04-06,Ibico Covers for Plastic or Wire Binding Elements,Office Supplies,Central,3,6.9,112
2012-04-06,"Fellowes Twister Kit, Gray/Clear, 3/pkg",Office Supplies,Central,6,9.65,232
2012-04-06,Maxell 4.7GB DVD-RW 3/Pack,Technology,Central,2,25.49,16
2012-04-06,Newell 312,Office Supplies,Central,9,42.05,103
2012-04-06,Xerox 1884,Office Supplies,South,3,47.95,222
2012-04-07,Razer Kraken PRO Over Ear PC and Music Headset,Technology,Central,6,383.95,97
2012-04-07,Hoover Upright Vacuum With Dirt Cup,Office Supplies,Central,8,463.25,187
2012-04-07,Newell 331,Office Supplies,East,3,11.74,191
2012-04-07,Xerox 192,Office Supplies,East,4,25.92,87
2012-04-07,X-Rack File for Hanging Folders,Office Supplies,East,2,22.58,108
2012-04-09,Honeywell Enviracaire Portable HEPA Air Cleaner for up to 10 x 16 Room,Office Supplies,East,3,370.14,162
2012-04-09,"Perma STOR-ALL Hanging File Box, 13 1/8'W x 12 1/4'D x 10 1/2'H",Office Supplies,East,3,17.94,239
2012-04-09,Laminate Occasional Tables,Furniture,West,3,369.91,69
2012-04-10,Steel Personal Filing/Posting Tote,Office Supplies,East,4,142.04,210
2012-04-10,Insertable Tab Post Binder Dividers,Office Supplies,West,2,12.83,157
2012-04-10,Faber Castell Col-Erase Pencils,Office Supplies,East,3,14.67,198
2012-04-11,Executive Impressions 14' Two-Color Numerals Wall Clock,Furniture,South,3,54.53,73
2012-04-11,OtterBox Commuter Series Case - iPhone 5 & 5s,Technology,East,1,21.99,232
2012-04-11,Kensington 4 Outlet MasterPiece Compact Power Control Center,Office Supplies,East,5,406.6,223
2012-04-11,Executive Impressions Supervisor Wall Clock,Furniture,South,2,67.36,225
2012-04-11,Canon PC-428 Personal Copier,Technology,West,4,639.97,62
2012-04-11,Staples,Office Supplies,West,2,52.76,155
2012-04-11,Maxell 4.7GB DVD-R,Technology,East,3,85.14,59
2012-04-12,"Rogers Jumbo File, Granite",Office Supplies,West,3,40.74,78
2012-04-13,Apple iPhone 5C,Technology,Central,3,239.98,221
2012-04-13,Iceberg OfficeWorks 42' Round Tables,Furniture,Central,2,211.37,36
2012-04-13,Polycom CX600 IP Phone VoIP phone,Technology,West,2,479.92,220
2012-04-13,Iceberg OfficeWorks 42' Round Tables,Furniture,West,2,241.57,21
2012-04-13,"Chromcraft Bull-Nose Wood Round Conference Table Top, Wood Base",Furniture,Central,4,609.98,195
2012-04-13,Plantronics Audio 478 Stereo USB Headset,Technology,West,4,199.96,147
2012-04-13,Hon 94000 Series Round Tables,Furniture,West,3,710.83,95
2012-04-13,"Neat Ideas Personal Hanging Folder Files, Black",Office Supplies,West,1,10.74,227
2012-04-13,Xerox 1973,Office Supplies,West,3,54.82,241
2012-04-13,Flat Face Poster Frame,Furniture,West,2,37.68,67
2012-04-13,Fellowes Black Plastic Comb Bindings,Office Supplies,Central,3,17.43,218
2012-04-13,Xerox 210,Office Supplies,West,6,31.1,191
2012-04-13,3M Replacement Filter for Office Air Cleaner for 20' x 33' Room,Office Supplies,West,2,75.84,16
2012-04-13,Aastra 57i VoIP phone,Technology,West,2,258.58,11
2012-04-13,Martin-Yale Premier Letter Opener,Office Supplies,West,1,12.88,149
2012-04-14,Acco Smartsocket Color-Coded Six-Outlet AC Adapter Model Surge Protectors,Office Supplies,West,1,35.21,144
2012-04-16,Konftel 250 Conference phone - Charcoal black,Technology,South,2,569.64,137
2012-04-16,Belkin F9H710-06 7 Outlet SurgeMaster Surge Protector,Office Supplies,East,3,45.22,117
2012-04-16,Crayola Colored Pencils,Office Supplies,East,3,7.87,192
2012-04-16,Cardinal EasyOpen D-Ring Binders,Office Supplies,South,1,9.14,21
2012-04-16,Tenex Antistatic Computer Chair Mats,Furniture,South,7,1196.86,217
2012-04-16,O'Sullivan 3-Shelf Heavy-Duty Bookcases,Furniture,South,9,523.26,119
2012-04-16,Canon PC940 Copier,Technology,Central,4,1439.97,209
2012-04-16,Logitech Keyboard K120,Technology,Central,3,43.56,49
2012-04-16,"Super Bands, 12/Pack",Office Supplies,East,7,10.42,13
2012-04-16,Staples,Office Supplies,East,4,12.58,191
2012-04-16,Plantronics 81402,Technology,East,3,118.78,174
2012-04-16,Novimex Turbo Task Chair,Furniture,East,2,127.76,28
2012-04-16,Assorted Color Push Pins,Office Supplies,East,1,1.45,203
2012-04-16,"GBC Velobind Prepunched Cover Sets, Regency Series",Office Supplies,East,5,55.47,163
2012-04-17,Plantronics Calisto P620-M USB Wireless Speakerphone System,Technology,West,5,783.96,226
2012-04-17,Xerox 1903,Office Supplies,West,2,11.96,179
2012-04-17,Plantronics S12 Corded Telephone Headset System,Technology,West,3,323.37,124
2012-04-17,Prang Drawing Pencil Set,Office Supplies,West,2,5.56,203
2012-04-17,Hoover Upright Vacuum With Dirt Cup,Office Supplies,West,5,1447.65,6
2012-04-17,Enermax Acrylux Wireless Keyboard,Technology,East,1,99.6,28
2012-04-17,"DXL Angle-View Binders with Locking Rings, Black",Office Supplies,East,13,62.3,138
2012-04-17,Barrel Sharpener,Office Supplies,East,3,10.71,32
2012-04-18,Memorex Froggy Flash Drive 8 GB,Technology,South,6,106.5,133
2012-04-18,Xerox 1994,Office Supplies,Central,3,15.55,110
2012-04-18,"Tennsco Stur-D-Stor Boltless Shelving, 5 Shelves, 24' Deep, Sand",Office Supplies,West,7,947.17,78
2012-04-18,GBC Plastic Binding Combs,Office Supplies,Central,1,1.48,159
2012-04-18,Grandstream GXP2100 Mainstream Business Phone,Technology,Central,4,244.77,178
2012-04-18,Lunatik TT5L-002 Taktik Strike Impact Protection System for iPhone 5,Technology,Central,2,97.97,202
2012-04-18,"TRENDnet 56K USB 2.0 Phone, Internet and Fax Modem",Technology,Central,2,41.42,57
2012-04-18,Advantus Rolling Drawer Organizers,Office Supplies,West,3,115.44,214
2012-04-18,Xerox 19,Office Supplies,West,2,61.96,25
2012-04-18,Newell 348,Office Supplies,Central,3,7.87,225
2012-04-18,"Boston School Pro Electric Pencil Sharpener, 1670",Office Supplies,Central,3,74.35,173
2012-04-18,Avery 486,Office Supplies,East,3,21.93,225
2012-04-18,"GBC Standard Recycled Report Covers, Clear Plastic Sheets",Office Supplies,Central,2,4.31,28
2012-04-18,"Global Leather Task Chair, Black",Furniture,Central,1,89.99,3
2012-04-18,Longer-Life Soft White Bulbs,Furniture,Central,2,6.16,208
2012-04-18,"Global Geo Office Task Chair, Gray",Furniture,Central,1,56.69,98
2012-04-18,Avery 485,Office Supplies,Central,6,75.18,140
2012-04-18,"C-Line Peel & Stick Add-On Filing Pockets, 8-3/4 x 5-1/8, 10/Pack",Office Supplies,Central,6,38.22,232
2012-04-19,Fellowes PB300 Plastic Comb Binding Machine,Office Supplies,Central,4,310.39,38
2012-04-19,"Fellowes Premier Superior Surge Suppressor, 10-Outlet, With Phone and Remote",Office Supplies,Central,2,19.57,14
2012-04-20,Xerox 2,Office Supplies,South,2,12.96,118
2012-04-20,"GE 48' Fluorescent Tube, Cool White Energy Saver, 34 Watts, 30/Box",Furniture,South,6,595.38,28
2012-04-20,Xerox 1916,Office Supplies,Central,3,117.46,156
2012-04-20,Pyle PMP37LED,Technology,South,3,287.97,74
2012-04-20,Tyvek Side-Opening Peel & Seel Expanding Envelopes,Office Supplies,Central,2,180.96,115
2012-04-21,Tenex 'The Solids' Textured Chair Mats,Furniture,South,3,209.88,31
2012-04-21,"Wilson Jones Hanging View Binder, White, 1'",Office Supplies,South,3,21.3,129
2012-04-21,Global Deluxe Office Fabric Chairs,Furniture,South,2,191.96,174
2012-04-21,Jabra SPEAK 410,Technology,South,5,469.95,205
2012-04-22,"Logitech B530 USB Headset - headset - Full size, Binaural",Technology,West,3,88.78,83
2012-04-22,Boston 1730 StandUp Electric Pencil Sharpener,Office Supplies,West,3,64.14,21
2012-04-24,"BOSTON Ranger #55 Pencil Sharpener, Black",Office Supplies,East,1,25.99,202
2012-04-25,Laser & Ink Jet Business Envelopes,Office Supplies,West,2,21.34,26
2012-04-25,Fellowes Black Plastic Comb Bindings,Office Supplies,West,3,13.94,194
2012-04-25,Newell 324,Office Supplies,Central,5,57.75,80
2012-04-25,Belkin 5 Outlet SurgeMaster Power Centers,Office Supplies,Central,5,272.4,125
2012-04-25,"SAFCO Commercial Wire Shelving, Black",Office Supplies,Central,2,221.02,235
2012-04-25,"Holmes Replacement Filter for HEPA Air Cleaner, Very Large Room, HEPA Filter",Office Supplies,East,3,206.43,183
2012-04-25,"Global Armless Task Chair, Royal Blue",Furniture,Central,3,128.06,91
2012-04-26,GBC Premium Transparent Covers with Diagonal Lined Pattern,Office Supplies,West,3,50.35,220
2012-04-26,RCA ViSYS 25825 Wireless digital phone,Technology,West,3,311.98,20
2012-04-26,Hon 4070 Series Pagoda Armless Upholstered Stacking Chairs,Furniture,Central,2,408.42,46
2012-04-26,SAFCO Optional Arm Kit for Workspace Cribbage Stacking Chair,Furniture,West,3,63.94,207
2012-04-26,Safco Industrial Wire Shelving System,Office Supplies,South,1,72.78,100
2012-04-26,"Tenex Traditional Chairmats for Medium Pile Carpet, Standard Lip, 36' x 48'",Furniture,South,2,97.04,186
2012-04-26,High-Back Leather Manager's Chair,Furniture,South,8,831.94,83
2012-04-26,Newell 345,Office Supplies,West,3,59.52,5
2012-04-26,Bretford CR4500 Series Slim Rectangular Table,Furniture,South,1,191.52,146
2012-04-26,Crayola Colored Pencils,Office Supplies,South,1,2.62,184
2012-04-27,Staples,Office Supplies,East,3,22.74,196
2012-04-27,Cisco SPA525G2 5-Line IP Phone,Technology,East,8,1379.92,130
2012-04-27,Global Comet Stacking Arm Chair,Furniture,East,3,1267.53,0
2012-04-27,Acme Value Line Scissors,Office Supplies,West,2,5.84,57
2012-04-27,Belkin 6 Outlet Metallic Surge Strip,Office Supplies,West,5,43.56,123
2012-04-28,Akro-Mils 12-Gallon Tote,Office Supplies,Central,3,23.83,165
2012-04-28,Holmes Odor Grabber,Office Supplies,Central,3,8.65,14
2012-04-28,Kensington 7 Outlet MasterPiece Power Center with Fax/Phone Line Protection,Office Supplies,Central,1,186.73,161
2012-04-28,Fellowes PB500 Electric Punch Plastic Comb Binding Machine with Manual Bind,Office Supplies,Central,3,3812.97,188
2012-04-28,"GBC Twin Loop Wire Binding Elements, 9/16' Spine, Black",Office Supplies,Central,4,12.18,162
2012-04-29,Xerox 1949,Office Supplies,East,2,7.97,63
2012-04-30,Cisco Unified IP Phone 7945G VoIP phone,Technology,East,5,1022.97,240
2012-04-30,"Global Value Mid-Back Manager's Chair, Gray",Furniture,Central,5,213.12,24
2012-04-30,Newell 324,Office Supplies,West,3,34.65,23
2012-04-30,Weyerhaeuser First Choice Laser/Copy Paper (20Lb. and 88 Bright),Office Supplies,East,1,6.48,11
2012-04-30,"Eldon Imàge Series Desk Accessories, Clear",Furniture,East,5,24.3,17
2012-04-30,"iKross Bluetooth Portable Keyboard + Cell Phone Stand Holder + Brush for Apple iPhone 5S 5C 5, 4S 4",Technology,East,10,209.5,14
2012-04-30,Cush Cases Heavy Duty Rugged Cover Case for Samsung Galaxy S5 - Purple,Technology,West,5,19.8,235
2012-04-30,"DAX Two-Tone Rosewood/Black Document Frame, Desktop, 5 x 7",Furniture,East,1,9.48,207
2012-04-30,"Eldon 200 Class Desk Accessories, Burgundy",Furniture,East,5,31.4,26
2012-05-01,"Fiskars 8' Scissors, 2/Pack",Office Supplies,South,3,41.38,71
2012-05-01,Panasonic KP-380BK Classic Electric Pencil Sharpener,Office Supplies,South,6,172.7,59
2012-05-01,Eldon Simplefile Box Office,Office Supplies,West,3,37.32,173
2012-05-01,"GBC Twin Loop Wire Binding Elements, 9/16' Spine, Black",Office Supplies,West,1,12.18,216
2012-05-01,OtterBox Defender Series Case - iPhone 5c,Technology,West,3,88.75,144
2012-05-01,Acme 10' Easy Grip Assistive Scissors,Office Supplies,West,2,35.06,92
2012-05-01,DAX Black Cherry Wood-Tone Poster Frame,Furniture,South,3,63.55,52
2012-05-02,Avery 501,Office Supplies,Central,3,8.86,7
2012-05-02,Samsung Rugby III,Technology,Central,3,158.38,78
2012-05-03,"Global Leather Highback Executive Chair with Pneumatic Height Adjustment, Black",Furniture,East,6,844.12,26
2012-05-03,Fellowes Bankers Box Stor/Drawer Steel Plus,Office Supplies,East,3,76.75,173
2012-05-03,Logitech Gaming G510s - Keyboard,Technology,West,4,339.96,49
2012-05-03,Xerox 1897,Office Supplies,East,2,7.97,243
2012-05-03,"Holmes Replacement Filter for HEPA Air Cleaner, Large Room",Office Supplies,East,2,23.7,198
2012-05-03,Ibico Recycled Linen-Style Covers,Office Supplies,West,2,62.5,130
2012-05-03,"Bravo II Megaboss 12-Amp Hard Body Upright, Replacement Belts, 2 Belts per Pack",Office Supplies,East,7,18.2,92
2012-05-03,SanDisk Cruzer 16 GB USB Flash Drive,Technology,East,3,27.55,191
2012-05-03,Newell 317,Office Supplies,West,3,8.82,171
2012-05-03,"Sanford Prismacolor Professional Thick Lead Art Pencils, 36-Color Set",Office Supplies,East,2,59.9,180
2012-05-03,GBC Linen Binding Covers,Office Supplies,West,2,49.57,23
2012-05-03,"Rubbermaid ClusterMat Chairmats, Mat Size- 66' x 60', Lip 20' x 11' -90 Degree Angle",Furniture,West,6,665.88,59
2012-05-03,Avery Binding System Hidden Tab Executive Style Index Sets,Office Supplies,West,3,13.85,121
2012-05-04,Staples,Furniture,Central,7,22.29,130
2012-05-04,Model L Table or Wall-Mount Pencil Sharpener,Office Supplies,Central,7,125.93,147
2012-05-04,Electrix 20W Halogen Replacement Bulb for Zoom-In Desk Lamp,Furniture,East,2,26.8,45
2012-05-04,ShoreTel ShorePhone IP 230 VoIP phone,Technology,Central,7,946.34,14
2012-05-07,Xerox 1902,Office Supplies,South,2,45.68,152
2012-05-07,Xerox 198,Office Supplies,Central,4,15.94,221
2012-05-07,Chromcraft Round Conference Tables,Furniture,Central,2,244.01,205
2012-05-08,Compact Automatic Electric Letter Opener,Office Supplies,East,3,357.93,198
2012-05-08,"Situations Contoured Folding Chairs, 4/Set",Furniture,East,2,127.76,16
2012-05-08,Xerox 1912,Office Supplies,East,2,37.94,125
2012-05-08,DAX Black Cherry Wood-Tone Poster Frame,Furniture,East,3,79.44,235
2012-05-08,VTech DS6151,Technology,Central,3,377.97,83
2012-05-08,"Deflect-o EconoMat Studded, No Bevel Mat for Low Pile Carpeting",Furniture,Central,3,123.96,227
2012-05-08,Xerox 204,Office Supplies,East,3,19.44,8
2012-05-08,"Eldon Regeneration Recycled Desk Accessories, Smoke",Furniture,East,6,8.35,165
2012-05-08,Newell 321,Office Supplies,West,2,5.25,175
2012-05-08,Wilson Jones Legal Size Ring Binders,Office Supplies,Central,2,43.98,248
2012-05-08,Sharp AL-1530CS Digital Copier,Technology,East,7,2799.94,187
2012-05-09,"Acco Flexible ACCOHIDE Square Ring Data Binder, Dark Blue, 11 1/2' X 14' 7/8'",Office Supplies,South,3,48.81,62
2012-05-10,Boston KS Multi-Size Manual Pencil Sharpener,Office Supplies,Central,2,36.78,213
2012-05-10,Belkin Standard 104 key USB Keyboard,Technology,West,4,46.69,245
2012-05-10,Tripp Lite Isotel 8 Ultra 8 Outlet Metal Surge,Office Supplies,Central,5,70.97,244
2012-05-11,Global Chrome Stack Chair,Furniture,West,7,191.97,116
2012-05-12,Xerox 1953,Office Supplies,West,6,25.68,129
2012-05-12,VTech DS6151,Technology,West,2,201.58,87
2012-05-12,Digium D40 VoIP phone,Technology,Central,6,619.15,71
2012-05-12,DAX Wood Document Frame.,Furniture,Central,4,21.97,138
2012-05-12,Prestige Round Ring Binders,Office Supplies,West,3,14.59,63
2012-05-12,Portable Personal File Box,Office Supplies,East,3,36.63,204
2012-05-12,Xerox 1964,Office Supplies,Central,7,127.9,208
2012-05-12,Xerox 1962,Office Supplies,West,3,12.84,71
2012-05-13,Advantus Plastic Paper Clips,Office Supplies,Central,4,16.0,20
2012-05-13,Toshiba IPT2010-SD IP Telephone,Technology,Central,2,222.38,17
2012-05-14,"Tennsco Snap-Together Open Shelving Units, Starter Sets and Add-On Units",Office Supplies,West,4,1117.92,221
2012-05-14,"Binney & Smith Crayola Metallic Crayons, 16-Color Pack",Office Supplies,East,1,2.7,63
2012-05-14,Wilson Jones Custom Binder Spines & Labels,Office Supplies,East,3,4.9,81
2012-05-14,GBC Linen Binding Covers,Office Supplies,East,2,18.59,109
2012-05-14,"Avery 4027 File Folder Labels for Dot Matrix Printers, 5000 Labels per Box, White",Office Supplies,East,4,97.7,238
2012-05-14,"Global Leather and Oak Executive Chair, Black",Furniture,West,3,722.35,94
2012-05-14,Jet-Pak Recycled Peel 'N' Seal Padded Mailers,Office Supplies,East,7,200.98,165
2012-05-14,Avery 490,Office Supplies,East,4,47.36,31
2012-05-14,"Boston School Pro Electric Pencil Sharpener, 1670",Office Supplies,East,8,198.27,10
2012-05-14,Novimex Fabric Task Chair,Furniture,West,2,97.57,44
2012-05-14,Dana Halogen Swing-Arm Architect Lamp,Furniture,West,3,122.91,216
2012-05-14,"Bush Andora Bookcase, Maple/Graphite Gray Finish",Furniture,West,5,509.96,32
2012-05-15,Wausau Papers Astrobrights Colored Envelopes,Office Supplies,South,3,17.94,101
2012-05-15,Fellowes Neat Ideas Storage Cubes,Office Supplies,East,2,51.97,168
2012-05-16,Razer Kraken PRO Over Ear PC and Music Headset,Technology,South,4,255.97,135
2012-05-17,Self-Adhesive Removable Labels,Office Supplies,East,10,31.5,10
2012-05-17,GBC Twin Loop Wire Binding Elements,Office Supplies,Central,5,33.28,213
2012-05-17,"Acme Hot Forged Carbon Steel Scissors with Nickel-Plated Handles, 3 7/8' Cut, 8'L",Office Supplies,East,4,55.6,178
2012-05-17,Things To Do Today Pad,Office Supplies,Central,3,14.09,87
2012-05-18,"Wirebound Message Book, 4 per Page",Office Supplies,West,2,10.86,40
2012-05-20,"Dana Fluorescent Magnifying Lamp, White, 36'",Furniture,South,4,163.14,144
2012-05-20,Pressboard Data Binders by Wilson Jones,Office Supplies,South,4,6.41,75
2012-05-21,Ibico Plastic and Wire Spiral Binding Combs,Office Supplies,West,4,26.98,120
2012-05-21,"Wilson Jones Ledger-Size, Piano-Hinge Binder, 2', Blue",Office Supplies,East,2,24.59,45
2012-05-21,Fellowes Basic Home/Office Series Surge Protectors,Office Supplies,Central,8,20.77,159
2012-05-22,Pizazz Global Quick File,Office Supplies,West,7,104.79,206
2012-05-22,Zebra GX420t Direct Thermal/Thermal Transfer Printer,Technology,West,7,2973.32,79
2012-05-22,Avery 476,Office Supplies,West,2,8.26,53
2012-05-22,Aastra 57i VoIP phone,Technology,West,6,775.73,85
2012-05-23,Westinghouse Clip-On Gooseneck Lamps,Furniture,Central,9,75.33,91
2012-05-23,Cameo Buff Policy Envelopes,Office Supplies,South,3,186.69,147
2012-05-23,Harmony Air Purifier,Office Supplies,Central,5,850.5,160
2012-05-23,Cardinal EasyOpen D-Ring Binders,Office Supplies,West,7,19.19,201
2012-05-23,Fellowes Superior 10 Outlet Split Surge Protector,Office Supplies,West,4,121.79,167
2012-05-23,Advantus Rolling Storage Box,Office Supplies,East,3,51.45,159
2012-05-24,Avery Heavy-Duty EZD View Binder with Locking Rings,Office Supplies,Central,6,7.66,241
2012-05-24,"Global High-Back Leather Tilter, Burgundy",Furniture,Central,7,602.65,96
2012-05-25,Logitech G35 7.1-Channel Surround Sound Headset,Technology,Central,2,207.98,1
2012-05-25,Wi-Ex zBoost YX540 Cellular Phone Signal Booster,Technology,South,4,467.04,224
2012-05-25,Kensington 4 Outlet MasterPiece Compact Power Control Center,Office Supplies,West,13,845.73,32
2012-05-25,Xerox 1978,Office Supplies,Central,7,32.37,232
2012-05-25,Ultra Door Push Plate,Furniture,West,3,14.73,204
2012-05-25,GBC DocuBind P50 Personal Binding Machine,Office Supplies,Central,2,127.96,157
2012-05-25,Fiskars Spring-Action Scissors,Office Supplies,Central,2,22.37,160
2012-05-25,SANFORD Major Accent Highlighters,Office Supplies,Central,3,21.24,76
2012-05-26,StarTech.com 10/100 VDSL2 Ethernet Extender Kit,Technology,Central,2,399.54,115
2012-05-26,Novimex Swivel Fabric Task Chair,Furniture,Central,1,105.69,153
2012-05-26,Xerox 1991,Office Supplies,South,1,18.27,149
2012-05-26,"DAX Metal Frame, Desktop, Stepped-Edge",Furniture,West,1,20.24,102
2012-05-26,"Global Stack Chair with Arms, Black",Furniture,Central,5,104.93,193
2012-05-26,Xerox 1937,Office Supplies,South,4,153.73,165
2012-05-26,Security-Tint Envelopes,Office Supplies,South,2,12.22,102
2012-05-26,Logitech 910-002974 M325 Wireless Mouse for Web Scrolling,Technology,South,7,167.94,89
2012-05-28,Boston 16701 Slimline Battery Pencil Sharpener,Office Supplies,East,3,47.82,173
2012-05-28,Newell 311,Office Supplies,West,3,6.63,121
2012-05-28,"Acco Pressboard Covers with Storage Hooks, 9 1/2' x 11', Executive Red",Office Supplies,East,2,6.1,241
2012-05-28,Avery 494,Office Supplies,East,5,13.05,142
2012-05-28,"Personal Filing Tote with Lid, Black/Gray",Office Supplies,East,5,77.55,225
2012-05-28,Acco Perma 4000 Stacking Storage Drawers,Office Supplies,East,1,16.24,105
2012-05-28,Panasonic Kx-TS550,Technology,East,1,45.99,118
2012-05-28,"Hot File 7-Pocket, Floor Stand",Office Supplies,East,3,535.41,171
2012-05-28,Xerox 219,Office Supplies,East,7,45.36,48
2012-05-29,Avery Trapezoid Extra Heavy Duty 4' Binders,Office Supplies,West,5,167.76,103
2012-05-29,Tensor 'Hersey Kiss' Styled Floor Lamp,Furniture,East,4,41.57,202
2012-05-29,Novimex Swivel Fabric Task Chair,Furniture,East,3,317.06,60
2012-05-29,Ideal Clamps,Office Supplies,East,5,8.04,194
2012-05-29,Xerox 1894,Office Supplies,West,5,32.4,122
2012-05-29,Staples,Office Supplies,East,3,85.06,133
2012-05-29,Avery 476,Office Supplies,Central,3,12.39,8
2012-05-29,Standard Rollaway File with Lock,Office Supplies,West,3,540.57,5
2012-05-30,Plantronics MX500i Earset,Technology,East,3,128.85,72
2012-05-30,RCA H5401RE1 DECT 6.0 4-Line Cordless Handset With Caller ID/Call Waiting,Technology,East,3,239.97,102
2012-05-30,Imation Secure Drive + Hardware Encrypted USB flash drive - 16 GB,Technology,South,4,151.96,222
2012-05-30,"Eureka The Boss Lite 10-Amp Upright Vacuum, Blue",Office Supplies,East,2,160.32,159
2012-05-31,Fellowes Super Stor/Drawer Files,Office Supplies,West,2,323.1,40
2012-05-31,3M Hangers With Command Adhesive,Furniture,East,6,22.2,113
2012-05-31,"Tenex Traditional Chairmats for Hard Floors, Average Lip, 36' x 48'",Furniture,Central,2,51.56,203
2012-05-31,Xerox 1988,Office Supplies,Central,7,173.49,7
2012-05-31,Avery 501,Office Supplies,Central,2,5.9,71
2012-05-31,O'Sullivan Living Dimensions 3-Shelf Bookcases,Furniture,West,7,1406.86,177
2012-05-31,Xerox 1889,Office Supplies,East,5,274.8,91
2012-05-31,"Fellowes Mobile File Cart, Black",Office Supplies,East,1,62.18,61
2012-05-31,Eldon Image Series Black Desk Accessories,Furniture,East,2,8.28,83
2012-05-31,Hon Pagoda Stacking Chairs,Furniture,Central,8,2567.84,61
2012-05-31,Bagged Rubber Bands,Office Supplies,East,6,7.56,110
2012-05-31,"Tenex Personal Project File with Scoop Front Design, Black",Office Supplies,West,6,80.88,126
2012-05-31,Xerox 1883,Office Supplies,West,4,105.52,6
2012-05-31,Southworth 25% Cotton Antique Laid Paper & Envelopes,Office Supplies,West,7,58.38,202
2012-05-31,Newell 347,Office Supplies,South,3,10.27,83
2012-05-31,Storex Dura Pro Binders,Office Supplies,Central,3,3.56,207
2012-05-31,Self-Adhesive Removable Labels,Office Supplies,West,5,15.75,131
2012-06-01,"Adams Telephone Message Book W/Dividers/Space For Phone Numbers, 5 1/4'X8 1/2', 300/Messages",Office Supplies,West,2,11.76,133
2012-06-01,Polycom CX300 Desktop Phone USB VoIP phone,Technology,Central,2,299.98,57
2012-06-01,Xerox 1928,Office Supplies,Central,10,42.24,21
2012-06-01,Avery 491,Office Supplies,Central,7,28.91,153
2012-06-01,"iKross Bluetooth Portable Keyboard + Cell Phone Stand Holder + Brush for Apple iPhone 5S 5C 5, 4S 4",Technology,Central,2,41.9,126
2012-06-01,Avery Poly Binder Pockets,Office Supplies,Central,8,5.73,2
2012-06-01,Catalog Binders with Expanding Posts,Office Supplies,Central,6,403.68,126
2012-06-04,Logitech Wireless Anywhere Mouse MX for PC and Mac,Technology,West,2,119.98,40
2012-06-04,"Wirebound Message Books, Two 4 1/4' x 5' Forms per Page",Office Supplies,East,4,30.44,187
2012-06-04,Executive Impressions 10' Spectator Wall Clock,Furniture,East,3,35.28,105
2012-06-04,Avery 501,Office Supplies,West,2,7.38,13
2012-06-04,"Binney & Smith Crayola Metallic Colored Pencils, 8-Color Set",Office Supplies,West,2,9.26,202
2012-06-04,Logitech Z-906 Speaker sys - home theater - 5.1-CH,Technology,West,3,989.97,209
2012-06-05,Hon Every-Day Series Multi-Task Chairs,Furniture,East,9,1522.64,245
2012-06-05,Xerox 1981,Office Supplies,Central,2,10.56,11
2012-06-07,Avery Fluorescent Highlighter Four-Color Set,Office Supplies,East,3,8.02,86
2012-06-07,Xerox 200,Office Supplies,East,5,25.92,11
2012-06-07,Aluminum Screw Posts,Office Supplies,East,4,18.31,140
2012-06-07,Staples,Office Supplies,West,5,7.52,24
2012-06-08,Smead Alpha-Z Color-Coded Name Labels First Letter Starter Set,Office Supplies,South,3,9.0,44
2012-06-08,"Advantus Employee of the Month Certificate Frame, 11 x 13-1/2",Furniture,South,7,173.21,242
2012-06-08,Newell 344,Office Supplies,South,2,4.45,121
2012-06-08,Xerox 1963,Office Supplies,South,10,42.24,146
2012-06-08,Fellowes Super Stor/Drawer Files,Office Supplies,South,4,516.96,54
2012-06-08,Xerox 1951,Office Supplies,South,7,173.49,237
2012-06-08,"Premier Elliptical Ring Binder, Black",Office Supplies,South,2,18.26,99
2012-06-08,Hoover Shoulder Vac Commercial Portable Vacuum,Office Supplies,Central,2,143.13,172
2012-06-08,Maxell 4.7GB DVD+R 5/Pack,Technology,Central,3,2.38,135
2012-06-09,Xerox 1995,Office Supplies,Central,2,12.96,220
2012-06-09,Green Canvas Binder for 8-1/2' x 14' Sheets,Office Supplies,South,5,64.2,118
2012-06-09,"Wilson Jones Elliptical Ring 3 1/2' Capacity Binders, 800 sheets",Office Supplies,South,3,38.52,52
2012-06-09,Vinyl Sectional Post Binders,Office Supplies,South,3,113.1,182
2012-06-09,Luxo Adjustable Task Clamp Lamp,Furniture,West,4,355.36,31
2012-06-09,Dexim XPower Skin Super-Thin Power Case for iPhone 5 - Black,Technology,West,3,140.38,50
2012-06-09,Logitech Keyboard K120,Technology,South,5,72.6,43
2012-06-11,Cisco SPA301,Technology,South,2,249.58,81
2012-06-11,Hon 2090 Pillow Soft Series Mid Back Swivel/Tilt Chairs,Furniture,South,5,1123.92,197
2012-06-11,Fellowes High-Stak Drawer Files,Office Supplies,South,4,563.81,145
2012-06-11,Tennsco 16-Compartment Lockers with Coat Rack,Office Supplies,South,2,1036.62,210
2012-06-11,Ibico Laser Imprintable Binding System Covers,Office Supplies,South,5,78.6,149
2012-06-11,Seth Thomas 8 1/2' Cubicle Clock,Furniture,South,3,48.67,36
2012-06-11,"Hunt PowerHouse Electric Pencil Sharpener, Blue",Office Supplies,South,2,60.77,95
2012-06-11,GBC Standard Plastic Binding Systems' Combs,Office Supplies,South,2,3.77,55
2012-06-11,Xerox 222,Office Supplies,South,5,32.4,104
2012-06-11,DAX Clear Channel Poster Frame,Furniture,South,2,29.16,58
2012-06-11,"Boston Electric Pencil Sharpener, Model 1818, Charcoal Black",Office Supplies,South,2,56.3,130
2012-06-11,Kingston Digital DataTraveler 16GB USB 2.0,Technology,South,6,53.7,155
2012-06-11,"SlimView Poly Binder, 3/8'",Office Supplies,South,7,36.26,201
2012-06-12,Xerox 1997,Office Supplies,East,4,20.74,242
2012-06-12,Speck Products Candyshell Flip Case,Technology,South,2,55.98,34
2012-06-12,"DataProducts Ampli Magnifier Task Lamp, Black,",Furniture,East,2,43.3,188
2012-06-12,Recycled Eldon Regeneration Jumbo File,Office Supplies,Central,2,24.56,92
2012-06-12,"Perma STOR-ALL Hanging File Box, 13 1/8'W x 12 1/4'D x 10 1/2'H",Office Supplies,East,5,29.9,181
2012-06-13,Lenovo 17-Key USB Numeric Keypad,Technology,East,2,67.98,190
2012-06-13,"ACCOHIDE 3-Ring Binder, Blue, 1'",Office Supplies,East,2,8.26,206
2012-06-13,Xerox 204,Office Supplies,South,5,32.4,96
2012-06-13,Xerox 202,Office Supplies,South,1,6.48,134
2012-06-13,Avery Heavy-Duty EZD View Binder with Locking Rings,Office Supplies,South,3,19.14,75
2012-06-13,Aluminum Screw Posts,Office Supplies,West,3,36.62,48
2012-06-13,Newell 31,Office Supplies,South,6,24.78,93
2012-06-13,Newell 320,Office Supplies,East,1,3.42,212
2012-06-13,Brother DCP1000 Digital 3 in 1 Multifunction Machine,Technology,South,3,899.97,158
2012-06-13,Recycled Easel Ring Binders,Office Supplies,East,2,29.84,185
2012-06-14,"Eldon Expressions Punched Metal & Wood Desk Accessories, Pewter & Cherry",Furniture,East,6,51.07,188
2012-06-15,Xerox 1895,Office Supplies,West,2,9.57,23
2012-06-15,"Belkin 19' Vented Equipment Shelf, Black",Office Supplies,West,2,82.37,147
2012-06-15,"DAX Copper Panel Document Frame, 5 x 7 Size",Furniture,West,4,40.26,36
2012-06-15,Belkin Standard 104 key USB Keyboard,Technology,South,1,11.67,3
2012-06-15,Eldon 'L' Workstation Diamond Chairmat,Furniture,West,6,364.7,219
2012-06-15,Jabra SPEAK 410,Technology,West,3,225.58,107
2012-06-16,Peel & Seel Envelopes,Office Supplies,East,2,6.21,125
2012-06-16,Xerox 188,Office Supplies,Central,3,27.22,19
2012-06-16,Staples,Office Supplies,Central,3,28.75,187
2012-06-16,Office Star - Contemporary Swivel Chair with Padded Adjustable Arms and Flex Back,Furniture,Central,2,197.37,151
2012-06-16,RCA Visys Integrated PBX 8-Line Router,Technology,East,2,133.98,49
2012-06-16,Fellowes PB500 Electric Punch Plastic Comb Binding Machine with Manual Bind,Office Supplies,East,3,3050.38,176
2012-06-18,Tennsco Double-Tier Lockers,Office Supplies,South,2,450.04,178
2012-06-18,Wilson Jones International Size A4 Ring Binders,Office Supplies,South,2,34.6,95
2012-06-18,Cisco SPA301,Technology,South,3,467.97,104
2012-06-18,JM Magazine Binder,Office Supplies,South,2,33.02,163
2012-06-18,Flat Face Poster Frame,Furniture,West,5,75.36,249
2012-06-18,Aluminum Screw Posts,Office Supplies,West,2,9.16,116
2012-06-18,Peel & Stick Add-On Corner Pockets,Office Supplies,West,7,4.54,97
2012-06-18,Xerox 1922,Office Supplies,West,3,11.95,227
2012-06-18,Seth Thomas 8 1/2' Cubicle Clock,Furniture,South,3,60.84,65
2012-06-18,"Dixon Prang Watercolor Pencils, 10-Color Set with Brush",Office Supplies,South,4,13.63,78
2012-06-18,"BOSTON Ranger #55 Pencil Sharpener, Black",Office Supplies,West,2,51.98,161
2012-06-18,Avery Self-Adhesive Photo Pockets for Polaroid Photos,Office Supplies,South,3,6.13,163
2012-06-18,Xerox 21,Office Supplies,South,4,20.74,5
2012-06-18,"Global Leather Highback Executive Chair with Pneumatic Height Adjustment, Black",Furniture,South,4,643.14,38
2012-06-19,Self-Adhesive Address Labels for Typewriters with Dispenser Box,Office Supplies,East,2,5.9,169
2012-06-19,Eldon 200 Class Desk Accessories,Furniture,West,2,12.56,242
2012-06-19,Xerox 231,Office Supplies,West,1,6.48,114
2012-06-19,Recycled Steel Personal File for Hanging File Folders,Office Supplies,Central,5,228.92,185
2012-06-19,Cameo Buff Policy Envelopes,Office Supplies,West,3,186.69,245
2012-06-19,"GBC White Gloss Covers, Plain Front",Office Supplies,Central,2,5.79,124
2012-06-20,Razer Tiamat Over Ear 7.1 Surround Sound PC Gaming Headset,Technology,East,2,319.98,11
2012-06-20,netTALK DUO VoIP Telephone Service,Technology,West,3,125.98,130
2012-06-20,Howard Miller 13' Diameter Pewter Finish Round Wall Clock,Furniture,West,6,257.64,236
2012-06-20,Griffin GC36547 PowerJolt SE Lightning Charger,Technology,West,7,125.94,17
2012-06-21,Innergie mMini Combo Duo USB Travel Charging Kit,Technology,South,3,107.98,39
2012-06-22,GBC Ibimaster 500 Manual ProClick Binding System,Office Supplies,East,2,1217.57,20
2012-06-22,"OIC Binder Clips, Mini, 1/4' Capacity, Black",Office Supplies,West,4,4.96,142
2012-06-22,Hon Rectangular Conference Tables,Furniture,Central,7,796.42,224
2012-06-23,Pyle PRT45 Retro Home Telephone,Technology,West,4,201.57,98
2012-06-23,JBL Micro Wireless Portable Bluetooth Speaker,Technology,West,3,143.98,25
2012-06-23,Assorted Color Push Pins,Office Supplies,West,3,5.43,7
2012-06-23,"Eldon Stackable Tray, Side-Load, Legal, Smoke",Furniture,South,3,27.42,99
2012-06-23,"Plantronics CS 50-USB - headset - Convertible, Monaural",Technology,West,2,217.58,239
2012-06-23,Dell Slim USB Multimedia Keyboard,Technology,South,3,75.0,221
2012-06-23,GBC DocuBind P100 Manual Binding Machine,Office Supplies,South,1,165.98,86
2012-06-25,Tennsco Industrial Shelving,Office Supplies,East,2,78.26,41
2012-06-25,Tennsco Regal Shelving Units,Office Supplies,West,3,304.23,171
2012-06-25,Xerox 211,Office Supplies,East,6,31.1,13
2012-06-25,Dana Halogen Swing-Arm Architect Lamp,Furniture,West,5,204.85,77
2012-06-25,Xerox 1884,Office Supplies,Central,3,47.95,1
2012-06-25,"GBC Velobind Prepunched Cover Sets, Regency Series",Office Supplies,West,3,88.75,118
2012-06-25,"Avery Triangle Shaped Sheet Lifters, Black, 2/Pack",Office Supplies,Central,2,0.98,36
2012-06-25,"GE General Use Halogen Bulbs, 100 Watts, 1 Bulb per Pack",Furniture,Central,9,75.38,68
2012-06-25,Avery File Folder Labels,Office Supplies,Central,2,4.61,165
2012-06-25,Staples,Office Supplies,West,2,20.96,236
2012-06-26,Office Star - Contemporary Task Swivel Chair,Furniture,South,3,332.94,40
2012-06-26,GBC VeloBinder Manual Binding System,Office Supplies,South,4,143.96,61
2012-06-26,Polycom SoundStation2 EX Conference phone,Technology,Central,3,971.88,245
2012-06-26,Universal Premium White Copier/Laser Paper (20Lb. and 87 Bright),Office Supplies,East,9,43.06,59
2012-06-26,"Acco PRESSTEX Data Binder with Storage Hooks, Dark Blue, 9 1/2' X 11'",Office Supplies,South,8,43.04,124
2012-06-26,Sony 32GB Class 10 Micro SDHC R40 Memory Card,Technology,Central,2,41.9,110
2012-06-26,"Decoflex Hanging Personal Folder File, Blue",Office Supplies,South,1,15.42,13
2012-06-28,Xerox 1999,Office Supplies,East,3,15.55,247
2012-06-28,"Sauder Forest Hills Library with Doors, Woodland Oak Finish",Furniture,East,6,482.94,230
2012-06-28,Electrix Halogen Magnifier Lamp,Furniture,West,4,621.76,216
2012-06-28,Avery 501,Office Supplies,West,2,5.9,83
2012-06-28,"Boston Model 1800 Electric Pencil Sharpener, Gray",Office Supplies,South,5,140.75,129
2012-06-28,GBC Recycled Regency Composition Covers,Office Supplies,South,2,119.56,230
2012-06-29,"Ampad Phone Message Book, Recycled, 400 Message Capacity, 5 ¾ x 11",Office Supplies,East,4,24.96,69
2012-06-29,Cisco 8x8 Inc. 6753i IP Business Phone System,Technology,Central,2,269.98,144
2012-06-29,"Eldon Executive Woodline II Desk Accessories, Mahogany",Furniture,East,1,20.1,122
2012-06-29,Office Star - Mesh Screen back chair with Vinyl seat,Furniture,East,1,117.88,88
2012-07-02,"Global Wood Trimmed Manager's Task Chair, Khaki",Furniture,Central,6,382.12,248
2012-07-02,Advantus Rolling Storage Box,Office Supplies,Central,5,68.6,27
2012-07-02,Hon 4070 Series Pagoda Armless Upholstered Stacking Chairs,Furniture,Central,2,408.42,65
2012-07-02,Adjustable Depth Letter/Legal Cart,Office Supplies,Central,3,435.5,162
2012-07-02,Geemarc AmpliPOWER60,Technology,South,1,74.24,228
2012-07-02,"Adams Phone Message Book, Professional, 400 Message Capacity, 5 3/6 x 11",Office Supplies,Central,2,11.17,4
2012-07-02,24-Hour Round Wall Clock,Furniture,South,10,159.84,192
2012-07-02,Belkin 8 Outlet Surge Protector,Office Supplies,Central,4,32.78,167
2012-07-02,Xerox 1957,Office Supplies,South,3,15.55,203
2012-07-02,Wilson Jones Turn Tabs Binder Tool for Ring Binders,Office Supplies,South,2,2.89,183
2012-07-02,Things To Do Today Pad,Office Supplies,South,2,9.39,163
2012-07-02,Xerox 209,Office Supplies,East,3,19.44,44
2012-07-02,Staples,Office Supplies,South,3,11.95,150
2012-07-03,"Dot Matrix Printer Tape Reel Labels, White, 5000/Box",Office Supplies,South,3,294.93,46
2012-07-03,Novimex High-Tech Fabric Mesh Task Chair,Furniture,South,1,70.98,30
2012-07-03,Eldon Antistatic Chair Mats for Low to Medium Pile Carpets,Furniture,East,2,168.46,138
2012-07-03,Howard Miller 12' Round Wall Clock,Furniture,East,9,282.89,9
2012-07-03,"Important Message Pads, 50 4-1/4 x 5-1/2 Forms per Pad",Office Supplies,East,2,6.72,194
2012-07-04,Colorific Watercolor Pencils,Office Supplies,East,3,15.48,117
2012-07-04,Avery Premier Heavy-Duty Binder with Round Locking Rings,Office Supplies,West,2,22.85,13
2012-07-04,Mitel MiVoice 5330e IP Phone,Technology,Central,4,1099.96,79
2012-07-05,Avery 508,Office Supplies,South,3,11.78,201
2012-07-05,Stackable Trays,Furniture,South,2,4.93,92
2012-07-05,Durable Pressboard Binders,Office Supplies,Central,5,19.0,9
2012-07-05,Acco Perma 4000 Stacking Storage Drawers,Office Supplies,East,3,38.98,75
2012-07-05,HP Standard 104 key PS/2 Keyboard,Technology,East,3,34.8,93
2012-07-05,Wilson Jones Turn Tabs Binder Tool for Ring Binders,Office Supplies,South,5,7.23,104
2012-07-05,Stackable Trays,Furniture,South,2,4.93,0
2012-07-06,Iceberg Mobile Mega Data/Printer Cart ,Office Supplies,East,5,601.65,132
2012-07-06,OtterBox Commuter Series Case - Samsung Galaxy S4,Technology,East,5,124.95,19
2012-07-06,Bush Mission Pointe Library,Furniture,East,2,301.96,7
2012-07-06,Howard Miller 11-1/2' Diameter Ridgewood Wall Clock,Furniture,East,3,155.82,170
2012-07-06,G.E. Halogen Desk Lamp Bulbs,Furniture,East,2,13.96,203
2012-07-06,Novimex Turbo Task Chair,Furniture,West,3,170.35,0
2012-07-06,Newell 333,Office Supplies,East,4,11.12,56
2012-07-08,Xerox 1990,Office Supplies,Central,5,21.12,63
2012-07-09,Project Tote Personal File,Office Supplies,East,7,98.21,117
2012-07-09,Advantus Map Pennant Flags and Round Head Tacks,Office Supplies,East,4,15.8,211
2012-07-09,Fellowes Powershred HS-440 4-Sheet High Security Shredder,Technology,East,3,464.97,27
2012-07-09,Eldon ClusterMat Chair Mat with Cordless Antistatic Protection,Furniture,East,2,181.96,120
2012-07-09,"Acco 7-Outlet Masterpiece Power Center, Wihtout Fax/Phone Line Protection",Office Supplies,Central,2,48.63,106
2012-07-09,"Avery 05222 Permanent Self-Adhesive File Folder Labels for Typewriters, on Rolls, White, 250/Roll",Office Supplies,East,3,12.39,164
2012-07-09,Panasonic KX-TG9541B DECT 6.0 Digital 2-Line Expandable Cordless Phone With Digital Answering System,Technology,East,3,269.98,174
2012-07-09,Tops Wirebound Message Log Books,Office Supplies,East,2,6.58,228
2012-07-09,"Binney & Smith inkTank Desk Highlighter, Chisel Tip, Yellow, 12/Box",Office Supplies,South,3,5.16,203
2012-07-09,"Performers Binder/Pad Holder, Black",Office Supplies,East,3,84.09,164
2012-07-09,Prismacolor Color Pencil Set,Office Supplies,East,4,79.36,48
2012-07-09,GBC Recycled VeloBinder Covers,Office Supplies,East,9,153.36,240
2012-07-09,Wilson Jones Active Use Binders,Office Supplies,East,6,43.68,119
2012-07-09,"Wilson Jones Ledger-Size, Piano-Hinge Binder, 2', Blue",Office Supplies,East,3,122.94,43
2012-07-10,Large Capacity Hanging Post Binders,Office Supplies,West,2,39.92,55
2012-07-10,Accohide Poly Flexible Ring Binders,Office Supplies,West,3,3.37,155
2012-07-11,"Wilson Jones Ledger-Size, Piano-Hinge Binder, 2', Blue",Office Supplies,West,3,98.35,110
2012-07-11,Howard Miller 13-3/4' Diameter Brushed Chrome Round Wall Clock,Furniture,East,7,289.8,206
2012-07-11,Acco Suede Grain Vinyl Round Ring Binder,Office Supplies,East,3,2.5,133
2012-07-11,Newell 333,Office Supplies,East,5,11.12,107
2012-07-11,Novimex Fabric Task Chair,Furniture,East,8,341.49,188
2012-07-11,"Master Big Foot Doorstop, Beige",Furniture,East,6,25.34,147
2012-07-11,3M Organizer Strips,Office Supplies,East,4,6.48,113
2012-07-11,Xerox 1896,Office Supplies,West,3,29.97,77
2012-07-11,"Lesro Sheffield Collection Coffee Table, End Table, Center Table, Corner Table",Furniture,East,4,199.84,129
2012-07-11,Wilson Electronics DB Pro Signal Booster,Technology,East,2,716.0,200
2012-07-11,Tuf-Vin Binders,Office Supplies,East,7,221.06,36
2012-07-12,Newell 32,Office Supplies,Central,3,6.91,19
2012-07-12,Vtech CS6719,Technology,Central,4,307.17,25
2012-07-12,"Floodlight Indoor Halogen Bulbs, 1 Bulb per Pack, 60 Watts",Furniture,Central,1,7.76,28
2012-07-12,Geemarc AmpliPOWER60,Technology,Central,2,148.48,0
2012-07-12,Vtech CS6719,Technology,Central,7,537.54,118
2012-07-12,GE 2-Jack Phone Line Splitter,Technology,Central,4,659.17,34
2012-07-12,Tuff Stuff Recycled Round Ring Binders,Office Supplies,Central,2,1.93,197
2012-07-12,"Global Push Button Manager's Chair, Indigo",Furniture,Central,9,383.61,228
2012-07-13,GBC Plastic Binding Combs,Office Supplies,East,2,11.81,244
2012-07-13,Staples,Office Supplies,East,2,9.96,58
2012-07-13,Wilson Jones Heavy-Duty Casebound Ring Binders with Metal Hinges,Office Supplies,Central,6,41.57,68
2012-07-13,Xerox 1931,Office Supplies,South,6,38.88,160
2012-07-13,Safco Contoured Stacking Chairs,Furniture,East,9,1931.04,240
2012-07-14,"Hon Metal Bookcases, Black",Furniture,West,6,127.76,178
2012-07-14,SAFCO Arco Folding Chair,Furniture,West,2,441.92,205
2012-07-14,Xerox 1899,Office Supplies,West,4,18.5,11
2012-07-14,SAFCO Boltless Steel Shelving,Office Supplies,West,3,272.74,233
2012-07-16,"Acco Banker's Clasps, 5 3/4'-Long",Office Supplies,East,4,11.52,19
2012-07-16,Hon 4070 Series Pagoda Armless Upholstered Stacking Chairs,Furniture,West,3,700.15,180
2012-07-16,"White Envelopes, White Envelopes with Clear Poly Window",Office Supplies,East,9,137.25,241
2012-07-16,"Global Manager's Adjustable Task Chair, Storm",Furniture,East,1,150.98,215
2012-07-16,Kensington Orbit Wireless Mobile Trackball for PC and Mac,Technology,East,10,599.9,42
2012-07-16,Petty Cash Envelope,Office Supplies,East,3,80.88,125
2012-07-16,Hon 2090 Pillow Soft Series Mid Back Swivel/Tilt Chairs,Furniture,West,6,1348.7,225
2012-07-17,Avery 479,Office Supplies,Central,3,6.26,216
2012-07-17,Advantus T-Pin Paper Clips,Office Supplies,Central,4,14.43,49
2012-07-17,"Bush Westfield Collection Bookcases, Medium Cherry Finish",Furniture,South,5,231.92,28
2012-07-17,"Sauder Camden County Collection Libraries, Planked Cherry Finish",Furniture,West,2,195.47,184
2012-07-18,"Eldon Expressions Wood Desk Accessories, Oak",Furniture,East,1,7.38,38
2012-07-18,Newell 32,Office Supplies,East,2,5.76,222
2012-07-18,Economy Binders,Office Supplies,East,2,3.33,183
2012-07-18,Logitech G35 7.1-Channel Surround Sound Headset,Technology,West,4,519.96,238
2012-07-18,"Plantronics CS 50-USB - headset - Convertible, Monaural",Technology,East,1,135.99,170
2012-07-19,Wilson Jones DublLock D-Ring Binders,Office Supplies,West,1,2.02,177
2012-07-20,Xerox 1981,Office Supplies,Central,5,26.4,150
2012-07-20,Eldon Portable Mobile Manager,Office Supplies,Central,5,141.4,171
2012-07-20,Tops White Computer Printout Paper,Office Supplies,Central,2,97.82,37
2012-07-20,"Atlantic Metals Mobile 3-Shelf Bookcases, Custom Colors",Furniture,Central,5,913.43,83
2012-07-20,Pyle PMP37LED,Technology,Central,2,153.58,150
2012-07-20,O'Sullivan Cherrywood Estates Traditional Barrister Bookcase,Furniture,Central,4,384.94,127
2012-07-20,"Multi-Use Personal File Cart and Caster Set, Three Stacking Bins",Office Supplies,Central,1,34.76,125
2012-07-20,Avery Durable Binders,Office Supplies,Central,5,2.88,44
2012-07-20,"White Envelopes, White Envelopes with Clear Poly Window",Office Supplies,Central,7,106.75,51
2012-07-20,Imation Bio 8GB USB Flash Drive Imation Corp,Technology,Central,5,831.2,79
2012-07-23,Howard Miller 13' Diameter Pewter Finish Round Wall Clock,Furniture,East,3,128.82,177
2012-07-23,Belkin F5C206VTEL 6 Outlet Surge,Office Supplies,East,3,68.94,233
2012-07-23,Acco 3-Hole Punch,Office Supplies,East,3,10.51,123
2012-07-24,"Eldon Expressions Wood and Plastic Desk Accessories, Cherry Wood",Furniture,South,3,20.94,118
2012-07-24,"GBC Prepunched Paper, 19-Hole, for Binding Systems, 24-lb",Office Supplies,South,9,135.09,7
2012-07-24,Anker Ultra-Slim Mini Bluetooth 3.0 Wireless Keyboard,Technology,South,14,279.86,241
2012-07-24,"GBC Prepunched Paper, 19-Hole, for Binding Systems, 24-lb",Office Supplies,South,6,90.06,84
2012-07-25,Plymouth Boxed Rubber Bands by Plymouth,Office Supplies,West,2,9.42,128
2012-07-25,GBC Premium Transparent Covers with Diagonal Lined Pattern,Office Supplies,East,4,25.18,246
2012-07-25,"White Business Envelopes with Contemporary Seam, Recycled White Business Envelopes",Office Supplies,South,9,98.46,7
2012-07-25,Motorola L703CM,Technology,West,5,623.96,156
2012-07-25,"Bevis Round Conference Table Top, X-Base",Furniture,South,2,358.58,95
2012-07-25,Office Star - Professional Matrix Back Chair with 2-to-1 Synchro Tilt and Mesh Fabric Seat,Furniture,West,2,561.57,101
2012-07-25,"Sauder Forest Hills Library, Woodland Oak Finish",Furniture,West,5,704.9,4
2012-07-25,Xerox 228,Office Supplies,West,2,12.96,238
2012-07-26,"Acco Pressboard Covers with Storage Hooks, 9 1/2' x 11', Executive Red",Office Supplies,West,3,9.14,85
2012-07-26,Office Star - Contemporary Task Swivel Chair,Furniture,West,3,266.35,174
2012-07-26,Airmail Envelopes,Office Supplies,West,2,167.86,33
2012-07-26,Tuff Stuff Recycled Round Ring Binders,Office Supplies,West,6,23.14,192
2012-07-26,"Eureka Recycled Copy Paper 8 1/2' x 11', Ream",Office Supplies,East,2,10.37,54
2012-07-26,Newell 334,Office Supplies,West,5,99.2,118
2012-07-26,Bevis Boat-Shaped Conference Table,Furniture,West,3,393.16,217
2012-07-27,Mediabridge Sport Armband iPhone 5s,Technology,South,3,29.97,170
2012-07-30,Presstex Flexible Ring Binders,Office Supplies,West,3,10.92,201
2012-07-30,Regeneration Desk Collection,Furniture,West,3,5.28,157
2012-07-30,"Global Stack Chair without Arms, Black",Furniture,Central,6,155.88,113
2012-07-30,Eldon ProFile File 'N Store Portable File Tub Letter/Legal Size Black,Office Supplies,Central,4,61.79,209
2012-07-30,Logitech 910-002974 M325 Wireless Mouse for Web Scrolling,Technology,West,7,209.93,144
2012-07-31,Plantronics CS510 - Over-the-Head monaural Wireless Headset System,Technology,East,7,2309.65,25
2012-07-31,Bevis Round Bullnose 29' High Table Top,Furniture,East,7,1090.78,135
2012-07-31,Acme 10' Easy Grip Assistive Scissors,Office Supplies,Central,3,52.59,46
2012-07-31,Microsoft Sculpt Comfort Mouse,Technology,South,6,239.7,231
2012-07-31,Xerox 212,Office Supplies,East,3,19.44,112
2012-08-01,Prang Dustless Chalk Sticks,Office Supplies,West,4,6.72,75
2012-08-01,Hon 2111 Invitation Series Corner Table,Furniture,West,6,1004.98,218
2012-08-02,Okidata C331dn Printer,Technology,West,2,558.4,71
2012-08-02,"Important Message Pads, 50 4-1/4 x 5-1/2 Forms per Pad",Office Supplies,East,2,8.4,88
2012-08-02,Logitech G700s Rechargeable Gaming Mouse,Technology,East,2,199.98,45
2012-08-02,Balt Split Level Computer Training Table,Furniture,West,4,277.5,195
2012-08-02,Office Star Flex Back Scooter Chair with White Frame,Furniture,East,1,110.98,32
2012-08-02,Plantronics MX500i Earset,Technology,East,3,128.85,0
2012-08-02,Ibico Presentation Index for Binding Systems,Office Supplies,West,2,6.37,146
2012-08-05,Avery Self-Adhesive Photo Pockets for Polaroid Photos,Office Supplies,Central,1,1.36,30
2012-08-05,"Eldon Expressions Wood Desk Accessories, Oak",Furniture,Central,5,14.76,207
2012-08-05,"Perma STOR-ALL Hanging File Box, 13 1/8'W x 12 1/4'D x 10 1/2'H",Office Supplies,Central,7,33.49,141
2012-08-05,Stiletto Hand Letter Openers,Office Supplies,Central,3,23.04,52
2012-08-06,Xerox 188,Office Supplies,Central,3,27.22,47
2012-08-06,Xerox 1906,Office Supplies,Central,2,56.7,68
2012-08-06,Avery 505,Office Supplies,Central,3,35.52,104
2012-08-06,Avery Hole Reinforcements,Office Supplies,Central,5,6.23,89
2012-08-06,O'Sullivan Manor Hill 2-Door Library in Brianna Oak,Furniture,Central,3,369.2,189
2012-08-07,Stanley Contemporary Battery Pencil Sharpeners,Office Supplies,East,10,106.8,219
2012-08-07,Avery 50,Office Supplies,South,2,25.06,193
2012-08-07,"Acco Six-Outlet Power Strip, 4' Cord Length",Office Supplies,East,9,77.58,241
2012-08-07,"Wilson Jones Hanging View Binder, White, 1'",Office Supplies,Central,4,28.4,191
2012-08-07,Cardinal Hold-It CD Pocket,Office Supplies,West,3,19.15,197
2012-08-07,"Tenex V2T-RE Standard Weight Series Chair Mat, 45' x 53', Lip 25' x 12'",Furniture,Central,3,212.94,62
2012-08-07,"Ativa D5772 2-Line 5.8GHz Digital Expandable Corded/Cordless Phone System with Answering & Caller ID/Call Waiting, Black/Silver",Technology,South,3,494.97,72
2012-08-07,"ACCOHIDE 3-Ring Binder, Blue, 1'",Office Supplies,West,1,3.3,160
2012-08-08,"Boston 1827 Commercial Additional Cutter, Drive Gear & Gear Rack for 1606",Office Supplies,East,2,39.66,168
2012-08-08,Global Ergonomic Managers Chair,Furniture,West,1,144.78,88
2012-08-08,Presstex Flexible Ring Binders,Office Supplies,West,2,7.28,175
2012-08-08,Logitech G600 MMO Gaming Mouse,Technology,East,1,79.99,12
2012-08-08,"ACCOHIDE 3-Ring Binder, Blue, 1'",Office Supplies,West,2,6.61,72
2012-08-08,"Conquest 14 Commercial Heavy-Duty Upright Vacuum, Collection System, Accessory Kit",Office Supplies,East,2,113.92,244
2012-08-08,GBC DocuBind P50 Personal Binding Machine,Office Supplies,East,7,447.86,76
2012-08-09,KI Conference Tables,Furniture,East,9,382.81,158
2012-08-09,"Acco Clips to Go Binder Clips, 24 Clips in Two Sizes",Office Supplies,East,3,10.65,232
2012-08-09,Belkin QODE FastFit Bluetooth Keyboard,Technology,East,4,247.8,202
2012-08-09,GBC Ibimaster 500 Manual ProClick Binding System,Office Supplies,East,2,1217.57,67
2012-08-09,Artistic Insta-Plaque,Furniture,East,3,47.04,97
2012-08-09,"Sanford Uni-Blazer View Highlighters, Chisel Tip, Yellow",Office Supplies,Central,1,2.2,124
2012-08-09,Bevis 36 x 72 Conference Tables,Furniture,Central,5,622.45,101
2012-08-09,Longer-Life Soft White Bulbs,Furniture,East,2,6.16,237
2012-08-09,Xerox 1886,Office Supplies,East,3,143.7,131
2012-08-09,"Tennsco Lockers, Gray",Office Supplies,East,2,41.96,101
2012-08-09,OIC Stacking Trays,Furniture,East,3,10.02,18
2012-08-09,Rogers Deluxe File Chest,Office Supplies,Central,1,21.98,197
2012-08-09,Xerox 1885,Office Supplies,East,3,144.12,225
2012-08-09,Nortel Meridian M3904 Professional Digital phone,Technology,East,2,307.98,81
2012-08-09,O'Sullivan Cherrywood Estates Traditional Barrister Bookcase,Furniture,Central,5,687.4,140
2012-08-09,Avery File Folder Labels,Office Supplies,South,2,4.61,232
2012-08-09,Panasonic KX-TG9471B,Technology,East,5,979.95,22
2012-08-10,Fellowes 8 Outlet Superior Workstation Surge Protector,Office Supplies,West,4,133.47,82
2012-08-10,AT&T 1080 Corded phone,Technology,West,4,438.37,108
2012-08-10,Peel-Off China Markers,Office Supplies,Central,3,29.79,74
2012-08-10,Avery 489,Office Supplies,Central,4,41.4,128
2012-08-10,Avery 480,Office Supplies,Central,1,3.75,87
2012-08-10,OtterBox Commuter Series Case - Samsung Galaxy S4,Technology,West,7,139.94,53
2012-08-10,GBC Binding covers,Office Supplies,Central,5,64.75,198
2012-08-11,Newell 330,Office Supplies,East,2,11.96,88
2012-08-11,AT&T 841000 Phone,Technology,East,2,138.0,212
2012-08-11,Executive Impressions 13' Clairmont Wall Clock,Furniture,South,3,46.15,142
2012-08-13,Newell 309,Office Supplies,South,7,64.68,64
2012-08-13,Avery Round Ring Poly Binders,Office Supplies,Central,4,11.36,75
2012-08-13,Staples,Office Supplies,South,3,5.64,249
2012-08-13,Ultra Door Pull Handle,Furniture,West,3,31.56,198
2012-08-13,50 Colored Long Pencils,Office Supplies,West,5,50.8,142
2012-08-13,Fellowes High-Stak Drawer Files,Office Supplies,East,3,422.86,148
2012-08-15,Fellowes Super Stor/Drawer Files,Office Supplies,West,2,323.1,146
2012-08-15,Mobile Personal File Cube,Office Supplies,West,3,70.26,59
2012-08-15,Tensor Computer Mounted Lamp,Furniture,West,7,104.23,92
2012-08-16,Avery 488,Office Supplies,West,2,5.04,216
2012-08-16,O'Sullivan Plantations 2-Door Library in Landvery Oak,Furniture,East,3,301.47,160
2012-08-16,Cisco IP Phone 7961G-GE VoIP phone,Technology,East,4,519.79,48
2012-08-16,Newell 346,Office Supplies,West,1,2.3,223
2012-08-16,Iris Project Case,Office Supplies,East,7,44.69,240
2012-08-16,Xerox 199,Office Supplies,East,3,10.27,34
2012-08-16,SanDisk Ultra 16 GB MicroSDHC Class 10 Memory Card,Technology,East,3,31.18,171
2012-08-16,Samsung Galaxy S4 Mini,Technology,West,5,1879.96,101
2012-08-16,Xerox 1891,Office Supplies,West,8,313.02,217
2012-08-16,Xerox 227,Office Supplies,East,2,10.37,10
2012-08-16,Avery Durable Plastic 1' Binders,Office Supplies,East,2,2.72,98
2012-08-16,Avery Durable Slant Ring Binders With Label Holder,Office Supplies,East,3,3.76,199
2012-08-16,"Tenex 46' x 60' Computer Anti-Static Chairmat, Rectangular Shaped",Furniture,East,3,254.35,109
2012-08-17,Newell 336,Office Supplies,West,3,10.27,205
2012-08-17,Xerox 21,Office Supplies,West,7,36.29,73
2012-08-17,Wilson Jones Snap Scratch Pad Binder Tool for Ring Binders,Office Supplies,East,9,52.2,193
2012-08-17,First Data FD10 PIN Pad,Technology,West,4,252.8,173
2012-08-17,Imation Clip USB flash drive - 8 GB,Technology,West,2,30.08,8
2012-08-21,"SAFCO Commercial Wire Shelving, Black",Office Supplies,East,6,663.07,2
2012-08-21,Carina Double Wide Media Storage Towers in Natural & Black,Office Supplies,West,1,80.98,84
2012-08-21,Sauder Camden County Collection Library,Furniture,West,6,586.4,25
2012-08-21,Xerox 191,Office Supplies,West,3,59.94,71
2012-08-21,GBC DocuBind P100 Manual Binding Machine,Office Supplies,East,2,99.59,47
2012-08-21,Sabrent 4-Port USB 2.0 Hub,Technology,East,4,21.73,193
2012-08-21,Xerox 1974,Office Supplies,West,4,23.92,197
2012-08-21,"Premium Writing Pencils, Soft, #2 by Central Association for the Blind",Office Supplies,South,12,35.76,155
2012-08-21,"Quartet Omega Colored Chalk, 12/Pack",Office Supplies,South,3,17.52,116
2012-08-21,Xerox 1927,Office Supplies,West,1,4.28,220
2012-08-21,Acco D-Ring Binder w/DublLock,Office Supplies,East,2,12.83,153
2012-08-21,Global Commerce Series High-Back Swivel/Tilt Chairs,Furniture,East,3,598.46,152
2012-08-21,Tenex Chairmats For Use with Hard Floors,Furniture,East,1,25.98,11
2012-08-21,Staples,Office Supplies,East,2,3.49,132
2012-08-21,Hon GuestStacker Chair,Furniture,West,3,544.01,225
2012-08-21,Xerox 1979,Office Supplies,East,2,49.57,47
2012-08-22,Newell Chalk Holder,Office Supplies,East,4,16.52,36
2012-08-22,"Avery 3 1/2' Diskette Storage Pages, 10/Pack",Office Supplies,East,6,50.11,206
2012-08-23,Xerox 206,Office Supplies,Central,2,10.37,43
2012-08-23,Staples,Office Supplies,Central,8,12.03,227
2012-08-23,"Acco Six-Outlet Power Strip, 4' Cord Length",Office Supplies,South,3,25.86,14
2012-08-23,Xerox 1890,Office Supplies,South,2,97.88,42
2012-08-23,Xerox 1962,Office Supplies,South,5,21.4,175
2012-08-23,Xerox 1944,Office Supplies,South,5,193.8,86
2012-08-23,Holmes Odor Grabber,Office Supplies,Central,2,5.77,69
2012-08-23,Acme Tagit Stainless Steel Antibacterial Scissors,Office Supplies,Central,4,31.68,45
2012-08-23,Avery 474,Office Supplies,South,3,8.64,241
2012-08-23,Maxell LTO Ultrium - 800 GB,Technology,South,9,251.91,107
2012-08-23,Avanti 4.4 Cu. Ft. Refrigerator,Office Supplies,South,3,542.94,122
2012-08-24,LG G3,Technology,South,3,587.97,170
2012-08-24,"Belkin SportFit Armband For iPhone 5s/5c, Fuchsia",Technology,East,3,26.98,236
2012-08-24,Space Solutions Commercial Steel Shelving,Office Supplies,Central,14,724.08,20
2012-08-24,"DAX Value U-Channel Document Frames, Easel Back",Furniture,East,3,14.91,150
2012-08-24,Adjustable Depth Letter/Legal Cart,Office Supplies,East,3,435.5,106
2012-08-24,Memorex Micro Travel Drive 8 GB,Technology,East,2,26.0,246
2012-08-24,Cisco 9971 IP Video Phone Charcoal,Technology,South,7,3080.0,79
2012-08-24,Hon Racetrack Conference Tables,Furniture,Central,5,918.78,46
2012-08-24,"Premium Writing Pencils, Soft, #2 by Central Association for the Blind",Office Supplies,West,3,7.15,116
2012-08-24,Chromcraft Rectangular Conference Tables,Furniture,East,2,284.36,123
2012-08-24,Avery 474,Office Supplies,East,3,6.91,142
2012-08-24,Avery Durable Plastic 1' Binders,Office Supplies,Central,3,2.72,24
2012-08-24,Anker Ultra-Slim Mini Bluetooth 3.0 Wireless Keyboard,Technology,South,4,79.96,35
2012-08-24,"Hot File 7-Pocket, Floor Stand",Office Supplies,Central,7,999.43,202
2012-08-25,"Global Deluxe Stacking Chair, Gray",Furniture,West,1,40.78,50
2012-08-25,Nu-Dell EZ-Mount Plastic Wall Frames,Furniture,Central,5,7.88,14
2012-08-25,"Eldon Executive Woodline II Desk Accessories, Mahogany",Furniture,Central,2,20.1,67
2012-08-25,Fellowes Advanced Computer Series Surge Protectors,Office Supplies,West,4,105.96,20
2012-08-25,Poly Designer Cover & Back,Office Supplies,Central,1,3.8,140
2012-08-27,Fellowes Super Stor/Drawer Files,Office Supplies,West,3,484.65,213
2012-08-27,Xerox 1973,Office Supplies,West,5,114.2,18
2012-08-27,Avery Heavy-Duty EZD View Binder with Locking Rings,Office Supplies,West,1,5.1,33
2012-08-27,Fiskars Softgrip Scissors,Office Supplies,West,3,32.94,77
2012-08-27,Avery 511,Office Supplies,West,1,3.08,124
2012-08-28,Eldon Wave Desk Accessories,Furniture,West,2,4.16,195
2012-08-28,invisibleSHIELD by ZAGG Smudge-Free Screen Protector,Technology,West,3,43.18,239
2012-08-28,Mitel MiVoice 5330e IP Phone,Technology,Central,5,1099.96,116
2012-08-28,Hon 2111 Invitation Series Straight Table,Furniture,Central,1,103.48,51
2012-08-28,Canon Imageclass D680 Copier / Fax,Technology,Central,5,2799.96,237
2012-08-28,"SAFCO Mobile Desk Side File, Wire Frame",Office Supplies,East,11,470.36,26
2012-08-28,"Hot File 7-Pocket, Floor Stand",Office Supplies,West,5,892.35,156
2012-08-28,O'Sullivan 2-Door Barrister Bookcase in Odessa Pine,Furniture,West,2,307.67,238
2012-08-28,Carina Double Wide Media Storage Towers in Natural & Black,Office Supplies,West,9,728.82,155
2012-08-28,GBC Wire Binding Combs,Office Supplies,West,5,41.36,34
2012-08-29,Logitech Desktop MK120 Mouse and keyboard Combo,Technology,Central,7,114.52,135
2012-08-29,Samsung Rugby III,Technology,Central,2,131.98,143
2012-08-31,"Atlantic Metals Mobile 3-Shelf Bookcases, Custom Colors",Furniture,West,7,1552.83,105
2012-08-31,GBC Prestige Therm-A-Bind Covers,Office Supplies,West,5,137.24,163
2012-08-31,Lexmark S315 Color Inkjet Printer,Technology,West,3,239.98,157
2012-08-31,Memorex Micro Travel Drive 32 GB,Technology,West,1,36.51,145
2012-08-31,Xerox 226,Office Supplies,West,9,58.32,1
2012-08-31,Toshiba IPT2010-SD IP Telephone,Technology,West,5,555.96,176
2012-08-31,"Message Book, Phone, Wirebound Standard Line Memo, 2 3/4' X 5'",Office Supplies,Central,4,20.96,76
2012-09-01,Deluxe Heavy-Duty Vinyl Round Ring Binder,Office Supplies,East,5,114.6,131
2012-09-01,"Global Value Steno Chair, Gray",Furniture,East,1,60.74,89
2012-09-01,Deflect-o Glass Clear Studded Chair Mats,Furniture,East,2,124.36,88
2012-09-01,Adjustable Depth Letter/Legal Cart,Office Supplies,East,6,1088.76,93
2012-09-01,Avery Non-Stick Binders,Office Supplies,West,4,14.37,202
2012-09-01,Hewlett Packard LaserJet 3310 Copier,Technology,West,2,959.98,6
2012-09-01,Storex Dura Pro Binders,Office Supplies,West,1,4.75,94
2012-09-03,Kingston Digital DataTraveler 16GB USB 2.0,Technology,West,2,17.9,107
2012-09-03,"GE 48' Fluorescent Tube, Cool White Energy Saver, 34 Watts, 30/Box",Furniture,West,3,238.15,73
2012-09-03,Sterilite Officeware Hinged File Box,Office Supplies,West,3,31.44,38
2012-09-03,"Avery Durable Slant Ring Binders, No Labels",Office Supplies,West,2,6.37,140
2012-09-03,"Holmes Replacement Filter for HEPA Air Cleaner, Very Large Room, HEPA Filter",Office Supplies,East,2,137.62,158
2012-09-03,Office Star - Ergonomically Designed Knee Chair,Furniture,West,2,129.57,70
2012-09-03,Classic Ivory Antique Telephone ZL1810,Technology,East,1,100.49,190
2012-09-03,"White Business Envelopes with Contemporary Seam, Recycled White Business Envelopes",Office Supplies,East,6,52.51,55
2012-09-03,"TRENDnet 56K USB 2.0 Phone, Internet and Fax Modem",Technology,West,5,129.45,240
2012-09-03,Eldon Gobal File Keepers,Office Supplies,East,3,36.34,169
2012-09-03,Iceberg Mobile Mega Data/Printer Cart ,Office Supplies,East,1,120.33,188
2012-09-03,Jet-Pak Recycled Peel 'N' Seal Padded Mailers,Office Supplies,South,7,200.98,41
2012-09-03,Smead Alpha-Z Color-Coded Name Labels First Letter Starter Set,Office Supplies,Central,2,7.5,183
2012-09-03,Martin Yale Chadless Opener Electric Letter Opener,Office Supplies,East,1,666.25,35
2012-09-04,Security-Tint Envelopes,Office Supplies,South,2,15.28,83
2012-09-04,"Acco Flexible ACCOHIDE Square Ring Data Binder, Dark Blue, 11 1/2' X 14' 7/8'",Office Supplies,West,2,9.76,195
2012-09-04,Avery Heavy-Duty EZD View Binder with Locking Rings,Office Supplies,East,4,7.66,117
2012-09-04,Sony Micro Vault Click 16 GB USB 2.0 Flash Drive,Technology,Central,3,134.38,6
2012-09-04,"Ampad Evidence Wirebond Steno Books, 6' x 9'",Office Supplies,South,2,4.36,53
2012-09-04,Logitech G19 Programmable Gaming Keyboard,Technology,South,5,619.95,128
2012-09-04,Xerox 1908,Office Supplies,South,5,279.9,171
2012-09-05,Tensor Brushed Steel Torchiere Floor Lamp,Furniture,South,4,67.96,119
2012-09-05,Longer-Life Soft White Bulbs,Furniture,Central,2,6.16,172
2012-09-05,Xerox 1881,Office Supplies,Central,3,36.84,105
2012-09-05,"Acco Four Pocket Poly Ring Binder with Label Holder, Smoke, 1'",Office Supplies,Central,3,4.47,46
2012-09-05,"DXL Angle-View Binders with Locking Rings, Black",Office Supplies,West,6,28.75,122
2012-09-05,"Sauder Camden County Collection Libraries, Planked Cherry Finish",Furniture,West,3,293.2,140
2012-09-05,"Acco Flexible ACCOHIDE Square Ring Data Binder, Dark Blue, 11 1/2' X 14' 7/8'",Office Supplies,Central,5,16.27,118
2012-09-05,Stiletto Hand Letter Openers,Office Supplies,Central,9,69.12,149
2012-09-05,"Sauder Camden County Barrister Bookcase, Planked Cherry Finish",Furniture,West,4,411.33,117
2012-09-06,"Global Airflow Leather Mesh Back Chair, Black",Furniture,East,2,271.76,20
2012-09-06,ShoreTel ShorePhone IP 230 VoIP phone,Technology,East,2,337.98,213
2012-09-06,Acco Hanging Data Binders,Office Supplies,West,2,6.1,219
2012-09-06,KI Adjustable-Height Table,Furniture,South,1,85.98,136
2012-09-06,Assorted Color Push Pins,Office Supplies,South,5,7.24,25
2012-09-06,"SlimView Poly Binder, 3/8'",Office Supplies,South,9,46.62,8
2012-09-06,Black & Decker Filter for Double Action Dustbuster Cordless Vac BLDV7210,Office Supplies,East,1,8.39,14
2012-09-06,Memorex Mini Travel Drive 8 GB USB 2.0 Flash Drive,Technology,West,4,46.32,9
2012-09-06,Howard Miller 16' Diameter Gallery Wall Clock,Furniture,West,3,191.82,215
2012-09-06,GBC Plasticlear Binding Covers,Office Supplies,South,1,3.44,121
2012-09-07,Anderson Hickey Conga Table Tops & Accessories,Furniture,East,3,27.41,120
2012-09-07,Razer Kraken PRO Over Ear PC and Music Headset,Technology,East,7,559.93,124
2012-09-07,Assorted Color Push Pins,Office Supplies,East,4,7.24,169
2012-09-07,Boston 1645 Deluxe Heavier-Duty Electric Pencil Sharpener,Office Supplies,South,4,140.74,71
2012-09-07,Mobile Personal File Cube,Office Supplies,East,3,70.26,151
2012-09-07,Eldon Shelf Savers Cubes and Bins,Office Supplies,East,2,13.96,207
2012-09-07,KeyTronic E03601U1 - Keyboard - Beige,Technology,East,5,90.0,48
2012-09-07,"Acco Pressboard Covers with Storage Hooks, 9 1/2' x 11', Executive Red",Office Supplies,East,2,6.1,153
2012-09-07,Bretford CR8500 Series Meeting Room Furniture,Furniture,East,2,481.18,90
2012-09-07,"Metal Folding Chairs, Beige, 4/Carton",Furniture,Central,2,47.52,36
2012-09-07,Safco Industrial Wire Shelving,Office Supplies,West,7,671.93,67
2012-09-07,Samsung Galaxy Note 3,Technology,East,6,791.96,49
2012-09-07,Angle-D Ring Binders,Office Supplies,East,3,4.92,151
2012-09-07,GBC Wire Binding Strips,Office Supplies,East,1,9.52,18
2012-09-08,Acrylic Self-Standing Desk Frames,Furniture,South,8,21.36,99
2012-09-08,Xerox 1928,Office Supplies,West,5,26.4,59
2012-09-08,Eldon Shelf Savers Cubes and Bins,Office Supplies,West,6,41.88,166
2012-09-10,Xerox 1952,Office Supplies,Central,3,14.94,201
2012-09-10,Xerox 1960,Office Supplies,East,9,278.82,88
2012-09-10,Martin-Yale Premier Letter Opener,Office Supplies,West,4,51.52,145
2012-09-10,O'Sullivan 2-Door Barrister Bookcase in Odessa Pine,Furniture,East,2,361.96,146
2012-09-10,Euro-Pro Shark Turbo Vacuum,Office Supplies,East,2,61.96,163
2012-09-10,Manco Dry-Lighter Erasable Highlighter,Office Supplies,East,2,6.08,201
2012-09-10,"Belkin 19' Center-Weighted Shelf, Gray",Office Supplies,West,6,353.88,224
2012-09-10,Seth Thomas 13 1/2' Wall Clock,Furniture,West,6,106.68,182
2012-09-10,Global Commerce Series Low-Back Swivel/Tilt Chairs,Furniture,Central,1,179.89,241
2012-09-11,Avery 474,Office Supplies,West,3,8.64,68
2012-09-11,Boston 19500 Mighty Mite Electric Pencil Sharpener,Office Supplies,West,9,181.35,174
2012-09-11,Fellowes Staxonsteel Drawer Files,Office Supplies,East,4,772.68,48
2012-09-11,Avery 503,Office Supplies,East,3,31.05,226
2012-09-11,Logitech LS21 Speaker System - PC Multimedia - 2.1-CH - Wired,Technology,East,1,19.99,107
2012-09-11,Ibico Laser Imprintable Binding System Covers,Office Supplies,East,4,209.6,225
2012-09-11,Space Solutions Industrial Galvanized Steel Shelving.,Office Supplies,East,1,78.8,160
2012-09-11,Fellowes Advanced 8 Outlet Surge Suppressor with Phone/Fax Protection,Office Supplies,East,4,111.04,118
2012-09-11,Xerox 208,Office Supplies,East,6,38.88,148
2012-09-11,Deflect-o DuraMat Antistatic Studded Beveled Mat for Medium Pile Carpeting,Furniture,East,2,210.68,208
2012-09-11,Deflect-O Glasstique Clear Desk Accessories,Furniture,West,4,24.64,149
2012-09-11,Eldon Pizzaz Desk Accessories,Furniture,East,4,8.92,175
2012-09-11,"Hunt PowerHouse Electric Pencil Sharpener, Blue",Office Supplies,West,7,265.86,36
2012-09-12,Avery 520,Office Supplies,East,4,12.6,142
2012-09-12,Hewlett Packard 310 Color Digital Copier,Technology,East,2,479.98,162
2012-09-12,Avery 489,Office Supplies,East,2,20.7,219
2012-09-12,"OIC Binder Clips, Mini, 1/4' Capacity, Black",Office Supplies,East,1,1.24,198
2012-09-12,HP Office Recycled Paper (20Lb. and 87 Bright),Office Supplies,East,5,28.9,159
2012-09-12,"Gould Plastics 9-Pocket Panel Bin, 18-3/8w x 5-1/4d x 20-1/2h, Black",Office Supplies,East,2,105.98,10
2012-09-12,"Binney & Smith Crayola Metallic Colored Pencils, 8-Color Set",Office Supplies,East,2,9.26,137
2012-09-12,"Tyvek  Top-Opening Peel & Seel Envelopes, Plain White",Office Supplies,East,1,27.18,200
2012-09-12,Memorex Froggy Flash Drive 4 GB,Technology,West,2,21.98,77
2012-09-13,"Fellowes Twister Kit, Gray/Clear, 3/pkg",Office Supplies,East,1,2.41,76
2012-09-13,Tensor Computer Mounted Lamp,Furniture,West,3,44.67,184
2012-09-13,Hon Multipurpose Stacking Arm Chairs,Furniture,Central,7,1516.2,152
2012-09-13,Eldon Advantage Chair Mats for Low to Medium Pile Carpets,Furniture,South,3,129.93,1
2012-09-13,Xerox 1948,Office Supplies,South,7,69.93,63
2012-09-13,"Acco Data Flex Cable Posts For Top & Bottom Load Binders, 6' Capacity",Office Supplies,West,3,25.03,34
2012-09-13,Global Comet Stacking Armless Chair,Furniture,West,3,717.72,6
2012-09-13,Case Logic 2.4GHz Wireless Keyboard,Technology,Central,4,199.96,84
2012-09-13,Xerox 1915,Office Supplies,West,2,209.7,145
2012-09-13,"Global Value Steno Chair, Gray",Furniture,Central,4,170.07,66
2012-09-13,Eldon Econocleat Chair Mats for Low Pile Carpets,Furniture,West,5,207.35,41
2012-09-13,Heavy-Duty E-Z-D Binders,Office Supplies,South,4,13.09,117
2012-09-13,Flat Face Poster Frame,Furniture,West,7,131.88,124
2012-09-13,Staples,Office Supplies,Central,1,7.82,166
2012-09-14,Economy Rollaway Files,Office Supplies,East,6,991.2,168
2012-09-14,KI Conference Tables,Furniture,West,3,170.14,240
2012-09-14,Wilson Jones Easy Flow II Sheet Lifters,Office Supplies,East,9,12.96,202
2012-09-14,Wilson Jones Impact Binders,Office Supplies,Central,5,25.9,230
2012-09-14,"Lesro Round Back Collection Coffee Table, End Table",Furniture,West,5,912.75,23
2012-09-14,Fellowes Officeware Wire Shelving,Office Supplies,South,3,269.49,187
2012-09-14,Sharp 1540cs Digital Laser Copier,Technology,East,2,879.98,45
2012-09-15,"Bush Westfield Collection Bookcases, Medium Cherry Finish",Furniture,East,1,46.38,18
2012-09-15,"Gould Plastics 18-Pocket Panel Bin, 34w x 5-1/4d x 20-1/2h",Office Supplies,East,2,147.18,67
2012-09-15,Xerox 1967,Office Supplies,East,2,12.96,217
2012-09-15,Fellowes Stor/Drawer Steel Plus Storage Drawers,Office Supplies,Central,2,190.86,101
2012-09-15,GBC Twin Loop Wire Binding Elements,Office Supplies,East,3,79.87,41
2012-09-15,Manco Dry-Lighter Erasable Highlighter,Office Supplies,Central,8,24.32,31
2012-09-15,"Decoflex Hanging Personal Folder File, Blue",Office Supplies,South,2,24.67,166
2012-09-15,Tenex 'The Solids' Textured Chair Mats,Furniture,South,1,55.97,108
2012-09-15,Ultra Door Push Plate,Furniture,South,4,15.71,237
2012-09-15,Xerox 21,Office Supplies,South,3,15.55,35
2012-09-15,Bretford CR8500 Series Meeting Room Furniture,Furniture,South,2,801.96,231
2012-09-15,Anker Astro Mini 3000mAh Ultra-Compact Portable Charger,Technology,South,3,59.97,228
2012-09-15,"Global Manager's Adjustable Task Chair, Storm",Furniture,South,7,1056.86,96
2012-09-15,Avery Hidden Tab Dividers for Binding Systems,Office Supplies,East,4,3.58,163
2012-09-16,Staples,Office Supplies,South,4,31.12,130
2012-09-17,Lumber Crayons,Office Supplies,East,2,15.76,72
2012-09-17,Howard Miller Distant Time Traveler Alarm Clock,Furniture,Central,2,21.94,135
2012-09-17,Woodgrain Magazine Files by Perma,Office Supplies,East,5,14.9,96
2012-09-17,"Acco Pressboard Covers with Storage Hooks, 14 7/8' x 11', Executive Red",Office Supplies,East,6,6.86,122
2012-09-17,"BOSTON Model 1800 Electric Pencil Sharpeners, Putty/Woodgrain",Office Supplies,East,6,86.3,69
2012-09-17,Poly String Tie Envelopes,Office Supplies,East,2,3.26,168
2012-09-17,GBC Imprintable Covers,Office Supplies,Central,3,6.59,230
2012-09-17,Xerox 216,Office Supplies,West,5,32.4,195
2012-09-17,Howard Miller 13-3/4' Diameter Brushed Chrome Round Wall Clock,Furniture,East,3,124.2,12
2012-09-17,Avery Recycled Flexi-View Covers for Binding Systems,Office Supplies,East,2,9.62,48
2012-09-17,"Riverside Palais Royal Lawyers Bookcase, Royale Cherry Finish",Furniture,East,7,3083.43,59
2012-09-17,ClearSounds CSC500 Amplified Spirit Phone Corded phone,Technology,East,3,209.97,129
2012-09-17,Plantronics CS510 - Over-the-Head monaural Wireless Headset System,Technology,East,2,659.9,187
2012-09-17,"Eaton Premium Continuous-Feed Paper, 25% Cotton, Letter Size, White, 1000 Shts/Box",Office Supplies,East,2,110.96,4
2012-09-17,ARKON Windshield Dashboard Air Vent Car Mount Holder,Technology,East,4,67.8,171
2012-09-17,DMI Eclipse Executive Suite Bookcases,Furniture,East,5,2003.92,26
2012-09-17,"Riverside Palais Royal Lawyers Bookcase, Royale Cherry Finish",Furniture,East,6,4228.7,159
2012-09-17,"Acco Data Flex Cable Posts For Top & Bottom Load Binders, 6' Capacity",Office Supplies,West,3,25.03,148
2012-09-17,"Riverside Furniture Oval Coffee Table, Oval End Table, End Table with Drawer",Furniture,East,2,344.22,7
2012-09-17,Eldon Mobile Mega Data Cart  Mega Stackable  Add-On Trays,Office Supplies,East,4,94.6,229
2012-09-17,Office Star Flex Back Scooter Chair with White Frame,Furniture,East,2,199.76,199
2012-09-17,SanDisk Cruzer 64 GB USB Flash Drive,Technology,South,3,87.17,49
2012-09-17,Avery 485,Office Supplies,East,7,87.71,66
2012-09-18,Elite 5' Scissors,Office Supplies,West,2,16.9,245
2012-09-18,Acme Value Line Scissors,Office Supplies,West,2,7.3,43
2012-09-18,Enermax Acrylux Wireless Keyboard,Technology,South,9,717.12,124
2012-09-18,"Stur-D-Stor Shelving, Vertical 5-Shelf: 72'H x 36'W x 18 1/2'D",Office Supplies,West,4,443.92,57
2012-09-18,"Quartet Omega Colored Chalk, 12/Pack",Office Supplies,West,2,11.68,2
2012-09-18,Rediform S.O.S. Phone Message Books,Office Supplies,West,4,19.92,85
2012-09-18,Safco Industrial Wire Shelving System,Office Supplies,East,7,636.86,69
2012-09-18,Personal Creations Ink Jet Cards and Labels,Office Supplies,West,14,160.72,129
2012-09-18,Samsung Galaxy S4 Active,Technology,East,1,499.99,214
2012-09-18,Acco Perma 3000 Stacking Storage Drawers,Office Supplies,East,2,41.96,171
2012-09-18,"Wirebound Message Books, Four 2 3/4' x 5' Forms per Page, 600 Sets per Book",Office Supplies,West,2,18.54,1
2012-09-18,Advantus Panel Wall Certificate Holder - 8.5x11,Furniture,West,2,24.4,101
2012-09-18,Polycom VVX 310 VoIP phone,Technology,East,7,1259.93,208
2012-09-18,"Acco Flexible ACCOHIDE Square Ring Data Binder, Dark Blue, 11 1/2' X 14' 7/8'",Office Supplies,East,4,65.08,34
2012-09-19,PureGear Roll-On Screen Protector,Technology,East,14,279.86,97
2012-09-19,Seth Thomas 8 1/2' Cubicle Clock,Furniture,West,3,60.84,214
2012-09-19,Newell 323,Office Supplies,West,5,8.4,29
2012-09-19,Personal Creations Ink Jet Cards and Labels,Office Supplies,West,2,22.96,115
2012-09-19,Sauder Cornerstone Collection Library,Furniture,South,2,61.96,7
2012-09-19,Kensington K72356US Mouse-in-a-Box USB Desktop Mouse,Technology,South,4,66.36,149
2012-09-20,Xerox 1881,Office Supplies,East,5,61.4,43
2012-09-20,Wilson Jones Impact Binders,Office Supplies,West,11,45.58,185
2012-09-20,GBC Standard Plastic Binding Systems' Combs,Office Supplies,East,6,37.68,35
2012-09-20,"Gould Plastics 18-Pocket Panel Bin, 34w x 5-1/4d x 20-1/2h",Office Supplies,South,4,294.37,196
2012-09-20,GBC Ibimaster 500 Manual ProClick Binding System,Office Supplies,South,6,1369.76,76
2012-09-20,Acco Translucent Poly Ring Binders,Office Supplies,Central,3,2.81,220
2012-09-20,Recycled Premium Regency Composition Covers,Office Supplies,East,2,24.45,30
2012-09-21,Grandstream GXP1160 VoIP phone,Technology,South,3,113.73,46
2012-09-21,"Tyvek Interoffice Envelopes, 9 1/2' x 12 1/2', 100/Box",Office Supplies,South,2,121.96,248
2012-09-21,Global Ergonomic Managers Chair,Furniture,East,3,542.94,54
2012-09-21,Polycom VoiceStation 500 Conference phone,Technology,East,2,589.9,207
2012-09-21,"Angle-D Binders with Locking Rings, Label Holders",Office Supplies,South,2,14.6,105
2012-09-21,ShoreTel ShorePhone IP 230 VoIP phone,Technology,Central,7,946.34,189
2012-09-21,Xerox 193,Office Supplies,South,4,23.92,157
2012-09-21,"Stur-D-Stor Shelving, Vertical 5-Shelf: 72'H x 36'W x 18 1/2'D",Office Supplies,South,8,887.84,120
2012-09-21,Global Comet Stacking Arm Chair,Furniture,South,4,1690.04,54
2012-09-21,Fellowes Bankers Box Stor/Drawer Steel Plus,Office Supplies,South,2,63.96,143
2012-09-21,Recycled Eldon Regeneration Jumbo File,Office Supplies,South,7,85.96,11
2012-09-21,Hypercom P1300 Pinpad,Technology,Central,3,151.2,144
2012-09-21,Fellowes Bases and Tops For Staxonsteel/High-Stak Systems,Office Supplies,West,6,199.74,143
2012-09-21,Longer-Life Soft White Bulbs,Furniture,Central,4,4.93,139
2012-09-21,HTC One Mini,Technology,South,5,629.95,135
2012-09-21,"BOSTON Ranger #55 Pencil Sharpener, Black",Office Supplies,Central,1,25.99,211
2012-09-21,O'Sullivan 2-Shelf Heavy-Duty Bookcases,Furniture,Central,4,194.32,2
2012-09-21,"Deflect-o DuraMat Lighweight, Studded, Beveled Mat for Low Pile Carpeting",Furniture,East,2,85.3,143
2012-09-21,Advantus Map Pennant Flags and Round Head Tacks,Office Supplies,West,2,7.9,29
2012-09-21,Hon Every-Day Series Multi-Task Chairs,Furniture,West,4,601.54,236
2012-09-22,"Pressboard Data Binder, Crimson, 12' X 8 1/2'",Office Supplies,South,2,3.2,22
2012-09-22,Newell 310,Office Supplies,South,2,2.82,91
2012-09-22,"Safco Wire Cube Shelving System, For Use as 4 or 5 14' Cubes, Black",Office Supplies,South,1,25.42,114
2012-09-22,Tennsco Double-Tier Lockers,Office Supplies,South,4,720.06,103
2012-09-22,Xerox 214,Office Supplies,South,5,32.4,117
2012-09-22,Avery 510,Office Supplies,South,4,12.0,4
2012-09-22,Luxo Professional Combination Clamp-On Lamps,Furniture,West,2,204.6,211
2012-09-22,Kensington 6 Outlet Guardian Standard Surge Protector,Office Supplies,West,3,61.44,103
2012-09-22,"Westinghouse Floor Lamp with Metal Mesh Shade, Black",Furniture,South,2,47.98,247
2012-09-22,"Acme Hot Forged Carbon Steel Scissors with Nickel-Plated Handles, 3 7/8' Cut, 8'L",Office Supplies,East,5,55.6,107
2012-09-22,Logitech P710e Mobile Speakerphone,Technology,East,3,617.98,64
2012-09-24,AT&T 1080 Phone,Technology,Central,6,821.94,120
2012-09-24,#6 3/4 Gummed Flap White Envelopes,Office Supplies,East,2,15.84,29
2012-09-24,"Avery 4027 File Folder Labels for Dot Matrix Printers, 5000 Labels per Box, White",Office Supplies,East,1,24.42,148
2012-09-24,Newell 347,Office Supplies,East,5,17.12,83
2012-09-24,HP Standard 104 key PS/2 Keyboard,Technology,West,2,23.2,197
2012-09-24,Newell 317,Office Supplies,West,7,16.46,149
2012-09-24,Newell 320,Office Supplies,East,2,6.85,209
2012-09-24,"Tennsco Lockers, Sand",Office Supplies,East,2,33.57,199
2012-09-24,"BOSTON Model 1800 Electric Pencil Sharpeners, Putty/Woodgrain",Office Supplies,West,2,35.96,230
2012-09-24,Harbour Creations Steel Folding Chair,Furniture,South,6,517.5,31
2012-09-24,Dixon Ticonderoga Core-Lock Colored Pencils,Office Supplies,West,2,14.58,160
2012-09-24,Hon Olson Stacker Stools,Furniture,Central,10,1408.1,244
2012-09-24,"Acco Pressboard Covers with Storage Hooks, 14 7/8' x 11', Executive Red",Office Supplies,Central,4,15.24,15
2012-09-24,"Blue String-Tie & Button Interoffice Envelopes, 10 x 13",Office Supplies,East,1,39.98,203
2012-09-24,Samsung HM1900 Bluetooth Headset,Technology,West,2,35.12,37
2012-09-24,"DAX Value U-Channel Document Frames, Easel Back",Furniture,West,3,14.91,243
2012-09-24,Hoover Upright Vacuum With Dirt Cup,Office Supplies,West,4,1158.12,225
2012-09-24,Avery Hole Reinforcements,Office Supplies,West,3,14.95,141
2012-09-24,Accohide Poly Flexible Ring Binders,Office Supplies,East,6,6.73,35
2012-09-25,Boston KS Multi-Size Manual Pencil Sharpener,Office Supplies,Central,7,128.74,224
2012-09-25,GBC Prestige Therm-A-Bind Covers,Office Supplies,East,2,68.62,150
2012-09-25,Wilson Jones data.warehouse D-Ring Binders with DublLock,Office Supplies,South,1,2.47,113
2012-09-25,"Acco Pressboard Covers with Storage Hooks, 14 7/8' x 11', Light Blue",Office Supplies,East,2,2.95,236
2012-09-25,"Xerox Color Copier Paper, 11' x 17', Ream",Office Supplies,East,2,45.68,65
2012-09-25,Logitech G602 Wireless Gaming Mouse,Technology,West,2,159.98,104
2012-09-25,Wilson Jones Custom Binder Spines & Labels,Office Supplies,South,2,3.26,84
2012-09-25,Global Super Steno Chair,Furniture,West,4,307.14,1
2012-09-25,Bretford CR4500 Series Slim Rectangular Table,Furniture,West,3,1044.63,218
2012-09-25,Hon Comfortask Task/Swivel Chairs,Furniture,East,1,102.58,248
2012-09-25,Wilson Jones 1' Hanging DublLock Ring Binders,Office Supplies,South,4,6.34,200
2012-09-25,Advantus Motivational Note Cards,Office Supplies,South,1,10.48,192
2012-09-25,Xerox 1923,Office Supplies,East,3,20.04,74
2012-09-25,Razer Kraken 7.1 Surround Sound Over Ear USB Gaming Headset,Technology,East,9,899.91,66
2012-09-25,"Permanent Self-Adhesive File Folder Labels for Typewriters, 1 1/8 x 3 1/2, White",Office Supplies,West,2,12.6,179
2012-09-25,Turquoise Lead Holder with Pocket Clip,Office Supplies,East,1,6.7,189
2012-09-25,"Acco PRESSTEX Data Binder with Storage Hooks, Light Blue, 9 1/2' X 11'",Office Supplies,East,2,10.76,150
2012-09-25,#10- 4 1/8' x 9 1/2' Recycled Envelopes,Office Supplies,West,2,17.48,153
2012-09-25,netTALK DUO VoIP Telephone Service,Technology,East,2,104.98,195
2012-09-25,Tuff Stuff Recycled Round Ring Binders,Office Supplies,East,3,14.46,209
2012-09-25,Memorex Micro Travel Drive 16 GB,Technology,East,4,63.96,54
2012-09-26,Samsung Rugby III,Technology,West,5,263.96,5
2012-09-26,2300 Heavy-Duty Transfer File Systems by Perma,Office Supplies,West,6,119.9,162
2012-09-26,"Vinyl Coated Wire Paper Clips in Organizer Box, 800/Box",Office Supplies,East,3,34.44,149
2012-09-26,Cameo Buff Policy Envelopes,Office Supplies,West,2,124.46,170
2012-09-26,Round Ring Binders,Office Supplies,Central,5,2.08,142
2012-09-26,Ativa MDM8000 8-Sheet Micro-Cut Shredder,Technology,East,7,629.93,85
2012-09-26,GBC Imprintable Covers,Office Supplies,East,9,79.06,59
2012-09-26,3M Replacement Filter for Office Air Cleaner for 20' x 33' Room,Office Supplies,West,2,60.67,100
2012-09-26,GBC VeloBinder Electric Binding Machine,Office Supplies,West,2,72.59,243
2012-09-26,Petty Cash Envelope,Office Supplies,West,4,86.27,233
2012-09-26,Bose SoundLink Bluetooth Speaker,Technology,Central,7,1114.4,11
2012-09-26,SAFCO Boltless Steel Shelving,Office Supplies,West,4,363.65,238
2012-09-26,"Sortfiler Multipurpose Personal File Organizer, Black",Office Supplies,West,3,64.17,48
2012-09-26,Lock-Up Easel 'Spel-Binder',Office Supplies,West,9,77.03,41
2012-09-26,Dell Slim USB Multimedia Keyboard,Technology,East,2,50.0,165
2012-09-26,Microsoft Arc Touch Mouse,Technology,West,5,239.8,81
2012-09-26,Xerox 216,Office Supplies,West,6,31.1,172
2012-09-26,Catalog Binders with Expanding Posts,Office Supplies,East,6,121.1,34
2012-09-26,Staples,Office Supplies,West,5,141.76,157
2012-09-26,Grandstream GXP2100 Mainstream Business Phone,Technology,East,1,45.89,215
2012-09-27,Xerox 1916,Office Supplies,West,3,146.82,233
2012-09-27,"DAX Metal Frame, Desktop, Stepped-Edge",Furniture,Central,3,24.29,157
2012-09-27,Xerox 226,Office Supplies,West,2,12.96,205
2012-09-27,Vinyl Sectional Post Binders,Office Supplies,Central,2,15.08,133
2012-09-27,"Personal Filing Tote with Lid, Black/Gray",Office Supplies,West,1,15.51,66
2012-09-27,Cisco SPA301,Technology,South,12,1871.88,79
2012-09-27,Xerox 1988,Office Supplies,South,5,154.9,6
2012-09-27,Newell 334,Office Supplies,West,5,99.2,179
2012-09-27,Newell 321,Office Supplies,Central,5,16.4,13
2012-09-27,Xerox 1996,Office Supplies,Central,4,25.92,72
2012-09-28,"Fellowes Premier Superior Surge Suppressor, 10-Outlet, With Phone and Remote",Office Supplies,East,6,293.52,142
2012-09-28,"#10 White Business Envelopes,4 1/8 x 9 1/2",Office Supplies,West,1,12.54,148
2012-09-28,GBC Recycled VeloBinder Covers,Office Supplies,West,6,81.79,162
2012-09-28,Wilson Jones Easy Flow II Sheet Lifters,Office Supplies,West,2,1.08,65
2012-09-28,Motorola HK250 Universal Bluetooth Headset,Technology,West,2,36.78,90
2012-09-28,Nortel Meridian M3904 Professional Digital phone,Technology,East,2,307.98,129
2012-09-28,Holmes HEPA Air Purifier,Office Supplies,West,2,43.56,162
2012-09-28,"Acco Smartsocket Table Surge Protector, 6 Color-Coded Adapter Outlets",Office Supplies,West,3,186.15,209
2012-09-28,Acme Galleria Hot Forged Steel Scissors with Colored Handles,Office Supplies,West,3,47.19,205
2012-09-28,Staples,Office Supplies,West,3,4.51,19
2012-09-28,Holmes Odor Grabber,Office Supplies,West,3,43.26,209
2012-10-01,"Trav-L-File Heavy-Duty Shuttle II, Black",Office Supplies,West,4,139.42,9
2012-10-01,Accohide Poly Flexible Ring Binders,Office Supplies,Central,4,2.99,24
2012-10-01,Wilson Electronics DB Pro Signal Booster,Technology,West,2,572.8,193
2012-10-01,Lenovo 17-Key USB Numeric Keypad,Technology,Central,4,108.77,24
2012-10-01,Cisco SPA301,Technology,East,2,311.98,53
2012-10-01,Avery Non-Stick Binders,Office Supplies,East,5,22.45,32
2012-10-02,Pressboard Hanging Data Binders for Unburst Sheets,Office Supplies,West,3,11.81,163
2012-10-02,HTC One Mini,Technology,West,5,503.96,94
2012-10-02,"Acme Design Line 8' Stainless Steel Bent Scissors w/Champagne Handles, 3-1/8' Cut",Office Supplies,West,2,10.94,13
2012-10-02,NETGEAR N750 Dual Band Wi-Fi Gigabit Router,Technology,East,1,90.0,64
2012-10-02,Globe Weis Peel & Seel First Class Envelopes,Office Supplies,East,4,51.12,109
2012-10-02,Computer Printout Paper with Letter-Trim Perforations,Office Supplies,East,5,94.85,79
2012-10-02,GBC Poly Designer Binding Covers,Office Supplies,West,4,53.57,53
2012-10-02,GBC Plastic Binding Combs,Office Supplies,East,1,7.38,237
2012-10-02,"Acco PRESSTEX Data Binder with Storage Hooks, Dark Blue, 14 7/8' X 11'",Office Supplies,East,5,26.9,124
2012-10-02,SanDisk Ultra 32 GB MicroSDHC Class 10 Memory Card,Technology,West,3,53.04,179
2012-10-02,Pressboard Hanging Data Binders for Unburst Sheets,Office Supplies,South,5,7.38,130
2012-10-02,GBC Personal VeloBind Strips,Office Supplies,West,6,57.5,226
2012-10-02,Xerox 202,Office Supplies,East,3,19.44,168
2012-10-02,9-3/4 Diameter Round Wall Clock,Furniture,West,1,11.03,133
2012-10-02,Eldon ProFile File 'N Store Portable File Tub Letter/Legal Size Black,Office Supplies,West,14,270.34,24
2012-10-03,"Safco Value Mate Series Steel Bookcases, Baked Enamel Finish on Steel, Gray",Furniture,East,1,35.49,140
2012-10-03,Acco D-Ring Binder w/DublLock,Office Supplies,East,5,32.07,116
2012-10-03,Imation 8gb Micro Traveldrive Usb 2.0 Flash Drive,Technology,East,2,24.0,225
2012-10-03,"Safco Value Mate Series Steel Bookcases, Baked Enamel Finish on Steel, Gray",Furniture,West,2,120.67,135
2012-10-03,Staples,Office Supplies,East,2,15.01,148
2012-10-03,Microsoft Natural Ergonomic Keyboard 4000,Technology,East,2,47.98,225
2012-10-04,"DataProducts Ampli Magnifier Task Lamp, Black,",Furniture,East,3,64.94,195
2012-10-04,Xerox 1946,Office Supplies,East,4,20.74,24
2012-10-04,Office Star - Mesh Screen back chair with Vinyl seat,Furniture,South,3,392.94,78
2012-10-04,"Tenex Personal Project File with Scoop Front Design, Black",Office Supplies,West,2,26.96,67
2012-10-05,SanDisk Ultra 32 GB MicroSDHC Class 10 Memory Card,Technology,East,3,53.04,172
2012-10-05,NETGEAR N750 Dual Band Wi-Fi Gigabit Router,Technology,East,4,288.0,187
2012-10-05,Holmes Odor Grabber,Office Supplies,South,2,28.84,11
2012-10-05,"Personal Filing Tote with Lid, Black/Gray",Office Supplies,East,5,77.55,31
2012-10-05,"Bush Cubix Collection Bookcases, Fully Assembled",Furniture,West,1,66.29,127
2012-10-05,Newell 324,Office Supplies,South,4,46.2,95
2012-10-05,Global Highback Leather Tilter in Burgundy,Furniture,West,4,291.17,91
2012-10-08,"Binney & Smith inkTank Desk Highlighter, Chisel Tip, Yellow, 12/Box",Office Supplies,Central,2,3.44,140
2012-10-08,"Deflect-o SuperTray Unbreakable Stackable Tray, Letter, Black",Furniture,West,5,145.9,30
2012-10-08,"Tenex Traditional Chairmats for Medium Pile Carpet, Standard Lip, 36' x 48'",Furniture,Central,3,72.78,77
2012-10-09,Belkin 8 Outlet SurgeMaster II Gold Surge Protector,Office Supplies,Central,5,269.91,19
2012-10-09,High-Back Leather Manager's Chair,Furniture,Central,3,389.97,145
2012-10-09,Clear Mylar Reinforcing Strips,Office Supplies,South,2,11.21,220
2012-10-09,KLD Oscar II Style Snap-on Ultra Thin Side Flip Synthetic Leather Cover Case for HTC One HTC M7,Technology,Central,3,29.16,59
2012-10-09,Zipper Ring Binder Pockets,Office Supplies,South,2,1.87,190
2012-10-09,Jawbone JAMBOX Wireless Bluetooth Speaker,Technology,East,4,631.96,133
2012-10-09,Logitech G19 Programmable Gaming Keyboard,Technology,Central,5,619.95,159
2012-10-09,Avery Hi-Liter Smear-Safe Highlighters,Office Supplies,South,8,37.38,92
2012-10-09,Xerox 1895,Office Supplies,East,4,23.92,42
2012-10-09,Staples,Office Supplies,Central,7,57.96,129
2012-10-09,Belkin 6 Outlet Metallic Surge Strip,Office Supplies,Central,3,29.4,59
2012-10-09,"Decoflex Hanging Personal Folder File, Blue",Office Supplies,South,2,30.84,150
2012-10-10,Tennsco Single-Tier Lockers,Office Supplies,South,6,1801.63,210
2012-10-10,"Global Leather & Oak Executive Chair, Burgundy",Furniture,West,3,362.14,30
2012-10-10,Xerox 1894,Office Supplies,West,7,45.36,242
2012-10-10,Avery Fluorescent Highlighter Four-Color Set,Office Supplies,Central,3,8.02,4
2012-10-10,Avery 503,Office Supplies,West,3,31.05,210
2012-10-11,Eldon Fold 'N Roll Cart System,Office Supplies,South,2,22.37,161
2012-10-11,"Memorex 25GB 6X Branded Blu-Ray Recordable Disc, 30/Pack",Technology,East,1,31.95,9
2012-10-11,Bretford CR4500 Series Slim Rectangular Table,Furniture,South,5,957.58,88
2012-10-12,"SAFCO PlanMaster Heigh-Adjustable Drafting Table Base, 43w x 30d x 30-37h, Black",Furniture,East,1,209.67,129
2012-10-12,Kingston Digital DataTraveler 16GB USB 2.0,Technology,West,2,17.9,125
2012-10-12,Contico 72'H Heavy-Duty Storage System,Office Supplies,West,2,81.96,10
2012-10-12,I Need's 3d Hello Kitty Hybrid Silicone Case Cover for HTC One X 4g with 3d Hello Kitty Stylus Pen Green/pink,Technology,East,6,71.76,177
2012-10-12,Samsung Rugby III,Technology,Central,4,263.96,158
2012-10-12,Xerox 205,Office Supplies,East,8,51.84,55
2012-10-12,GBC Standard Plastic Binding Systems' Combs,Office Supplies,Central,2,12.56,206
2012-10-12,"Atlantic Metals Mobile 3-Shelf Bookcases, Custom Colors",Furniture,East,3,626.35,200
2012-10-12,4009 Highlighters by Sanford,Office Supplies,East,5,19.9,214
2012-10-12,AT&T 17929 Lendline Telephone,Technology,Central,3,135.72,82
2012-10-12,"Atlantic Metals Mobile 4-Shelf Bookcases, Custom Colors",Furniture,East,4,899.14,136
2012-10-13,I Need's 3d Hello Kitty Hybrid Silicone Case Cover for HTC One X 4g with 3d Hello Kitty Stylus Pen Green/pink,Technology,South,7,83.72,98
2012-10-13,Global Deluxe Office Fabric Chairs,Furniture,South,3,287.94,148
2012-10-15,Xerox 1986,Office Supplies,Central,1,5.34,72
2012-10-15,"DAX Cubicle Frames, 8-1/2 x 11",Furniture,Central,2,17.14,155
2012-10-15,Staples,Office Supplies,Central,1,4.46,189
2012-10-15,Logitech Gaming G510s - Keyboard,Technology,Central,5,339.96,237
2012-10-15,Avery Reinforcements for Hole-Punch Pages,Office Supplies,Central,10,3.96,114
2012-10-15,Plantronics Audio 995 Wireless Stereo Headset,Technology,Central,3,263.88,6
2012-10-15,HON 5400 Series Task Chairs for Big and Tall,Furniture,Central,5,2453.43,79
2012-10-15,"C-Line Cubicle Keepers Polyproplyene Holder w/Velcro Back, 8-1/2x11, 25/Bx",Furniture,Central,6,131.38,143
2012-10-16,Mitel MiVoice 5330e IP Phone,Technology,East,3,824.97,96
2012-10-17,"Eldon Base for stackable storage shelf, platinum",Office Supplies,West,2,77.88,3
2012-10-18,Tripp Lite Isotel 6 Outlet Surge Protector with Fax/Modem Protection,Office Supplies,Central,6,73.16,3
2012-10-18,"Verbatim Slim CD and DVD Storage Cases, 50/Pack",Technology,Central,3,27.7,102
2012-10-18,Motorola L703CM,Technology,West,2,249.58,39
2012-10-18,Eldon 100 Class Desk Accessories,Furniture,West,3,10.11,16
2012-10-18,Xerox 1903,Office Supplies,West,3,17.94,100
2012-10-19,NETGEAR N750 Dual Band Wi-Fi Gigabit Router,Technology,West,3,270.0,102
2012-10-19,"Sanyo Counter Height Refrigerator with Crisper, 3.6 Cubic Foot, Stainless Steel/Black",Office Supplies,West,5,1640.7,123
2012-10-19,Southworth 100% Cotton The Best Paper,Office Supplies,East,3,34.44,51
2012-10-19,Avery Heavy-Duty EZD View Binder with Locking Rings,Office Supplies,Central,6,38.28,220
2012-10-19,OtterBox Defender Series Case - Samsung Galaxy S4,Technology,Central,5,149.95,51
2012-10-19,Avery Printable Repositionable Plastic Tabs,Office Supplies,Central,1,1.72,163
2012-10-20,Nu-Dell Oak Frame,Furniture,West,7,74.76,123
2012-10-20,Logitech G602 Wireless Gaming Mouse,Technology,West,3,239.97,165
2012-10-20,Acrylic Self-Standing Desk Frames,Furniture,West,6,16.02,230
2012-10-20,Staples,Office Supplies,East,2,24.56,177
2012-10-20,"SAFCO PlanMaster Boards, 60w x 37-1/2d, White Melamine",Furniture,West,3,364.78,62
2012-10-22,GBC Instant Report Kit,Office Supplies,Central,4,5.18,228
2012-10-22,Eldon Simplefile Box Office,Office Supplies,South,1,9.95,115
2012-10-23,Ibico Plastic Spiral Binding Combs,Office Supplies,Central,1,6.08,190
2012-10-23,"Global Leather and Oak Executive Chair, Black",Furniture,West,1,240.78,61
2012-10-23,Xerox 196,Office Supplies,West,2,11.56,226
2012-10-23,"Redi-Strip #10 Envelopes, 4 1/8 x 9 1/2",Office Supplies,West,4,11.8,6
2012-10-23,Office Star - Professional Matrix Back Chair with 2-to-1 Synchro Tilt and Mesh Fabric Seat,Furniture,West,3,842.35,154
2012-10-23,Maxell DVD-RAM Discs,Technology,West,9,148.32,91
2012-10-23,Global Chrome Stack Chair,Furniture,West,7,191.97,213
2012-10-23,Canon PC-428 Personal Copier,Technology,Central,3,479.98,13
2012-10-23,"TOPS 4 x 6 Fluorescent Color Memo Sheets, 500 Sheets per Pack",Office Supplies,Central,8,60.74,198
2012-10-23,Avery Non-Stick Binders,Office Supplies,West,1,3.59,228
2012-10-23,"SKILCRAFT Telephone Shoulder Rest, 2' x 6.5' x 2.5', Black",Technology,South,2,11.82,85
2012-10-23,Sanford Liquid Accent Highlighters,Office Supplies,South,2,10.69,132
2012-10-23,Mediabridge Sport Armband iPhone 5s,Technology,South,7,55.94,182
2012-10-23,Jabra SPEAK 410,Technology,Central,2,150.38,129
2012-10-23,Xerox 212,Office Supplies,Central,7,36.29,61
2012-10-24,KI Conference Tables,Furniture,Central,7,347.36,218
2012-10-24,Novimex High-Tech Fabric Mesh Task Chair,Furniture,West,8,454.27,148
2012-10-24,Avery Non-Stick Binders,Office Supplies,Central,4,3.59,245
2012-10-24,Xerox 1999,Office Supplies,Central,3,15.55,229
2012-10-24,Xerox 2,Office Supplies,Central,2,10.37,78
2012-10-25,Global Highback Leather Tilter in Burgundy,Furniture,West,8,582.34,148
2012-10-25,Newell 319,Office Supplies,West,4,79.36,137
2012-10-25,Boston 19500 Mighty Mite Electric Pencil Sharpener,Office Supplies,West,3,60.45,214
2012-10-25,ClearOne Communications CHAT 70 OC Speaker Phone,Technology,East,1,158.99,57
2012-10-25,"Iceberg Nesting Folding Chair, 19w x 6d x 43h",Furniture,East,5,291.1,119
2012-10-25,Balt Solid Wood Rectangular Table,Furniture,West,3,253.18,166
2012-10-26,Fellowes Officeware Wire Shelving,Office Supplies,West,10,718.64,132
2012-10-26,Avery Self-Adhesive Photo Pockets for Polaroid Photos,Office Supplies,West,7,14.3,64
2012-10-26,Plantronics MX500i Earset,Technology,West,2,68.72,12
2012-10-26,Avery 507,Office Supplies,West,2,5.76,212
2012-10-26,Panasonic KX-TG6844B Expandable Digital Cordless Telephone,Technology,West,2,105.58,217
2012-10-26,Tripp Lite TLP810NET Broadband Surge for Modem/Fax,Office Supplies,West,5,203.88,241
2012-10-26,Avery 477,Office Supplies,West,6,146.54,236
2012-10-26,Xerox 1914,Office Supplies,West,3,131.9,212
2012-10-28,Laser & Ink Jet Business Envelopes,Office Supplies,South,1,10.67,180
2012-10-28,Portable Personal File Box,Office Supplies,South,3,36.63,81
2012-10-28,Magna Visual Magnetic Picture Hangers,Furniture,South,5,24.1,228
2012-10-28,C-Line Cubicle Keepers Polyproplyene Holder With Velcro Backings,Furniture,South,7,33.11,172
2012-10-29,Xerox 1898,Office Supplies,West,5,33.4,159
2012-10-29,"Strathmore #10 Envelopes, Ultimate White",Office Supplies,West,4,210.84,163
2012-10-30,Lexmark S315 Color Inkjet Printer,Technology,West,2,59.99,208
2012-10-30,Sharp 1540cs Digital Laser Copier,Technology,West,1,439.99,226
2012-10-30,Tripp Lite Isotel 6 Outlet Surge Protector with Fax/Modem Protection,Office Supplies,South,3,182.91,240
2012-10-30,Star Micronics TSP100 TSP143LAN Receipt Printer,Technology,East,4,1035.8,187
2012-10-30,Panasonic KX T7736-B Digital phone,Technology,Central,2,299.9,138
2012-10-30,"Eldon Regeneration Recycled Desk Accessories, Black",Furniture,West,4,15.49,190
2012-10-30,OtterBox Commuter Series Case - iPhone 5 & 5s,Technology,West,5,87.96,148
2012-10-31,Prestige Round Ring Binders,Office Supplies,West,2,9.73,51
2012-10-31,Design Ebony Sketching Pencil,Office Supplies,East,2,2.78,182
2012-10-31,"Blue String-Tie & Button Interoffice Envelopes, 10 x 13",Office Supplies,East,2,79.96,116
2012-10-31,Poly String Tie Envelopes,Office Supplies,West,7,14.28,25
2012-10-31,Acme Tagit Stainless Steel Antibacterial Scissors,Office Supplies,West,3,29.7,195
2012-10-31,"Acco Four Pocket Poly Ring Binder with Label Holder, Smoke, 1'",Office Supplies,West,5,29.8,33
2012-10-31,"Avery 4027 File Folder Labels for Dot Matrix Printers, 5000 Labels per Box, White",Office Supplies,West,14,427.42,51
2012-10-31,Xerox 191,Office Supplies,West,1,19.98,111
2012-10-31,GBC DocuBind P100 Manual Binding Machine,Office Supplies,West,3,398.35,81
2012-10-31,Newell 308,Office Supplies,West,3,5.04,231
2012-10-31,OIC Bulk Pack Metal Binder Clips,Office Supplies,West,5,17.45,226
2012-10-31,Acme 10' Easy Grip Assistive Scissors,Office Supplies,Central,4,70.12,232
2012-10-31,"Global Fabric Manager's Chair, Dark Gray",Furniture,West,4,323.14,220
2012-10-31,DMI Eclipse Executive Suite Bookcases,Furniture,West,1,425.83,179
2012-10-31,Mobile Personal File Cube,Office Supplies,West,2,46.84,156
2012-10-31,Polycom SoundStation2 EX Conference phone,Technology,West,4,1295.84,165
2012-10-31,"Redi-Strip #10 Envelopes, 4 1/8 x 9 1/2",Office Supplies,West,5,14.75,41
2012-11-01,SanDisk Ultra 32 GB MicroSDHC Class 10 Memory Card,Technology,East,2,35.36,20
2012-11-01,Iceberg OfficeWorks 42' Round Tables,Furniture,South,2,301.96,41
2012-11-01,Lumber Crayons,Office Supplies,West,1,7.88,140
2012-11-01,Global Highback Leather Tilter in Burgundy,Furniture,East,4,327.56,112
2012-11-01,Plantronics MX500i Earset,Technology,East,1,42.95,104
2012-11-01,"Brites Rubber Bands, 1 1/2 oz. Box",Office Supplies,East,2,3.17,191
2012-11-01,Razer Tiamat Over Ear 7.1 Surround Sound PC Gaming Headset,Technology,East,7,1399.93,16
2012-11-01,Xblue XB-1670-86 X16 Small Office Telephone - Titanium,Technology,East,4,503.96,119
2012-11-01,Howard Miller 11-1/2' Diameter Ridgewood Wall Clock,Furniture,East,5,259.7,136
2012-11-01,Hon Comfortask Task/Swivel Chairs,Furniture,East,2,205.16,168
2012-11-01,Avoid Verbal Orders Carbonless Minifold Book,Office Supplies,East,4,13.52,128
2012-11-01,Cush Cases Heavy Duty Rugged Cover Case for Samsung Galaxy S5 - Purple,Technology,East,1,4.95,129
2012-11-02,GBC Premium Transparent Covers with Diagonal Lined Pattern,Office Supplies,Central,7,29.37,59
2012-11-02,O'Sullivan Living Dimensions 3-Shelf Bookcases,Furniture,West,3,512.5,47
2012-11-02,Aastra 6757i CT Wireless VoIP phone,Technology,Central,2,344.7,28
2012-11-02,Cardinal Holdit Business Card Pockets,Office Supplies,West,3,11.95,96
2012-11-02,Bevis Round Bullnose 29' High Table Top,Furniture,West,5,1038.84,9
2012-11-02,GBC Premium Transparent Covers with Diagonal Lined Pattern,Office Supplies,West,7,117.49,241
2012-11-02,Contemporary Wood/Metal Frame,Furniture,West,6,96.96,57
2012-11-02,Hon Olson Stacker Chairs,Furniture,East,11,2621.32,187
2012-11-02,"Global Armless Task Chair, Royal Blue",Furniture,East,2,109.76,231
2012-11-02,Logitech K350 2.4Ghz Wireless Keyboard,Technology,West,9,447.93,20
2012-11-02,"Eureka Hand Vacuum, Bagless",Office Supplies,South,4,197.72,27
2012-11-03,"#10 Gummed Flap White Envelopes, 100/Box",Office Supplies,Central,2,6.61,202
2012-11-03,Office Star - Mid Back Dual function Ergonomic High Back Chair with 2-Way Adjustable Arms,Furniture,East,10,1448.82,246
2012-11-03,Coloredge Poster Frame,Furniture,West,3,42.6,33
2012-11-03,Logitech Trackman Marble Mouse,Technology,West,3,89.97,7
2012-11-03,Cisco IP Phone 7961G-GE VoIP phone,Technology,West,7,1212.85,186
2012-11-05,Avery 476,Office Supplies,Central,6,19.82,213
2012-11-05,Wilson Jones 1' Hanging DublLock Ring Binders,Office Supplies,East,6,25.34,199
2012-11-05,Hanging Personal Folder File,Office Supplies,West,4,62.8,176
2012-11-05,Acme Titanium Bonded Scissors,Office Supplies,East,4,27.2,78
2012-11-05,"Belkin 325VA UPS Surge Protector, 6'",Office Supplies,South,4,387.14,144
2012-11-05,Insertable Tab Post Binder Dividers,Office Supplies,East,3,7.22,187
2012-11-05,"Avery Trapezoid Ring Binder, 3' Capacity, Black, 1040 sheets",Office Supplies,West,3,98.35,86
2012-11-05,Harbour Creations Steel Folding Chair,Furniture,South,3,207.0,87
2012-11-06,UniKeep View Case Binders,Office Supplies,West,3,4.4,172
2012-11-06,"Redi-Strip #10 Envelopes, 4 1/8 x 9 1/2",Office Supplies,West,3,7.08,210
2012-11-07,GBC DocuBind TL300 Electric Binding System,Office Supplies,South,5,1345.48,68
2012-11-07,Avery Hanging File Binders,Office Supplies,South,9,16.15,159
2012-11-07,Tenex Chairmats For Use with Hard Floors,Furniture,Central,5,64.96,171
2012-11-07,"Gould Plastics 9-Pocket Panel Bin, 18-3/8w x 5-1/4d x 20-1/2h, Black",Office Supplies,Central,2,84.78,192
2012-11-07,Safco Contoured Stacking Chairs,Furniture,West,1,190.72,86
2012-11-07,Fellowes Recycled Storage Drawers,Office Supplies,Central,2,177.65,100
2012-11-07,"White Envelopes, White Envelopes with Clear Poly Window",Office Supplies,East,2,24.4,7
2012-11-07,Safco Contoured Stacking Chairs,Furniture,East,3,715.2,76
2012-11-07,Xerox 1886,Office Supplies,Central,2,76.64,199
2012-11-07,Loose Memo Sheets,Office Supplies,East,2,7.3,248
2012-11-07,Avery Recycled Flexi-View Covers for Binding Systems,Office Supplies,Central,10,32.06,86
2012-11-07,Lumber Crayons,Office Supplies,Central,3,23.64,42
2012-11-07,Rubber Band Ball,Office Supplies,East,7,26.18,128
2012-11-07,Canon PC170 Desktop Personal Copier,Technology,Central,3,287.91,108
2012-11-08,Fellowes Desktop Hanging File Manager,Office Supplies,East,5,67.15,178
2012-11-08,OIC Binder Clips,Office Supplies,South,11,31.5,151
2012-11-08,Alliance Rubber Bands,Office Supplies,West,3,5.04,226
2012-11-08,Microsoft Arc Touch Mouse,Technology,West,2,119.9,151
2012-11-08,Nu-Dell EZ-Mount Plastic Wall Frames,Furniture,East,3,11.82,16
2012-11-08,Zebra ZM400 Thermal Label Printer,Technology,East,4,4643.8,132
2012-11-08,Hon 4070 Series Pagoda Round Back Stacking Chairs,Furniture,East,2,577.76,147
2012-11-08,Newell 314,Office Supplies,South,5,27.9,20
2012-11-08,"Permanent Self-Adhesive File Folder Labels for Typewriters, 1 1/8 x 3 1/2, White",Office Supplies,South,1,5.04,231
2012-11-08,Poly Designer Cover & Back,Office Supplies,South,7,39.88,57
2012-11-08,Mitel MiVoice 5330e IP Phone,Technology,East,2,549.98,158
2012-11-08,Xerox 1988,Office Supplies,West,3,92.94,109
2012-11-08,Great White Multi-Use Recycled Paper (20Lb. and 84 Bright),Office Supplies,East,3,17.94,227
2012-11-08,Deluxe Heavy-Duty Vinyl Round Ring Binder,Office Supplies,West,5,91.68,138
2012-11-08,Wilson Jones Leather-Like Binders with DublLock Round Rings,Office Supplies,Central,6,10.48,179
2012-11-08,Advantus Plastic Paper Clips,Office Supplies,West,1,5.0,142
2012-11-08,Cisco SPA508G,Technology,Central,4,263.96,210
2012-11-08,"Riverside Palais Royal Lawyers Bookcase, Royale Cherry Finish",Furniture,East,5,4404.9,134
2012-11-08,Deflect-o Glass Clear Studded Chair Mats,Furniture,South,3,186.54,242
2012-11-08,Eldon Wave Desk Accessories,Furniture,South,1,4.71,27
2012-11-08,Executive Impressions 14' Contract Wall Clock,Furniture,West,3,66.69,50
2012-11-08,American Pencil,Office Supplies,East,5,11.65,234
2012-11-08,AT&T 17929 Lendline Telephone,Technology,South,5,226.2,185
2012-11-08,"Hunt PowerHouse Electric Pencil Sharpener, Blue",Office Supplies,South,7,265.86,4
2012-11-08,Logitech G19 Programmable Gaming Keyboard,Technology,West,3,371.97,4
2012-11-08,"Holmes Replacement Filter for HEPA Air Cleaner, Large Room",Office Supplies,South,3,44.43,93
2012-11-08,Storex Dura Pro Binders,Office Supplies,East,11,52.27,245
2012-11-09,Tennsco Industrial Shelving,Office Supplies,East,5,244.55,95
2012-11-09,Poly String Tie Envelopes,Office Supplies,East,6,12.24,7
2012-11-09,"OIC Binder Clips, Mini, 1/4' Capacity, Black",Office Supplies,West,2,2.48,63
2012-11-09,#10- 4 1/8' x 9 1/2' Recycled Envelopes,Office Supplies,Central,3,26.22,137
2012-11-09,Xerox 1978,Office Supplies,Central,3,17.34,37
2012-11-09,Logitech VX Revolution Cordless Laser Mouse for Notebooks (Black),Technology,East,5,899.95,110
2012-11-09,Binder Posts,Office Supplies,Central,3,17.22,223
2012-11-09,Bevis Round Conference Table Top & Single Column Base,Furniture,Central,7,1024.38,111
2012-11-09,AmazonBasics 3-Button USB Wired Mouse,Technology,East,2,13.98,219
2012-11-09,Zebra ZM400 Thermal Label Printer,Technology,East,2,2321.9,80
2012-11-09,"While You Were Out Pads, 50 per Pad, 4 x 5 1/4, Green Cycle",Office Supplies,East,3,11.35,222
2012-11-09,"Perma STOR-ALL Hanging File Box, 13 1/8'W x 12 1/4'D x 10 1/2'H",Office Supplies,East,3,17.94,135
2012-11-09,Avery Poly Binder Pockets,Office Supplies,Central,3,10.74,103
2012-11-10,GBC Standard Therm-A-Bind Covers,Office Supplies,Central,3,74.76,152
2012-11-10,Sharp 1540cs Digital Laser Copier,Technology,Central,1,549.99,72
2012-11-10,Tennsco 6- and 18-Compartment Lockers,Office Supplies,Central,3,795.51,193
2012-11-10,Hoover Shoulder Vac Commercial Portable Vacuum,Office Supplies,Central,2,715.64,206
2012-11-10,Microsoft Sculpt Comfort Mouse,Technology,West,2,79.9,177
2012-11-10,Letter Size Cart,Office Supplies,Central,5,714.3,194
2012-11-10,Staples,Furniture,Central,3,29.22,48
2012-11-10,Iceberg Mobile Mega Data/Printer Cart ,Office Supplies,East,6,577.58,35
2012-11-11,"Advantus 10-Drawer Portable Organizer, Chrome Metal Frame, Smoke Drawers",Office Supplies,Central,7,418.32,125
2012-11-11,"Holmes Replacement Filter for HEPA Air Cleaner, Very Large Room, HEPA Filter",Office Supplies,Central,2,123.86,67
2012-11-12,Staples,Office Supplies,East,2,15.56,77
2012-11-12,"Blue String-Tie & Button Interoffice Envelopes, 10 x 13",Office Supplies,Central,7,223.89,104
2012-11-12,Xerox 1957,Office Supplies,Central,3,15.55,168
2012-11-12,Adams 'While You Were Out' Message Pads,Office Supplies,West,5,15.7,216
2012-11-12,Carina 42'Hx23 3/4'W Media Storage Unit,Office Supplies,Central,1,64.78,121
2012-11-12,Wilson Jones Leather-Like Binders with DublLock Round Rings,Office Supplies,South,2,5.24,118
2012-11-12,"Global Push Button Manager's Chair, Indigo",Furniture,South,3,146.14,189
2012-11-12,Newell 317,Office Supplies,South,5,11.76,113
2012-11-12,"Office Star - Contemporary Task Swivel chair with Loop Arms, Charcoal",Furniture,South,5,523.92,9
2012-11-12,VTech DS6151,Technology,South,1,100.79,148
2012-11-12,"SlimView Poly Binder, 3/8'",Office Supplies,South,3,4.66,163
2012-11-13,"Avery Trapezoid Ring Binder, 3' Capacity, Black, 1040 sheets",Office Supplies,West,3,36.88,139
2012-11-13,Xerox 1910,Office Supplies,Central,2,96.08,90
2012-11-13,Innergie mMini Combo Duo USB Travel Charging Kit,Technology,East,2,89.98,231
2012-11-13,Bestar Classic Bookcase,Furniture,East,3,299.97,1
2012-11-13,Spigen Samsung Galaxy S5 Case Wallet,Technology,Central,3,50.97,117
2012-11-13,Logitech K350 2.4Ghz Wireless Keyboard,Technology,West,6,238.9,12
2012-11-13,"Adams Telephone Message Books, 5 1/4 x 11",Office Supplies,East,7,42.28,180
2012-11-13,BlackBerry Q10,Technology,East,3,377.97,159
2012-11-13,Maxell LTO Ultrium - 800 GB,Technology,South,5,111.96,94
2012-11-13,Catalog Binders with Expanding Posts,Office Supplies,South,6,121.1,143
2012-11-13,"Deflect-o DuraMat Lighweight, Studded, Beveled Mat for Low Pile Carpeting",Furniture,West,3,102.36,31
2012-11-13,Portfile Personal File Boxes,Office Supplies,South,6,84.96,31
2012-11-13,Xerox 1910,Office Supplies,South,3,115.3,123
2012-11-13,"Black Print Carbonless Snap-Off Rapid Letter, 8 1/2' x 7'",Office Supplies,Central,7,63.77,225
2012-11-13,"Eldon Stackable Tray, Side-Load, Legal, Smoke",Furniture,West,7,63.98,10
2012-11-13,O'Sullivan Living Dimensions 3-Shelf Bookcases,Furniture,West,4,683.33,9
2012-11-13,"Universal Recycled Hanging Pressboard Report Binders, Letter Size",Office Supplies,West,2,9.87,14
2012-11-13,"Atlantic Metals Mobile 5-Shelf Bookcases, Custom Colors",Furniture,Central,3,614.0,16
2012-11-13,"Eldon Imàge Series Desk Accessories, Clear",Furniture,Central,9,17.5,167
2012-11-13,Panasonic KX TS3282W Corded phone,Technology,West,5,339.96,145
2012-11-13,Xerox 1900,Office Supplies,West,7,29.96,182
2012-11-14,Honeywell Enviracaire Portable HEPA Air Cleaner for 16' x 20' Room,Office Supplies,South,3,826.11,200
2012-11-14,Imation Secure Drive + Hardware Encrypted USB flash drive - 16 GB,Technology,West,3,91.18,152
2012-11-14,Plantronics Audio 478 Stereo USB Headset,Technology,West,4,159.97,231
2012-11-14,"Avery Framed View Binder, EZD Ring (Locking), Navy, 1 1/2'",Office Supplies,East,2,19.96,58
2012-11-14,Micro Innovations Wireless Classic Keyboard with Mouse,Technology,East,2,47.98,77
2012-11-14,SAFCO Arco Folding Chair,Furniture,West,4,883.84,123
2012-11-14,Global Deluxe Office Fabric Chairs,Furniture,West,3,230.35,249
2012-11-14,Advantus Push Pins,Office Supplies,West,5,8.72,216
2012-11-14,Imation 32GB Pocket Pro USB 3.0 Flash Drive - 32 GB - Black - 1 P ...,Technology,East,2,59.9,113
2012-11-14,"It's Hot Message Books with Stickers, 2 3/4' x 5'",Office Supplies,East,5,37.0,21
2012-11-14,Imation Clip USB flash drive - 8 GB,Technology,East,2,37.6,243
2012-11-14,Executive Impressions 13' Chairman Wall Clock,Furniture,East,3,76.14,157
2012-11-14,Brown Kraft Recycled Envelopes,Office Supplies,South,2,33.96,211
2012-11-15,"Wilson Jones Elliptical Ring 3 1/2' Capacity Binders, 800 sheets",Office Supplies,East,13,166.92,212
2012-11-15,12-1/2 Diameter Round Wall Clock,Furniture,South,2,39.96,171
2012-11-15,Staples,Office Supplies,Central,5,8.72,31
2012-11-15,Flexible Leather- Look Classic Collection Ring Binder,Office Supplies,Central,3,11.36,178
2012-11-15,Home/Office Personal File Carts,Office Supplies,Central,9,250.27,173
2012-11-15,Newell 319,Office Supplies,East,6,119.04,112
2012-11-15,Cardinal Holdit Data Disk Pockets,Office Supplies,East,6,34.94,119
2012-11-15,Eldon Mobile Mega Data Cart  Mega Stackable  Add-On Trays,Office Supplies,East,3,70.95,148
2012-11-16,Bretford CR4500 Series Slim Rectangular Table,Furniture,West,2,696.42,226
2012-11-16,Jabra BIZ 2300 Duo QD Duo Corded Headset,Technology,West,3,304.78,121
2012-11-16,"Advantus Employee of the Month Certificate Frame, 11 x 13-1/2",Furniture,Central,6,185.58,31
2012-11-16,"Eureka The Boss Plus 12-Amp Hard Box Upright Vacuum, Red",Office Supplies,East,5,523.25,221
2012-11-16,Howard Miller 11-1/2' Diameter Brentwood Wall Clock,Furniture,Central,2,34.5,118
2012-11-16,"Neat Ideas Personal Hanging Folder Files, Black",Office Supplies,Central,2,21.49,38
2012-11-16,Avery 51,Office Supplies,West,3,18.9,240
2012-11-16,HTC One,Technology,Central,3,239.98,11
2012-11-16,"Lesro Sheffield Collection Coffee Table, End Table, Center Table, Corner Table",Furniture,Central,3,214.11,232
2012-11-16,Xerox 191,Office Supplies,Central,9,179.82,174
2012-11-16,"Chromcraft Bull-Nose Wood Round Conference Table Top, Wood Base",Furniture,Central,3,653.55,17
2012-11-16,Logitech diNovo Edge Keyboard,Technology,Central,4,999.96,148
2012-11-17,RCA ViSYS 25825 Wireless digital phone,Technology,West,4,415.97,140
2012-11-17,Advantus Panel Wall Certificate Holder - 8.5x11,Furniture,West,3,36.6,148
2012-11-17,Hon Olson Stacker Chairs,Furniture,Central,5,1323.9,125
2012-11-17,Staples,Office Supplies,Central,3,106.32,135
2012-11-17,Carina Media Storage Towers in Natural & Black,Office Supplies,West,5,304.9,45
2012-11-17,"DAX Contemporary Wood Frame with Silver Metal Mat, Desktop, 11 x 14 Size",Furniture,West,4,80.96,103
2012-11-17,Fellowes Recycled Storage Drawers,Office Supplies,West,7,777.21,237
2012-11-17,"Tennsco Stur-D-Stor Boltless Shelving, 5 Shelves, 24' Deep, Sand",Office Supplies,Central,4,541.24,134
2012-11-17,Office Star - Contemporary Swivel Chair with Padded Adjustable Arms and Flex Back,Furniture,West,2,225.57,150
2012-11-17,Xerox 203,Office Supplies,West,5,32.4,235
2012-11-17,Acme Box Cutter Scissors,Office Supplies,Central,5,40.92,223
2012-11-19,Hoover Commercial Soft Guard Upright Vacuum And Disposable Filtration Bags,Office Supplies,West,4,31.08,202
2012-11-19,Accohide Poly Flexible Ring Binders,Office Supplies,East,2,5.98,85
2012-11-19,Aastra 6757i CT Wireless VoIP phone,Technology,East,4,861.76,149
2012-11-19,"Tenex V2T-RE Standard Weight Series Chair Mat, 45' x 53', Lip 25' x 12'",Furniture,West,2,141.96,234
2012-11-20,O'Sullivan Living Dimensions 2-Shelf Bookcases,Furniture,South,3,290.35,88
2012-11-20,Ultra Commercial Grade Dual Valve Door Closer,Furniture,East,2,63.82,21
2012-11-20,"Eldon Expressions Wood Desk Accessories, Oak",Furniture,West,3,22.14,91
2012-11-20,Safco Contoured Stacking Chairs,Furniture,West,3,572.16,28
2012-11-20,Newell 333,Office Supplies,West,7,19.46,12
2012-11-20,"Message Book, Phone, Wirebound Standard Line Memo, 2 3/4' X 5'",Office Supplies,East,3,19.65,209
2012-11-20,AmazonBasics 3-Button USB Wired Mouse,Technology,West,2,13.98,1
2012-11-20,Avery 485,Office Supplies,West,4,50.12,28
2012-11-20,Ibico Laser Imprintable Binding System Covers,Office Supplies,South,4,62.88,212
2012-11-20,"Belkin 19' Center-Weighted Shelf, Gray",Office Supplies,East,3,141.55,206
2012-11-20,Gear Head AU3700S Headset,Technology,West,7,72.74,179
2012-11-20,Cardinal Poly Pocket Divider Pockets for Ring Binders,Office Supplies,West,9,24.19,26
2012-11-20,Wilson Jones Custom Binder Spines & Labels,Office Supplies,West,3,4.9,49
2012-11-20,Sauder Barrister Bookcases,Furniture,West,6,145.76,94
2012-11-20,Wilson Jones 14 Line Acrylic Coated Pressboard Data Binders,Office Supplies,West,6,9.61,206
2012-11-20,Boston 19500 Mighty Mite Electric Pencil Sharpener,Office Supplies,East,3,60.45,242
2012-11-20,Newell 335,Office Supplies,East,4,11.52,150
2012-11-20,Crate-A-Files,Office Supplies,South,2,17.44,87
2012-11-20,O'Sullivan 3-Shelf Heavy-Duty Bookcases,Furniture,East,4,186.05,43
2012-11-20,Dana Swing-Arm Lamps,Furniture,West,3,32.04,204
2012-11-20,"Performers Binder/Pad Holder, Black",Office Supplies,West,4,89.7,21
2012-11-20,"Global High-Back Leather Tilter, Burgundy",Furniture,East,4,344.37,170
2012-11-20,Newell 334,Office Supplies,West,6,119.04,164
2012-11-20,Wilson Jones Turn Tabs Binder Tool for Ring Binders,Office Supplies,South,5,7.23,188
2012-11-20,NeatDesk Desktop Scanner & Digital Filing System,Technology,Central,2,479.99,96
2012-11-21,Acme Rosewood Handle Letter Opener,Office Supplies,East,5,15.88,183
2012-11-21,"Padded Folding Chairs, Black, 4/Carton",Furniture,East,7,396.8,2
2012-11-21,Imation Bio 2GB USB Flash Drive Imation Corp,Technology,Central,3,393.54,190
2012-11-21,"Square Ring Data Binders, Rigid 75 Pt. Covers, 11' x 14-7/8'",Office Supplies,West,4,66.05,117
2012-11-21,"Hoover Replacement Belts For Soft Guard & Commercial Ltweight Upright Vacs, 2/Pk",Office Supplies,Central,5,19.75,18
2012-11-21,Self-Adhesive Address Labels for Typewriters by Universal,Office Supplies,Central,2,11.7,22
2012-11-21,Belkin Standard 104 key USB Keyboard,Technology,West,2,23.34,156
2012-11-21,"Logitech B530 USB Headset - headset - Full size, Binaural",Technology,East,5,110.97,29
2012-11-21,"Bevis Oval Conference Table, Walnut",Furniture,East,8,1252.7,38
2012-11-21,Cardinal Hold-It CD Pocket,Office Supplies,Central,5,7.98,107
2012-11-21,O'Sullivan Manor Hill 2-Door Library in Brianna Oak,Furniture,Central,2,246.13,110
2012-11-21,Avery 506,Office Supplies,West,5,16.52,24
2012-11-21,Kensington 6 Outlet SmartSocket Surge Protector,Office Supplies,Central,3,24.59,127
2012-11-21,"Eldon Spacemaker Box, Quick-Snap Lid, Clear",Office Supplies,Central,2,5.34,228
2012-11-21,"Hon Metal Bookcases, Putty",Furniture,West,2,141.96,110
2012-11-21,Fellowes Command Center 5-outlet power strip,Office Supplies,West,6,325.63,135
2012-11-21,"Crayola Anti Dust Chalk, 12/Pack",Office Supplies,Central,6,10.92,105
2012-11-21,Ricoh - Ink Collector Unit for GX3000 Series Printers,Technology,Central,2,83.9,185
2012-11-21,Sharp 1540cs Digital Laser Copier,Technology,Central,1,439.99,143
2012-11-21,Storex DuraTech Recycled Plastic Frosted Binders,Office Supplies,Central,2,1.7,71
2012-11-21,Executive Impressions 14' Two-Color Numerals Wall Clock,Furniture,South,1,18.18,128
2012-11-22,Hon 2111 Invitation Series Straight Table,Furniture,Central,2,206.96,107
2012-11-22,Storex DuraTech Recycled Plastic Frosted Binders,Office Supplies,Central,3,2.54,4
2012-11-22,SanDisk Cruzer 8 GB USB Flash Drive,Technology,Central,4,27.17,2
2012-11-22,"Holmes Replacement Filter for HEPA Air Cleaner, Very Large Room, HEPA Filter",Office Supplies,Central,5,68.81,192
2012-11-22,GBC Durable Plastic Covers,Office Supplies,East,2,11.61,131
2012-11-22,Xerox 1970,Office Supplies,East,3,14.94,103
2012-11-22,"Personal Folder Holder, Ebony",Office Supplies,West,3,33.63,226
2012-11-22,Xerox 1971,Office Supplies,West,10,42.8,223
2012-11-22,Xerox 1887,Office Supplies,West,2,37.94,63
2012-11-22,Texas Instruments TI-34 Scientific Calculator,Technology,South,3,32.98,105
2012-11-22,Newell 341,Office Supplies,East,4,17.12,97
2012-11-22,"Vinyl Coated Wire Paper Clips in Organizer Box, 800/Box",Office Supplies,South,6,55.1,234
2012-11-22,"Acco Pressboard Covers with Storage Hooks, 14 7/8' x 11', Light Blue",Office Supplies,South,2,2.95,216
2012-11-22,Xerox 1936,Office Supplies,East,3,59.94,9
2012-11-23,Staples,Office Supplies,East,2,16.56,148
2012-11-23,GBC Recycled Regency Composition Covers,Office Supplies,Central,2,23.91,127
2012-11-23,Xerox 1915,Office Supplies,Central,4,335.52,45
2012-11-23,"1/4 Fold Party Design Invitations & White Envelopes, 24 8-1/2' X 11' Cards, 25 Env./Pack",Office Supplies,East,6,44.1,230
2012-11-23,"Sanyo Counter Height Refrigerator with Crisper, 3.6 Cubic Foot, Stainless Steel/Black",Office Supplies,East,8,2625.12,218
2012-11-23,Newell 315,Office Supplies,East,3,17.94,154
2012-11-23,Xerox 226,Office Supplies,East,6,38.88,65
2012-11-23,"Tenex Personal Self-Stacking Standard File Box, Black/Gray",Office Supplies,Central,2,27.06,168
2012-11-23,"Sanford Colorific Eraseable Coloring Pencils, 12 Count",Office Supplies,East,4,13.12,111
2012-11-23,Nortel Meridian M3904 Professional Digital phone,Technology,East,2,307.98,12
2012-11-24,Avery Premier Heavy-Duty Binder with Round Locking Rings,Office Supplies,West,8,91.39,136
2012-11-24,"Verbatim 25 GB 6x Blu-ray Single Layer Recordable Disc, 3/Pack",Technology,West,2,13.98,243
2012-11-24,Xerox 1919,Office Supplies,West,9,368.91,163
2012-11-24,Luxo Economy Swing Arm Lamp,Furniture,West,4,79.76,85
2012-11-24,Prang Colored Pencils,Office Supplies,West,5,14.7,233
2012-11-24,Avery Reinforcements for Hole-Punch Pages,Office Supplies,West,2,3.17,89
2012-11-24,Xerox 1943,Office Supplies,West,3,146.73,57
2012-11-24,"Acco PRESSTEX Data Binder with Storage Hooks, Dark Blue, 14 7/8' X 11'",Office Supplies,West,6,25.82,53
2012-11-24,Xerox 225,Office Supplies,West,3,19.44,11
2012-11-24,Fellowes Bankers Box Staxonsteel Drawer File/Stacking System,Office Supplies,West,7,454.86,208
2012-11-25,Newell 349,Office Supplies,South,5,13.12,205
2012-11-26,"Pressboard Covers with Storage Hooks, 9 1/2' x 11', Light Blue",Office Supplies,East,3,14.73,13
2012-11-26,"Tennsco Lockers, Sand",Office Supplies,East,5,104.9,120
2012-11-26,Canon PC1080F Personal Copier,Technology,Central,1,599.99,161
2012-11-26,Aluminum Screw Posts,Office Supplies,East,4,61.04,180
2012-11-26,Loose Memo Sheets,Office Supplies,East,3,10.95,120
2012-11-26,Howard Miller 12-3/4 Diameter Accuwave DS  Wall Clock,Furniture,South,11,692.47,19
2012-11-27,Apple EarPods with Remote and Mic,Technology,East,3,83.97,74
2012-11-27,Tensor 'Hersey Kiss' Styled Floor Lamp,Furniture,East,3,38.97,143
2012-11-27,Logitech Media Keyboard K200,Technology,South,3,83.98,242
2012-11-27,Xerox 197,Office Supplies,East,5,154.9,222
2012-11-27,Zipper Ring Binder Pockets,Office Supplies,South,2,6.24,246
2012-11-27,Xerox 1977,Office Supplies,East,6,40.08,69
2012-11-27,Rush Hierlooms Collection 1' Thick Stackable Bookcases,Furniture,East,1,170.98,55
2012-11-27,"Hon Practical Foundations 30 x 60 Training Table, Light Gray/Charcoal",Furniture,South,3,375.46,210
2012-11-27,Xerox 1884,Office Supplies,East,3,59.94,100
2012-11-27,"Situations Contoured Folding Chairs, 4/Set",Furniture,West,5,283.92,185
2012-11-27,"Snap-A-Way Black Print Carbonless Ruled Speed Letter, Triplicate",Office Supplies,West,3,113.82,131
2012-11-27,LG Exalt,Technology,East,8,748.75,110
2012-11-27,"Perixx PERIBOARD-512B, Ergonomic Split Keyboard",Technology,East,3,104.97,124
2012-11-27,Peel-Off China Markers,Office Supplies,East,3,29.79,131
2012-11-27,Sony 64GB Class 10 Micro SDHC R40 Memory Card,Technology,West,3,107.97,19
2012-11-27,Hon Non-Folding Utility Tables,Furniture,East,4,446.07,137
2012-11-27,Logitech G35 7.1-Channel Surround Sound Headset,Technology,East,2,259.98,23
2012-11-28,BIC Brite Liner Highlighters,Office Supplies,West,2,8.28,245
2012-11-28,Eldon 'L' Workstation Diamond Chairmat,Furniture,Central,5,151.96,226
2012-11-28,"Holmes Visible Mist Ultrasonic Humidifier with 2.3-Gallon Output per Day, Replacement Filter",Office Supplies,West,4,45.28,153
2012-11-28,"Tenex Contemporary Contur Chairmats for Low and Medium Pile Carpet, Computer, 39' x 49'",Furniture,East,3,322.59,36
2012-11-28,Staples,Office Supplies,East,8,62.24,229
2012-11-28,Executive Impressions 14' Two-Color Numerals Wall Clock,Furniture,East,3,68.16,212
2012-11-28,Staples,Office Supplies,East,2,3.01,53
2012-11-28,Seth Thomas 13 1/2' Wall Clock,Furniture,East,5,71.12,231
2012-11-28,"Belkin 19' Vented Equipment Shelf, Black",Office Supplies,Central,2,82.37,102
2012-11-28,Logitech Mobile Speakerphone P710e - speaker phone,Technology,Central,6,647.9,148
2012-11-28,Xerox 1941,Office Supplies,Central,4,335.52,201
2012-11-28,Eldon 100 Class Desk Accessories,Furniture,Central,9,12.13,37
2012-11-28,"Tenex Personal Project File with Scoop Front Design, Black",Office Supplies,Central,5,53.92,173
2012-11-29,GBC Imprintable Covers,Office Supplies,Central,4,8.78,3
2012-11-29,"Boston Electric Pencil Sharpener, Model 1818, Charcoal Black",Office Supplies,West,2,56.3,187
2012-11-29,Kingston Digital DataTraveler 16GB USB 2.0,Technology,Central,3,21.48,56
2012-11-29,"Global Manager's Adjustable Task Chair, Storm",Furniture,Central,2,301.96,172
2012-11-29,Honeywell Enviracaire Portable HEPA Air Cleaner for up to 10 x 16 Room,Office Supplies,Central,5,555.21,19
2012-11-29,Staples,Office Supplies,Central,4,19.92,16
2012-11-29,"Global High-Back Leather Tilter, Burgundy",Furniture,Central,9,1106.91,118
2012-11-29,"Mini 13-1/2 Capacity Data Binder Rack, Pearl",Office Supplies,Central,4,523.48,70
2012-11-29,"BOSTON Model 1800 Electric Pencil Sharpeners, Putty/Woodgrain",Office Supplies,Central,9,161.82,3
2012-11-29,"Acco PRESSTEX Data Binder with Storage Hooks, Dark Blue, 14 7/8' X 11'",Office Supplies,West,1,4.3,220
2012-11-30,Dana Swing-Arm Lamps,Furniture,South,2,17.09,13
2012-11-30,"DAX Contemporary Wood Frame with Silver Metal Mat, Desktop, 11 x 14 Size",Furniture,West,4,80.96,2
2012-11-30,Luxo Professional Fluorescent Magnifier Lamp with Clamp-Mount Base,Furniture,South,2,335.74,215
2012-11-30,Belkin 8 Outlet Surge Protector,Office Supplies,South,3,98.35,228
2012-11-30,Avery Durable Binders,Office Supplies,South,7,6.05,79
2012-11-30,Motorla HX550 Universal Bluetooth Headset,Technology,East,4,94.92,185
2012-11-30,#10- 4 1/8' x 9 1/2' Recycled Envelopes,Office Supplies,South,2,17.48,54
2012-11-30,Revere Boxed Rubber Bands by Revere,Office Supplies,East,7,10.58,243
2012-11-30,Fellowes PB200 Plastic Comb Binding Machine,Office Supplies,East,3,152.99,131
2012-11-30,Avoid Verbal Orders Carbonless Minifold Book,Office Supplies,East,7,23.66,119
2012-11-30,"Hon Metal Bookcases, Black",Furniture,East,12,681.41,23
2012-11-30,Avaya 4621SW VoIP phone,Technology,South,3,177.48,161
2012-11-30,GBC Instant Report Kit,Office Supplies,Central,3,3.88,157
2012-11-30,"Tyvek  Top-Opening Peel & Seel  Envelopes, Gray",Office Supplies,South,2,71.88,81
2012-11-30,Xerox 1997,Office Supplies,West,4,25.92,146
2012-12-01,Prang Drawing Pencil Set,Office Supplies,West,5,13.9,158
2012-12-01,Wilson Jones Heavy-Duty Casebound Ring Binders with Metal Hinges,Office Supplies,West,2,55.42,187
2012-12-01,Bush Advantage Collection Round Conference Table,Furniture,West,9,1913.4,59
2012-12-01,GuestStacker Chair with Chrome Finish Legs,Furniture,West,9,2676.67,146
2012-12-01,Global Troy Executive Leather Low-Back Tilter,Furniture,West,5,2003.92,48
2012-12-01,"Eldon Image Series Desk Accessories, Burgundy",Furniture,Central,4,6.69,62
2012-12-01,Xerox 219,Office Supplies,West,5,32.4,109
2012-12-01,"Decoflex Hanging Personal Folder File, Blue",Office Supplies,South,4,61.68,210
2012-12-01,Newell 307,Office Supplies,Central,2,3.64,149
2012-12-01,Xerox 207,Office Supplies,Central,3,19.44,151
2012-12-01,"Wirebound Message Books, Four 2 3/4' x 5' Forms per Page, 600 Sets per Book",Office Supplies,Central,2,18.54,108
2012-12-01,"GBC Pre-Punched Binding Paper, Plastic, White, 8-1/2' x 11'",Office Supplies,South,4,63.96,75
2012-12-01,Tennsco Industrial Shelving,Office Supplies,West,3,146.73,29
2012-12-01,"Xerox Color Copier Paper, 11' x 17', Ream",Office Supplies,West,5,114.2,57
2012-12-03,Newell 312,Office Supplies,South,2,9.34,229
2012-12-03,Xerox 1935,Office Supplies,East,7,184.66,116
2012-12-03,Panasonic KX-TG6844B Expandable Digital Cordless Telephone,Technology,South,2,105.58,158
2012-12-03,GBC DocuBind P50 Personal Binding Machine,Office Supplies,South,5,95.97,99
2012-12-03,"Sauder Forest Hills Library, Woodland Oak Finish",Furniture,West,3,359.5,191
2012-12-03,Lexmark MarkNet N8150 Wireless Print Server,Technology,East,4,482.34,18
2012-12-03,"Message Book, Wirebound, Four 5 1/2' X 4' Forms/Pg., 200 Dupl. Sets/Book",Office Supplies,East,2,16.45,175
2012-12-03,3M Hangers With Command Adhesive,Furniture,East,1,2.96,172
2012-12-03,Seth Thomas 16' Steel Case Clock,Furniture,South,3,77.95,227
2012-12-03,Cardinal Poly Pocket Divider Pockets for Ring Binders,Office Supplies,East,4,10.75,93
2012-12-03,GBC Therma-A-Bind 250T Electric Binding System,Office Supplies,East,6,590.35,182
2012-12-03,"Verbatim 25 GB 6x Blu-ray Single Layer Recordable Disc, 25/Pack",Technology,East,2,36.78,112
2012-12-04,Xerox 1881,Office Supplies,Central,7,85.96,182
2012-12-04,Avery Hi-Liter Fluorescent Desk Style Markers,Office Supplies,West,5,16.9,224
2012-12-04,Wausau Papers Astrobrights Colored Envelopes,Office Supplies,East,3,17.94,145
2012-12-04,SpineVue Locking Slant-D Ring Binders by Cardinal,Office Supplies,South,3,8.23,62
2012-12-04,"Master Caster Door Stop, Large Brown",Furniture,West,5,36.4,115
2012-12-04,Jensen SMPS-640 - speaker phone,Technology,West,3,110.35,112
2012-12-04,"DAX Two-Tone Rosewood/Black Document Frame, Desktop, 5 x 7",Furniture,East,3,28.44,219
2012-12-04,Tyvek Side-Opening Peel & Seel Expanding Envelopes,Office Supplies,West,3,271.44,46
2012-12-04,"Global Armless Task Chair, Royal Blue",Furniture,East,7,384.17,202
2012-12-04,"Eldon Image Series Desk Accessories, Burgundy",Furniture,West,6,25.08,56
2012-12-04,Square Credit Card Reader,Technology,East,4,39.96,117
2012-12-04,Deluxe Chalkboard Eraser Cleaner,Office Supplies,South,4,36.96,44
2012-12-04,GBC Ibimaster 500 Manual ProClick Binding System,Office Supplies,South,7,1598.06,160
2012-12-04,"Global Leather Highback Executive Chair with Pneumatic Height Adjustment, Black",Furniture,East,2,361.76,144
2012-12-04,Wilson SignalBoost 841262 DB PRO Amplifier Kit,Technology,East,5,1799.75,197
2012-12-04,Office Star - Ergonomically Designed Knee Chair,Furniture,East,5,364.41,3
2012-12-05,Xerox 188,Office Supplies,East,2,22.68,147
2012-12-05,Memorex Micro Travel Drive 8 GB,Technology,West,3,39.0,239
2012-12-05,"GBC White Gloss Covers, Plain Front",Office Supplies,East,6,26.06,46
2012-12-05,Security-Tint Envelopes,Office Supplies,Central,2,12.22,218
2012-12-05,Avery Arch Ring Binders,Office Supplies,East,5,232.4,142
2012-12-05,"Global Armless Task Chair, Royal Blue",Furniture,East,3,164.65,197
2012-12-05,"Global Push Button Manager's Chair, Indigo",Furniture,South,2,97.42,46
2012-12-05,Executive Impressions 14' Contract Wall Clock,Furniture,West,2,44.46,77
2012-12-05,"Boston Electric Pencil Sharpener, Model 1818, Charcoal Black",Office Supplies,Central,2,45.04,123
2012-12-05,Surelock Post Binders,Office Supplies,Central,5,152.8,74
2012-12-05,Belkin F8E887 USB Wired Ergonomic Keyboard,Technology,East,2,47.98,102
2012-12-05,Avery 488,Office Supplies,West,4,12.6,136
2012-12-06,Logitech VX Revolution Cordless Laser Mouse for Notebooks (Black),Technology,East,9,1619.91,89
2012-12-06,Xerox 1903,Office Supplies,East,7,41.86,143
2012-12-06,Xerox 219,Office Supplies,East,1,6.48,68
2012-12-06,"Message Book, Phone, Wirebound Standard Line Memo, 2 3/4' X 5'",Office Supplies,West,5,32.75,248
2012-12-06,Spiral Phone Message Books with Labels by Adams,Office Supplies,West,2,8.96,243
2012-12-06,Tennsco 6- and 18-Compartment Lockers,Office Supplies,West,5,1325.85,60
2012-12-06,Avery 483,Office Supplies,West,3,14.94,137
2012-12-06,AT&T 1080 Corded phone,Technology,West,2,219.18,49
2012-12-06,Stanley Contemporary Battery Pencil Sharpeners,Office Supplies,West,9,120.15,2
2012-12-06,Xerox 20,Office Supplies,West,1,6.48,204
2012-12-06,Global Low Back Tilter Chair,Furniture,East,1,70.69,106
2012-12-06,Howard Miller 13' Diameter Pewter Finish Round Wall Clock,Furniture,West,6,206.11,112
2012-12-06,Xerox 1970,Office Supplies,West,5,19.92,93
2012-12-06,Xerox 1960,Office Supplies,West,8,198.27,117
2012-12-06,"BOSTON Model 1800 Electric Pencil Sharpeners, Putty/Woodgrain",Office Supplies,West,6,86.3,236
2012-12-06,Newell 312,Office Supplies,East,8,37.38,197
2012-12-06,Polycom SoundStation2 EX Conference phone,Technology,East,2,485.94,80
2012-12-06,AT&T CL82213,Technology,South,6,173.94,108
2012-12-06,Hewlett Packard 610 Color Digital Copier / Printer,Technology,Central,2,999.98,50
2012-12-06,Seth Thomas 14' Day/Date Wall Clock,Furniture,East,4,113.92,244
2012-12-06,"Belkin 19' Vented Equipment Shelf, Black",Office Supplies,West,6,247.1,146
2012-12-06,Avery Reinforcements for Hole-Punch Pages,Office Supplies,Central,7,2.77,169
2012-12-06,"Commercial WindTunnel Clean Air Upright Vacuum, Replacement Belts, Filtration Bags",Office Supplies,West,2,7.78,34
2012-12-06,Ibico Standard Transparent Covers,Office Supplies,East,3,14.83,45
2012-12-07,Pressboard Data Binders by Wilson Jones,Office Supplies,East,5,21.36,153
2012-12-07,Digium D40 VoIP phone,Technology,East,6,773.94,242
2012-12-07,Xerox 218,Office Supplies,West,2,12.96,68
2012-12-07,Avery Durable Slant Ring Binders With Label Holder,Office Supplies,East,2,6.69,92
2012-12-07,Eureka The Boss Cordless Rechargeable Stick Vac,Office Supplies,South,3,152.94,63
2012-12-07,"Situations Contoured Folding Chairs, 4/Set",Furniture,South,4,283.92,164
2012-12-07,12-1/2 Diameter Round Wall Clock,Furniture,West,4,79.92,211
2012-12-07,Avery 509,Office Supplies,West,1,2.61,48
2012-12-07,"Alliance Big Bands Rubber Bands, 12/Pack",Office Supplies,West,2,3.96,148
2012-12-08,Wilson Electronics DB Pro Signal Booster,Technology,Central,6,1718.4,73
2012-12-08,"Stur-D-Stor Shelving, Vertical 5-Shelf: 72'H x 36'W x 18 1/2'D",Office Supplies,West,2,221.96,191
2012-12-08,Nokia Lumia 521 (T-Mobile),Technology,Central,5,119.96,4
2012-12-08,Southworth Parchment Paper & Envelopes,Office Supplies,West,3,15.7,99
2012-12-08,Xerox 1945,Office Supplies,Central,11,360.71,69
2012-12-08,WD My Passport Ultra 500GB Portable External Hard Drive,Technology,West,4,236.0,89
2012-12-09,Xerox 188,Office Supplies,Central,3,34.02,3
2012-12-10,Hewlett Packard 610 Color Digital Copier / Printer,Technology,East,2,799.98,125
2012-12-10,"Memorex 25GB 6X Branded Blu-Ray Recordable Disc, 15/Pack",Technology,South,6,101.94,230
2012-12-10,Avery 486,Office Supplies,East,1,7.31,38
2012-12-10,Xerox 201,Office Supplies,South,4,25.92,241
2012-12-10,Staples,Office Supplies,South,1,1.78,162
2012-12-10,3M Replacement Filter for Office Air Cleaner for 20' x 33' Room,Office Supplies,Central,7,53.09,128
2012-12-10,Xerox 1883,Office Supplies,East,7,184.66,23
2012-12-10,"Adams Phone Message Book, 200 Message Capacity, 8 1/16 x 11",Office Supplies,East,6,41.28,56
2012-12-10,"Boston Electric Pencil Sharpener, Model 1818, Charcoal Black",Office Supplies,West,2,56.3,99
2012-12-10,"Avery Hi-Liter Comfort Grip Fluorescent Highlighter, Yellow Ink",Office Supplies,Central,2,3.9,69
2012-12-10,Global Ergonomic Managers Chair,Furniture,East,3,542.94,40
2012-12-10,Permanent Self-Adhesive File Folder Labels for Typewriters by Universal,Office Supplies,Central,1,2.61,181
2012-12-10,Maxell 4.7GB DVD-RW 3/Pack,Technology,East,2,25.49,173
2012-12-10,Cisco 8x8 Inc. 6753i IP Business Phone System,Technology,East,1,134.99,59
2012-12-10,Astroparche Fine Business Paper,Office Supplies,East,5,26.4,107
2012-12-10,"Recycled Desk Saver Line 'While You Were Out' Book, 5 1/2' X 4'",Office Supplies,East,5,44.75,187
2012-12-10,Avery File Folder Labels,Office Supplies,West,2,5.76,56
2012-12-10,Manco Dry-Lighter Erasable Highlighter,Office Supplies,East,9,27.36,30
2012-12-10,Bretford CR8500 Series Meeting Room Furniture,Furniture,Central,2,801.96,83
2012-12-10,Global Super Steno Chair,Furniture,Central,2,191.96,151
2012-12-11,Logitech Keyboard K120,Technology,West,4,58.08,216
2012-12-11,"Master Caster Door Stop, Large Neon Orange",Furniture,West,9,52.42,35
2012-12-11,Ibico Covers for Plastic or Wire Binding Elements,Office Supplies,Central,2,23.0,212
2012-12-11,Newell 326,Office Supplies,West,3,4.22,157
2012-12-11,Bevis Rectangular Conference Tables,Furniture,West,5,364.95,151
2012-12-11,Xerox 1932,Office Supplies,West,3,85.06,107
2012-12-11,Avery Personal Creations Heavyweight Cards,Office Supplies,West,3,27.7,105
2012-12-11,DAX Wood Document Frame,Furniture,West,5,54.92,157
2012-12-11,"Bush Westfield Collection Bookcases, Dark Cherry Finish",Furniture,West,4,69.58,85
2012-12-11,GBC Plasticlear Binding Covers,Office Supplies,East,3,10.33,219
2012-12-11,Logitech Wireless Performance Mouse MX for PC and Mac,Technology,Central,2,159.98,134
2012-12-11,Eldon ProFile File 'N Store Portable File Tub Letter/Legal Size Black,Office Supplies,Central,3,46.34,162
2012-12-11,Newell 313,Office Supplies,West,5,13.12,182
2012-12-11,Maxell 4.7GB DVD+RW 3/Pack,Technology,Central,11,175.23,219
2012-12-11,BlackBerry Q10,Technology,Central,1,125.99,13
2012-12-11,"Dot Matrix Printer Tape Reel Labels, White, 5000/Box",Office Supplies,South,2,196.62,119
2012-12-11,Acco D-Ring Binder w/DublLock,Office Supplies,South,2,12.83,137
2012-12-11,GBC Recycled Grain Textured Covers,Office Supplies,West,4,110.53,79
2012-12-12,"Lifetime Advantage Folding Chairs, 4/Carton",Furniture,West,2,348.93,143
2012-12-12,"Black Print Carbonless Snap-Off Rapid Letter, 8 1/2' x 7'",Office Supplies,West,4,36.44,181
2012-12-12,Staples,Office Supplies,West,7,25.76,222
2012-12-12,Recycled Premium Regency Composition Covers,Office Supplies,West,2,24.45,105
2012-12-12,AmazonBasics 3-Button USB Wired Mouse,Technology,Central,4,22.37,216
2012-12-12,Rogers Handheld Barrel Pencil Sharpener,Office Supplies,East,3,8.22,204
2012-12-12,Logitech Wireless Marathon Mouse M705,Technology,West,6,299.94,69
2012-12-12,Xerox 1916,Office Supplies,West,2,97.88,43
2012-12-12,Staples,Office Supplies,West,2,7.86,72
2012-12-12,Peel & Seel Envelopes,Office Supplies,West,4,15.52,44
2012-12-12,Eldon Cleatmat Chair Mats for Medium Pile Carpets,Furniture,West,3,166.5,227
2012-12-12,Newell 311,Office Supplies,West,1,2.21,183
2012-12-12,Xerox 1930,Office Supplies,West,5,32.4,106
2012-12-12,Standard Rollaway File with Lock,Office Supplies,West,2,360.38,83
2012-12-13,Fellowes 8 Outlet Superior Workstation Surge Protector w/o Phone/Fax/Modem Protection,Office Supplies,West,4,134.48,81
2012-12-13,Avery 513,Office Supplies,West,2,9.96,249
2012-12-13,Memorex Mini Travel Drive 64 GB USB 2.0 Flash Drive,Technology,West,1,36.24,106
2012-12-13,Xerox 222,Office Supplies,East,3,19.44,184
2012-12-13,Flexible Leather- Look Classic Collection Ring Binder,Office Supplies,East,2,37.88,20
2012-12-13,Plantronics Voyager Pro Legend,Technology,West,3,494.38,195
2012-12-13,Xerox 213,Office Supplies,West,2,12.96,177
2012-12-13,"Angle-D Binders with Locking Rings, Label Holders",Office Supplies,West,5,29.2,160
2012-12-13,Logitech K350 2.4Ghz Wireless Keyboard,Technology,West,5,248.85,218
2012-12-14,Wilson Jones Standard D-Ring Binders,Office Supplies,West,2,8.1,6
2012-12-14,Stackable Trays,Furniture,South,2,6.16,69
2012-12-14,"Boston Electric Pencil Sharpener, Model 1818, Charcoal Black",Office Supplies,South,2,56.3,126
2012-12-14,Ibico Recycled Grain-Textured Covers,Office Supplies,West,2,55.26,142
2012-12-14,Xerox 23,Office Supplies,West,1,6.48,209
2012-12-14,Staples,Furniture,West,3,29.22,159
2012-12-14,"GBC Laser Imprintable Binding System Covers, Desert Sand",Office Supplies,West,3,34.25,247
2012-12-14,"Bush Andora Conference Table, Maple/Graphite Gray Finish",Furniture,West,2,273.57,202
2012-12-14,Micro Innovations USB RF Wireless Keyboard with Mouse,Technology,West,2,50.0,147
2012-12-14,"Master Caster Door Stop, Gray",Furniture,West,3,15.24,215
2012-12-14,HTC One,Technology,West,4,319.97,142
2012-12-14,Staples,Office Supplies,South,2,3.76,175
2012-12-15,Acco D-Ring Binder w/DublLock,Office Supplies,West,3,51.31,198
2012-12-15,Logitech G700s Rechargeable Gaming Mouse,Technology,West,9,899.91,148
2012-12-15,3M Office Air Cleaner,Office Supplies,West,4,103.92,169
2012-12-15,"Sanford Colorific Eraseable Coloring Pencils, 12 Count",Office Supplies,East,1,3.28,153
2012-12-15,Plantronics Savi W720 Multi-Device Wireless Headset System,Technology,East,6,2025.36,235
2012-12-15,Cubify CubeX 3D Printer Double Head Print,Technology,East,2,1799.99,119
2012-12-15,Cisco Small Business SPA 502G VoIP phone,Technology,South,3,246.17,127
2012-12-15,Howard Miller 13' Diameter Goldtone Round Wall Clock,Furniture,East,7,262.86,141
2012-12-15,Panasonic KX TS3282W Corded phone,Technology,East,2,101.99,56
2012-12-16,Xerox 190,Office Supplies,West,1,4.98,164
2012-12-17,Hon Valutask Swivel Chairs,Furniture,Central,3,302.94,57
2012-12-17,Howard Miller 11-1/2' Diameter Ridgewood Wall Clock,Furniture,Central,2,41.55,20
2012-12-17,Panasonic KX TS3282W Corded phone,Technology,West,2,135.98,81
2012-12-17,Tennsco Double-Tier Lockers,Office Supplies,Central,1,180.02,68
2012-12-17,GBC Plastic Binding Combs,Office Supplies,Central,4,29.52,130
2012-12-17,Newell 35,Office Supplies,Central,5,13.12,86
2012-12-17,Harbour Creations 67200 Series Stacking Chairs,Furniture,Central,2,142.36,217
2012-12-17,Sanford 52201 APSCO Electric Pencil Sharpener,Office Supplies,West,5,204.85,164
2012-12-17,Avery Arch Ring Binders,Office Supplies,West,2,92.96,215
2012-12-17,"Global Value Steno Chair, Gray",Furniture,Central,9,546.66,48
2012-12-17,"Tenex Carpeted, Granite-Look or Clear Contemporary Contour Shape Chair Mats",Furniture,Central,3,212.13,146
2012-12-17,"Sanford Colorific Eraseable Coloring Pencils, 12 Count",Office Supplies,West,5,16.4,114
2012-12-18,Xerox 226,Office Supplies,East,4,20.74,88
2012-12-18,Fellowes Officeware Wire Shelving,Office Supplies,East,9,646.78,84
2012-12-18,Newell 320,Office Supplies,West,2,6.85,127
2012-12-18,Avery 507,Office Supplies,South,8,18.43,139
2012-12-18,#10- 4 1/8' x 9 1/2' Recycled Envelopes,Office Supplies,South,8,55.94,248
2012-12-18,"Master Caster Door Stop, Brown",Furniture,South,5,20.32,188
2012-12-18,Imation Bio 8GB USB Flash Drive Imation Corp,Technology,East,1,166.24,168
2012-12-19,Plantronics Savi W720 Multi-Device Wireless Headset System,Technology,West,3,1265.85,160
2012-12-19,Logitech diNovo Edge Keyboard,Technology,East,9,2249.91,177
2012-12-19,ShoreTel ShorePhone IP 230 VoIP phone,Technology,West,5,675.96,116
2012-12-19,Maxell 4.7GB DVD+RW 3/Pack,Technology,Central,2,25.49,195
2012-12-19,White Computer Printout Paper by Universal,Office Supplies,Central,3,116.28,126
2012-12-19,Bagged Rubber Bands,Office Supplies,Central,4,5.04,233
2012-12-19,Self-Adhesive Ring Binder Labels,Office Supplies,Central,2,7.04,248
2012-12-19,Xerox 1903,Office Supplies,East,5,29.9,70
2012-12-19,Avery 474,Office Supplies,East,3,6.91,85
2012-12-19,Bretford Rectangular Conference Table Tops,Furniture,East,4,1053.16,246
2012-12-19,Avanti 4.4 Cu. Ft. Refrigerator,Office Supplies,East,3,434.35,32
2012-12-19,Hoover Replacement Belt for Commercial Guardsman Heavy-Duty Upright Vacuum,Office Supplies,East,2,3.55,80
2012-12-19,Samsung Rugby III,Technology,Central,3,158.38,151
2012-12-19,Fellowes Advanced 8 Outlet Surge Suppressor with Phone/Fax Protection,Office Supplies,East,4,88.83,60
2012-12-20,"Eaton Premium Continuous-Feed Paper, 25% Cotton, Letter Size, White, 1000 Shts/Box",Office Supplies,East,1,55.48,60
2012-12-20,Hypercom P1300 Pinpad,Technology,Central,2,100.8,97
2012-12-20,#6 3/4 Gummed Flap White Envelopes,Office Supplies,West,1,7.92,27
2012-12-20,Logitech G600 MMO Gaming Mouse,Technology,Central,4,255.97,185
2012-12-20,Apple iPhone 5C,Technology,Central,2,159.98,42
2012-12-20,Nu-Dell Float Frame 11 x 14 1/2,Furniture,West,2,14.37,168
2012-12-20,Avery 486,Office Supplies,South,2,11.7,166
2012-12-20,Fellowes Super Stor/Drawer,Office Supplies,Central,4,88.8,85
2012-12-20,Staples,Office Supplies,West,4,17.12,176
2012-12-20,"Sauder Facets Collection Library, Sky Alder Finish",Furniture,Central,3,359.06,16
2012-12-20,Acco 6 Outlet Guardian Standard Surge Suppressor,Office Supplies,South,3,36.27,97
2012-12-21,Anker 36W 4-Port USB Wall Charger Travel Power Adapter for iPhone 5s 5c 5,Technology,South,3,47.98,197
2012-12-21,Enermax Acrylux Wireless Keyboard,Technology,West,1,99.6,237
2012-12-21,Star Micronics TSP800 TSP847IIU Receipt Printer,Technology,Central,2,600.53,197
2012-12-21,"Recycled Interoffice Envelopes with Re-Use-A-Seal Closure, 10 x 13",Office Supplies,South,2,27.31,97
2012-12-21,"OIC #2 Pencils, Medium Soft",Office Supplies,East,2,3.01,64
2012-12-21,"Sanford Prismacolor Professional Thick Lead Art Pencils, 36-Color Set",Office Supplies,Central,2,59.9,73
2012-12-21,Memorex Micro Travel Drive 4 GB,Technology,South,6,50.88,84
2012-12-21,Belkin 6 Outlet Metallic Surge Strip,Office Supplies,West,7,60.98,4
2012-12-21,Enermax Acrylux Wireless Keyboard,Technology,Central,8,637.44,1
2012-12-21,Howard Miller 11-1/2' Diameter Grantwood Wall Clock,Furniture,Central,3,51.76,21
2012-12-21,Bevis 36 x 72 Conference Tables,Furniture,West,13,1618.37,111
2012-12-22,Harbour Creations Steel Folding Chair,Furniture,East,7,422.62,56
2012-12-22,Newell 336,Office Supplies,Central,4,17.12,65
2012-12-22,"Tennsco Lockers, Sand",Office Supplies,East,2,33.57,73
2012-12-23,Belkin Premiere Surge Master II 8-outlet surge protector,Office Supplies,South,4,194.32,97
2012-12-24,"Eldon Regeneration Recycled Desk Accessories, Black",Furniture,Central,2,9.68,143
2012-12-24,"While You Were Out Pads, 50 per Pad, 4 x 5 1/4, Green Cycle",Office Supplies,East,6,22.7,111
2012-12-24,Ibico Standard Transparent Covers,Office Supplies,East,4,19.78,178
2012-12-24,OIC Bulk Pack Metal Binder Clips,Office Supplies,East,2,5.58,124
2012-12-24,Executive Impressions 14' Two-Color Numerals Wall Clock,Furniture,East,4,72.7,166
2012-12-24,Xerox 1967,Office Supplies,East,2,12.96,85
2012-12-24,Canon PC1060 Personal Laser Copier,Technology,Central,7,4899.93,75
2012-12-24,ClearSounds CSC500 Amplified Spirit Phone Corded phone,Technology,West,2,111.98,87
2012-12-24,Smead Alpha-Z Color-Coded Second Alphabetical Labels and Starter Set,Office Supplies,East,7,21.56,238
2012-12-24,Swingline SM12-08 MicroCut Jam Free Shredder,Technology,East,4,479.99,167
2012-12-24,Stanley Bostitch Contemporary Electric Pencil Sharpeners,Office Supplies,East,2,27.17,37
2012-12-24,Computer Printout Paper with Letter-Trim Perforations,Office Supplies,West,7,106.23,187
2012-12-24,"Atlantic Metals Mobile 4-Shelf Bookcases, Custom Colors",Furniture,West,7,590.06,58
2012-12-24,"Dixon My First Ticonderoga Pencil, #2",Office Supplies,West,3,14.04,137
2012-12-24,Magna Visual Magnetic Picture Hangers,Furniture,West,2,7.71,98
2012-12-24,SAFCO Arco Folding Chair,Furniture,West,4,883.84,191
2012-12-24,Xerox 1887,Office Supplies,East,7,132.79,242
2012-12-24,"Vinyl Coated Wire Paper Clips in Organizer Box, 800/Box",Office Supplies,West,4,45.92,62
2012-12-24,Avery Hole Reinforcements,Office Supplies,West,4,19.94,48
2012-12-25,Tenex Antistatic Computer Chair Mats,Furniture,East,4,547.14,191
2012-12-25,Plantronics Savi W720 Multi-Device Wireless Headset System,Technology,East,2,843.9,31
2012-12-25,Rush Hierlooms Collection Rich Wood Bookcases,Furniture,Central,1,160.98,134
2012-12-25,"Logitech B530 USB Headset - headset - Full size, Binaural",Technology,Central,2,73.98,20
2012-12-25,Tenex B1-RE Series Chair Mats for Low Pile Carpets,Furniture,South,6,275.88,19
2012-12-25,Newell 351,Office Supplies,Central,1,3.28,153
2012-12-25,Xerox 1978,Office Supplies,Central,3,17.34,126
2012-12-25,Brother DCP1000 Digital 3 in 1 Multifunction Machine,Technology,West,5,1199.96,67
2012-12-25,"Atlantic Metals Mobile 4-Shelf Bookcases, Custom Colors",Furniture,East,2,449.57,109
2012-12-25,Great White Multi-Use Recycled Paper (20Lb. and 84 Bright),Office Supplies,West,3,17.94,115
2012-12-25,"Important Message Pads, 50 4-1/4 x 5-1/2 Forms per Pad",Office Supplies,West,3,12.6,213
2012-12-25,Kensington 7 Outlet MasterPiece Power Center with Fax/Phone Line Protection,Office Supplies,East,2,414.96,142
2012-12-25,Xerox 1949,Office Supplies,West,2,9.96,119
2012-12-25,Xerox 227,Office Supplies,South,2,10.37,231
2012-12-25,Avery 474,Office Supplies,South,4,9.22,212
2012-12-25,Tuf-Vin Binders,Office Supplies,South,5,157.9,78
2012-12-26,"Office Star - Contemporary Task Swivel chair with 2-way adjustable arms, Plum",Furniture,Central,3,275.06,213
2012-12-26,Staples,Office Supplies,East,5,22.2,115
2012-12-26,KI Adjustable-Height Table,Furniture,East,1,51.59,91
2012-12-26,Xerox 1906,Office Supplies,East,6,212.64,13
2012-12-27,Fellowes Super Stor/Drawer Files,Office Supplies,West,2,323.1,154
2012-12-27,Staples,Office Supplies,East,3,19.87,124
2012-12-27,Geemarc AmpliPOWER60,Technology,West,9,668.16,232
2012-12-27,"Riverside Furniture Oval Coffee Table, Oval End Table, End Table with Drawer",Furniture,East,9,1548.99,167
2012-12-27,Maxell CD-R Discs,Technology,South,3,4.73,57
2012-12-27,Plantronics HL10 Handset Lifter,Technology,Central,4,371.17,27
2012-12-27,SanDisk Ultra 16 GB MicroSDHC Class 10 Memory Card,Technology,South,7,72.74,25
2012-12-27,Belkin F9G930V10-GRY 9 Outlet Surge,Office Supplies,West,2,106.96,112
2012-12-27,"Global Fabric Manager's Chair, Dark Gray",Furniture,Central,3,212.06,190
2012-12-27,Xerox 1917,Office Supplies,Central,4,195.64,65
2012-12-27,Avery 497,Office Supplies,West,7,21.56,152
2012-12-27,Executive Impressions 14' Contract Wall Clock with Quartz Movement,Furniture,South,3,53.35,247
2012-12-27,Cisco SPA 502G IP Phone,Technology,Central,2,239.9,130
2012-12-27,Sterilite Show Offs Storage Containers,Office Supplies,Central,3,12.67,199
2012-12-27,"Atlantic Metals Mobile 3-Shelf Bookcases, Custom Colors",Furniture,Central,3,532.4,43
2012-12-27,Maxell 4.7GB DVD-R 5/Pack,Technology,West,8,7.92,96
2012-12-27,#10-4 1/8' x 9 1/2' Premium Diagonal Seam Envelopes,Office Supplies,Central,9,113.33,41
2012-12-27,O'Sullivan 5-Shelf Heavy-Duty Bookcases,Furniture,South,2,131.1,243
2012-12-27,Staples,Office Supplies,South,3,22.51,226
2012-12-27,Kensington 7 Outlet MasterPiece Power Center,Office Supplies,East,2,355.96,5
2012-12-27,"Strathmore #10 Envelopes, Ultimate White",Office Supplies,South,2,105.42,166
2012-12-27,Xerox 1950,Office Supplies,East,5,28.9,179
2012-12-28,Lenovo 17-Key USB Numeric Keypad,Technology,East,2,54.38,22
2012-12-28,"Tenex Personal Filing Tote With Secure Closure Lid, Black/Frost",Office Supplies,Central,2,24.82,88
2012-12-29,Acme Serrated Blade Letter Opener,Office Supplies,East,2,6.36,122
2012-12-30,2300 Heavy-Duty Transfer File Systems by Perma,Office Supplies,West,3,74.94,177
2012-12-30,Cisco SPA 502G IP Phone,Technology,West,3,287.88,170
2012-12-30,Xerox 1929,Office Supplies,West,3,68.52,146
2012-12-30,Tyvek Side-Opening Peel & Seel Expanding Envelopes,Office Supplies,West,3,271.44,196
2012-12-30,Zebra GX420t Direct Thermal/Thermal Transfer Printer,Technology,West,6,2548.56,50
2012-12-31,Ibico Hi-Tech Manual Binding System,Office Supplies,West,2,487.98,10
2012-12-31,"GBC Clear Cover, 8-1/2 x 11, unpunched, 25 covers per pack",Office Supplies,South,4,60.64,247
2012-12-31,Newell 3-Hole Punched Plastic Slotted Magazine Holders for Binders,Office Supplies,Central,4,3.66,11
2012-12-31,Ibico Plastic Spiral Binding Combs,Office Supplies,South,12,364.8,73
2012-12-31,Stockwell Push Pins,Office Supplies,Central,2,3.49,7
2012-12-31,Fellowes Stor/Drawer Steel Plus Storage Drawers,Office Supplies,Central,2,152.69,151
2012-12-31,"Eldon Expressions Wood Desk Accessories, Oak",Furniture,Central,5,14.76,219
2012-12-31,Fellowes Presentation Covers for Comb Binding Machines,Office Supplies,Central,8,116.4,40
2012-12-31,Staples,Office Supplies,Central,2,5.89,163
2012-12-31,Tuf-Vin Binders,Office Supplies,South,3,94.74,228
2012-12-31,Aluminum Screw Posts,Office Supplies,South,5,76.3,84
2013-01-02,"Bush Westfield Collection Bookcases, Medium Cherry Finish",Furniture,East,3,173.94,71
2013-01-02,GE 30522EE2,Technology,East,2,231.98,54
2013-01-03,"Hon Practical Foundations 30 x 60 Training Table, Light Gray/Charcoal",Furniture,Central,7,1592.85,136
2013-01-03,WD My Passport Ultra 1TB Portable External Hard Drive,Technology,Central,3,165.6,46
2013-01-03,Recycled Steel Personal File for Hanging File Folders,Office Supplies,West,2,114.46,142
2013-01-03,Imation Clip USB flash drive - 8 GB,Technology,Central,2,30.08,175
2013-01-03,Storex Dura Pro Binders,Office Supplies,Central,2,11.88,237
2013-01-03,AT&T 17929 Lendline Telephone,Technology,Central,5,180.96,103
2013-01-04,Avery Arch Ring Binders,Office Supplies,East,6,104.58,209
2013-01-04,Newell 312,Office Supplies,East,1,4.67,41
2013-01-04,Hewlett Packard 310 Color Digital Copier,Technology,South,4,959.97,59
2013-01-05,Logitech MX Performance Wireless Mouse,Technology,South,6,191.47,211
2013-01-05,Newell 337,Office Supplies,South,2,5.25,197
2013-01-05,"Logitech B530 USB Headset - headset - Full size, Binaural",Technology,South,2,59.18,11
2013-01-07,Panasonic KP-350BK Electric Pencil Sharpener with Auto Stop,Office Supplies,West,1,34.58,129
2013-01-07,Executive Impressions 13' Clairmont Wall Clock,Furniture,Central,3,23.08,6
2013-01-07,Xerox 212,Office Supplies,Central,5,25.92,79
2013-01-08,Newell 319,Office Supplies,South,3,47.62,130
2013-01-08,Avaya 5410 Digital phone,Technology,South,2,108.78,108
2013-01-08,Plastic Binding Combs,Office Supplies,Central,7,106.05,2
2013-01-08,"Atlantic Metals Mobile 3-Shelf Bookcases, Custom Colors",Furniture,Central,6,1565.88,26
2013-01-08,"XtraLife ClearVue Slant-D Ring Binder, White, 3'",Office Supplies,South,7,30.83,113
2013-01-09,Logitech G500s Laser Gaming Mouse with Adjustable Weight Tuning,Technology,West,5,349.95,106
2013-01-09,"DAX Two-Tone Rosewood/Black Document Frame, Desktop, 5 x 7",Furniture,East,2,15.17,39
2013-01-09,netTALK DUO VoIP Telephone Service,Technology,West,9,377.93,229
2013-01-10,Logitech Media Keyboard K200,Technology,West,2,69.98,160
2013-01-10,"DAX Value U-Channel Document Frames, Easel Back",Furniture,West,5,24.85,219
2013-01-10,24-Hour Round Wall Clock,Furniture,West,4,79.92,128
2013-01-11,Ultra Door Push Plate,Furniture,East,14,54.99,246
2013-01-11,Xerox 2,Office Supplies,East,3,15.55,7
2013-01-11,Xerox 1935,Office Supplies,East,3,63.31,100
2013-01-11,Cyber Acoustics AC-202b Speech Recognition Stereo Headset,Technology,East,2,15.59,159
2013-01-14,Electrix Fluorescent Magnifier Lamps & Weighted Base,Furniture,South,8,315.78,123
2013-01-14,Xerox 1882,Office Supplies,South,2,89.57,175
2013-01-15,Xerox 1893,Office Supplies,East,2,81.98,106
2013-01-15,Quality Park Security Envelopes,Office Supplies,East,2,52.34,100
2013-01-15,Bevis Round Bullnose 29' High Table Top,Furniture,East,1,181.8,3
2013-01-15,Logitech Gaming G510s - Keyboard,Technology,East,3,254.97,221
2013-01-15,American Pencil,Office Supplies,East,2,4.66,197
2013-01-15,"Square Ring Data Binders, Rigid 75 Pt. Covers, 11' x 14-7/8'",Office Supplies,East,3,49.54,109
2013-01-15,"#10 Gummed Flap White Envelopes, 100/Box",Office Supplies,East,4,16.52,245
2013-01-15,Xerox 1959,Office Supplies,East,9,60.12,18
2013-01-16,Wilson Jones Active Use Binders,Office Supplies,West,2,11.65,31
2013-01-16,Imation 8GB Mini TravelDrive USB 2.0 Flash Drive,Technology,West,3,90.57,136
2013-01-17,Logitech G19 Programmable Gaming Keyboard,Technology,East,3,371.97,11
2013-01-17,Logitech 910-002974 M325 Wireless Mouse for Web Scrolling,Technology,East,1,29.99,138
2013-01-17,"Tenex Contemporary Contur Chairmats for Low and Medium Pile Carpet, Computer, 39' x 49'",Furniture,East,3,322.59,45
2013-01-17,First Data FD10 PIN Pad,Technology,South,4,316.0,118
2013-01-21,Global Super Steno Chair,Furniture,West,2,153.57,15
2013-01-21,Global Ergonomic Managers Chair,Furniture,West,7,1013.49,128
2013-01-22,"Sauder Forest Hills Library, Woodland Oak Finish",Furniture,South,4,451.14,62
2013-01-22,"Verbatim 25 GB 6x Blu-ray Single Layer Recordable Disc, 25/Pack",Technology,East,3,55.18,108
2013-01-22,Wilson Jones data.warehouse D-Ring Binders with DublLock,Office Supplies,East,4,26.34,118
2013-01-22,Avery 475,Office Supplies,West,3,44.4,244
2013-01-22,Bagged Rubber Bands,Office Supplies,East,6,7.56,20
2013-01-22,Fellowes Mighty 8 Compact Surge Protector,Office Supplies,South,4,64.86,157
2013-01-22,Xerox 218,Office Supplies,West,2,12.96,12
2013-01-22,Eldon Pizzaz Desk Accessories,Furniture,South,8,14.27,161
2013-01-22,Panasonic Kx-TS550,Technology,East,4,110.38,3
2013-01-22,"Contract Clock, 14', Brown",Furniture,West,5,109.9,155
2013-01-22,Avery 476,Office Supplies,West,5,20.65,101
2013-01-23,4009 Highlighters,Office Supplies,East,6,8.04,249
2013-01-23,Logitech Wireless Marathon Mouse M705,Technology,East,2,99.98,222
2013-01-23,Iceberg Mobile Mega Data/Printer Cart ,Office Supplies,East,13,1564.29,58
2013-01-23,"DAX Cubicle Frames, 8-1/2 x 11",Furniture,West,7,59.99,246
2013-01-24,XtraLife ClearVue Slant-D Ring Binders by Cardinal,Office Supplies,South,4,31.36,127
2013-01-25,"Telephone Message Books with Fax/Mobile Section, 4 1/4' x 6'",Office Supplies,East,5,18.0,26
2013-01-25,"Dixon Ticonderoga Maple Cedar Pencil, #2",Office Supplies,East,3,9.21,68
2013-01-25,"GBC Standard Recycled Report Covers, Clear Plastic Sheets",Office Supplies,East,5,43.12,24
2013-01-25,Chromcraft Round Conference Tables,Furniture,East,3,313.72,130
2013-01-25,Tenex B1-RE Series Chair Mats for Low Pile Carpets,Furniture,East,1,45.98,96
2013-01-25,"SAFCO Commercial Wire Shelving, 72h",Office Supplies,East,7,428.68,195
2013-01-28,Newell 345,Office Supplies,West,2,39.68,24
2013-01-30,Heavy-Duty E-Z-D Binders,Office Supplies,West,2,17.46,147
2013-01-30,Global Deluxe High-Back Office Chair in Storm,Furniture,West,4,435.17,161
2013-01-30,Bretford Just In Time Height-Adjustable Multi-Task Work Tables,Furniture,Central,3,626.1,153
2013-01-30,O'Sullivan 2-Shelf Heavy-Duty Bookcases,Furniture,West,1,48.58,125
2013-01-30,Avery Durable Binders,Office Supplies,Central,3,1.73,132
2013-01-30,Nokia Lumia 1020,Technology,Central,4,1439.97,226
2013-01-30,"File Shuttle II and Handi-File, Black",Office Supplies,West,9,305.01,188
2013-01-30,GBC Wire Binding Strips,Office Supplies,West,2,50.78,219
2013-01-30,Avery 512,Office Supplies,West,9,26.01,220
2013-01-30,Xerox 1943,Office Supplies,Central,4,156.51,8
2013-01-31,Staples,Office Supplies,East,2,23.36,115
2013-01-31,"#10 White Business Envelopes,4 1/8 x 9 1/2",Office Supplies,South,8,125.36,229
2013-01-31,Fellowes PB500 Electric Punch Plastic Comb Binding Machine with Manual Bind,Office Supplies,South,1,1270.99,177
2013-01-31,AT&T 1080 Phone,Technology,West,1,109.59,133
2013-01-31,Staples,Office Supplies,West,5,56.7,210
2013-01-31,Xerox 1994,Office Supplies,Central,3,15.55,59
2013-02-01,Xerox 1883,Office Supplies,West,4,105.52,171
2013-02-01,X-Rack File for Hanging Folders,Office Supplies,South,5,56.45,120
2013-02-02,Acrylic Self-Standing Desk Frames,Furniture,South,7,18.69,138
2013-02-02,"Belkin 19' Center-Weighted Shelf, Gray",Office Supplies,East,2,117.96,193
2013-02-02,Presstex Flexible Ring Binders,Office Supplies,South,8,36.4,174
2013-02-02,HP Designjet T520 Inkjet Large Format Printer - 24' Color,Technology,South,5,8749.95,107
2013-02-02,"Deflect-o RollaMat Studded, Beveled Mat for Medium Pile Carpeting",Furniture,Central,2,73.78,107
2013-02-03,Hon Multipurpose Stacking Arm Chairs,Furniture,South,4,866.4,200
2013-02-04,AT&T 17929 Lendline Telephone,Technology,East,2,90.48,212
2013-02-04,Nu-Dell Float Frame 11 x 14 1/2,Furniture,West,2,14.37,215
2013-02-04,Safco Commercial Shelving,Office Supplies,West,2,93.02,225
2013-02-05,Chromcraft Round Conference Tables,Furniture,West,4,557.73,213
2013-02-05,"Fellowes Mobile File Cart, Black",Office Supplies,West,3,186.54,130
2013-02-05,Xerox 1943,Office Supplies,South,7,342.37,75
2013-02-05,"Belkin 19' Vented Equipment Shelf, Black",Office Supplies,South,3,154.44,219
2013-02-05,"White Dual Perf Computer Printout Paper, 2700 Sheets, 1 Part, Heavyweight, 20 lbs., 14 7/8 x 11",Office Supplies,South,3,122.97,29
2013-02-05,Aastra 57i VoIP phone,Technology,South,3,484.83,217
2013-02-05,Plantronics Cordless Phone Headset with In-line Volume - M214C,Technology,South,3,104.85,239
2013-02-05,Ames Color-File Green Diamond Border X-ray Mailers,Office Supplies,South,2,167.96,20
2013-02-05,"Bush Andora Bookcase, Maple/Graphite Gray Finish",Furniture,South,2,239.98,155
2013-02-05,Anker Astro 15000mAh USB Portable Charger,Technology,West,4,159.97,247
2013-02-05,Revere Boxed Rubber Bands by Revere,Office Supplies,South,5,9.45,217
2013-02-05,White Computer Printout Paper by Universal,Office Supplies,South,9,348.84,189
2013-02-05,Carina 42'Hx23 3/4'W Media Storage Unit,Office Supplies,South,1,80.98,160
2013-02-05,Avery 508,Office Supplies,West,3,14.73,212
2013-02-05,"Eldon 200 Class Desk Accessories, Black",Furniture,South,3,18.84,162
2013-02-06,"Deflect-o EconoMat Studded, No Bevel Mat for Low Pile Carpeting",Furniture,South,4,132.22,179
2013-02-07,Micro Innovations USB RF Wireless Keyboard with Mouse,Technology,South,4,100.0,33
2013-02-07,Permanent Self-Adhesive File Folder Labels for Typewriters by Universal,Office Supplies,South,3,7.83,40
2013-02-07,Motorola L703CM,Technology,West,5,623.96,50
2013-02-07,Xerox 1912,Office Supplies,East,2,30.35,174
2013-02-08,Harbour Creations Steel Folding Chair,Furniture,Central,4,241.5,81
2013-02-08,Samsung Galaxy S4 Mini,Technology,South,3,1127.98,57
2013-02-09,Logitech 910-002974 M325 Wireless Mouse for Web Scrolling,Technology,West,3,89.97,74
2013-02-09,Maxell 4.7GB DVD+RW 3/Pack,Technology,West,2,31.86,184
2013-02-11,Mediabridge Sport Armband iPhone 5s,Technology,Central,7,69.93,22
2013-02-12,"Avery Durable Slant Ring Binders, No Labels",Office Supplies,South,4,15.92,175
2013-02-12,Tennsco Double-Tier Lockers,Office Supplies,South,6,1350.12,127
2013-02-13,Tops Green Bar Computer Printout Paper,Office Supplies,West,3,146.82,149
2013-02-14,"Wirebound Message Books, Four 2 3/4 x 5 Forms per Page, 200 Sets per Book",Office Supplies,East,1,4.77,16
2013-02-14,Panasonic KP-150 Electric Pencil Sharpener,Office Supplies,South,7,264.18,68
2013-02-14,Bevis Boat-Shaped Conference Table,Furniture,East,3,550.43,107
2013-02-14,Regeneration Desk Collection,Furniture,East,6,10.56,138
2013-02-14,Economy #2 Pencils,Office Supplies,East,3,7.98,93
2013-02-15,GBC DocuBind P100 Manual Binding Machine,Office Supplies,East,3,398.35,14
2013-02-15,Advantus Push Pins,Office Supplies,East,4,8.72,90
2013-02-16,Hon Every-Day Chair Series Swivel Task Chairs,Furniture,East,3,326.65,162
2013-02-16,Honeywell Enviracaire Portable Air Cleaner for up to 8 x 10 Room,Office Supplies,Central,6,92.06,32
2013-02-16,Logitech 910-002974 M325 Wireless Mouse for Web Scrolling,Technology,East,3,89.97,211
2013-02-16,"Global Stack Chair with Arms, Black",Furniture,Central,3,62.96,124
2013-02-16,Wilson Jones Snap Scratch Pad Binder Tool for Ring Binders,Office Supplies,South,1,5.8,15
2013-02-16,Xerox 206,Office Supplies,Central,1,5.18,161
2013-02-16,Advantus Push Pins,Office Supplies,Central,4,6.98,65
2013-02-16,Hon Comfortask Task/Swivel Chairs,Furniture,East,2,227.96,226
2013-02-16,Eldon Cleatmat Plus Chair Mats for High Pile Carpets,Furniture,South,4,318.08,167
2013-02-19,Xerox 1880,Office Supplies,West,2,70.88,247
2013-02-19,Acme Office Executive Series Stainless Steel Trimmers,Office Supplies,East,3,25.71,155
2013-02-19,Staples,Office Supplies,East,3,8.67,46
2013-02-19,Executive Impressions 14' Contract Wall Clock,Furniture,East,2,44.46,166
2013-02-19,Carina Double Wide Media Storage Towers in Natural & Black,Office Supplies,East,3,242.94,197
2013-02-20,Speediset Carbonless Redi-Letter 7' x 8 1/2',Office Supplies,South,2,16.5,200
2013-02-21,"Floodlight Indoor Halogen Bulbs, 1 Bulb per Pack, 60 Watts",Furniture,East,7,135.8,147
2013-02-21,Avery Durable Slant Ring Binders With Label Holder,Office Supplies,South,3,3.76,123
2013-02-21,Standard Rollaway File with Lock,Office Supplies,South,3,432.46,0
2013-02-21,iOttie HLCRIO102 Car Mount,Technology,East,2,39.98,199
2013-02-21,Avery Heavy-Duty EZD  Binder With Locking Rings,Office Supplies,West,7,31.25,246
2013-02-21,Fellowes Officeware Wire Shelving,Office Supplies,West,5,449.15,86
2013-02-21,"Wilson Jones Clip & Carry Folder Binder Tool for Ring Binders, Clear",Office Supplies,West,4,18.56,127
2013-02-21,Avery Arch Ring Binders,Office Supplies,South,2,34.86,190
2013-02-21,"Recycled Data-Pak for Archival Bound Computer Printouts, 12-1/2 x 12-1/2 x 16",Office Supplies,East,3,296.37,66
2013-02-21,9-3/4 Diameter Round Wall Clock,Furniture,East,5,68.95,3
2013-02-21,SanDisk Ultra 16 GB MicroSDHC Class 10 Memory Card,Technology,West,1,12.99,185
2013-02-22,Belkin 5 Outlet SurgeMaster Power Centers,Office Supplies,Central,9,490.32,152
2013-02-22,AT&T 1070 Corded Phone,Technology,West,5,445.96,46
2013-02-22,"Acco Clips to Go Binder Clips, 24 Clips in Two Sizes",Office Supplies,West,3,10.65,37
2013-02-22,Memorex Mini Travel Drive 64 GB USB 2.0 Flash Drive,Technology,West,1,36.24,142
2013-02-23,"Recycled Interoffice Envelopes with String and Button Closure, 10 x 13",Office Supplies,East,3,57.58,190
2013-02-25,Staples,Office Supplies,East,5,46.72,20
2013-02-27,"Conquest 14 Commercial Heavy-Duty Upright Vacuum, Collection System, Accessory Kit",Office Supplies,East,3,170.88,226
2013-02-27,DAX Two-Tone Silver Metal Document Frame,Furniture,Central,2,16.19,56
2013-02-27,Flexible Leather- Look Classic Collection Ring Binder,Office Supplies,Central,3,56.82,116
2013-02-28,Staples,Office Supplies,East,6,36.48,180
2013-03-01,Newell 34,Office Supplies,East,7,111.1,45
2013-03-02,RCA ViSYS 25423RE1 Corded phone,Technology,West,2,159.98,243
2013-03-02,Ativa V4110MDD Micro-Cut Shredder,Technology,East,7,4899.93,141
2013-03-02,Chromcraft Round Conference Tables,Furniture,East,8,836.59,227
2013-03-02,Staples,Office Supplies,East,1,26.38,203
2013-03-02,Adjustable Depth Letter/Legal Cart,Office Supplies,East,2,362.92,144
2013-03-04,Executive Impressions 10' Spectator Wall Clock,Furniture,West,3,35.28,38
2013-03-04,Office Star - Mid Back Dual function Ergonomic High Back Chair with 2-Way Adjustable Arms,Furniture,Central,5,563.43,136
2013-03-04,"Rediform Wirebound 'Phone Memo' Message Book, 11 x 5-3/4",Office Supplies,Central,7,42.78,98
2013-03-04,Plantronics Encore H101 Dual Earpieces Headset,Technology,Central,3,134.85,76
2013-03-04,"Office Impressions End Table, 20-1/2'H x 24'W x 20'D",Furniture,Central,3,637.9,206
2013-03-04,High Speed Automatic Electric Letter Opener,Office Supplies,Central,3,3930.07,209
2013-03-04,Xerox 194,Office Supplies,East,3,166.44,114
2013-03-04,"Verbatim 25 GB 6x Blu-ray Single Layer Recordable Disc, 1/Pack",Technology,Central,7,41.72,224
2013-03-04,Canon PC170 Desktop Personal Copier,Technology,Central,3,287.91,133
2013-03-04,Elite 5' Scissors,Office Supplies,West,3,25.35,218
2013-03-04,GBC ProClick Punch Binding System,Office Supplies,East,7,447.86,150
2013-03-04,"White Envelopes, White Envelopes with Clear Poly Window",Office Supplies,Central,3,36.6,186
2013-03-04,Polycom VVX 310 VoIP phone,Technology,Central,3,431.98,90
2013-03-04,"Acco Banker's Clasps, 5 3/4'-Long",Office Supplies,Central,1,2.3,97
2013-03-04,Pyle PMP37LED,Technology,East,5,479.95,119
2013-03-05,Logitech G602 Wireless Gaming Mouse,Technology,East,2,159.98,45
2013-03-05,Green Canvas Binder for 8-1/2' x 14' Sheets,Office Supplies,Central,3,128.4,37
2013-03-05,Berol Giant Pencil Sharpener,Office Supplies,West,1,16.99,141
2013-03-05,Avery 518,Office Supplies,South,4,10.08,99
2013-03-06,Cameo Buff Policy Envelopes,Office Supplies,Central,3,149.35,244
2013-03-06,Acco Perma 4000 Stacking Storage Drawers,Office Supplies,Central,1,12.99,71
2013-03-07,"Commercial WindTunnel Clean Air Upright Vacuum, Replacement Belts, Filtration Bags",Office Supplies,Central,3,2.33,189
2013-03-07,Bevis Rectangular Conference Tables,Furniture,Central,2,145.98,34
2013-03-07,Grandstream GXP1160 VoIP phone,Technology,East,3,68.24,146
2013-03-07,Eldon Cleatmat Plus Chair Mats for High Pile Carpets,Furniture,Central,5,159.04,29
2013-03-07,Avery Self-Adhesive Photo Pockets for Polaroid Photos,Office Supplies,East,1,2.04,77
2013-03-07,Peel & Stick Add-On Corner Pockets,Office Supplies,Central,4,1.73,83
2013-03-07,Wilson SignalBoost 841262 DB PRO Amplifier Kit,Technology,East,2,431.94,112
2013-03-08,Belkin Grip Candy Sheer Case / Cover for iPhone 5 and 5S,Technology,Central,3,21.07,24
2013-03-09,Coloredge Poster Frame,Furniture,East,8,113.6,167
2013-03-09,Cisco Unified IP Phone 7945G VoIP phone,Technology,South,5,1363.96,87
2013-03-09,"Deflect-o DuraMat Lighweight, Studded, Beveled Mat for Low Pile Carpeting",Furniture,South,3,102.36,13
2013-03-09,Xerox 1993,Office Supplies,East,2,12.96,153
2013-03-09,Honeywell Enviracaire Portable Air Cleaner for up to 8 x 10 Room,Office Supplies,Central,3,207.14,101
2013-03-09,Rubber Band Ball,Office Supplies,East,2,5.98,214
2013-03-09,Pressboard Hanging Data Binders for Unburst Sheets,Office Supplies,Central,9,8.86,149
2013-03-09,"Verbatim 25 GB 6x Blu-ray Single Layer Recordable Disc, 3/Pack",Technology,Central,5,27.96,175
2013-03-09,Satellite Sectional Post Binders,Office Supplies,East,2,69.46,248
2013-03-09,Prang Drawing Pencil Set,Office Supplies,Central,5,13.9,82
2013-03-09,"Tyvek Interoffice Envelopes, 9 1/2' x 12 1/2', 100/Box",Office Supplies,Central,3,146.35,109
2013-03-09,"GBC Standard Recycled Report Covers, Clear Plastic Sheets",Office Supplies,West,3,9.7,178
2013-03-09,AT&T 17929 Lendline Telephone,Technology,East,4,108.58,130
2013-03-10,Microsoft Sculpt Comfort Mouse,Technology,East,5,199.75,169
2013-03-10,"Personal Folder Holder, Ebony",Office Supplies,East,1,11.21,18
2013-03-10,"Situations Contoured Folding Chairs, 4/Set",Furniture,East,5,354.9,200
2013-03-10,GBC Binding covers,Office Supplies,East,4,51.8,27
2013-03-10,Xerox 193,Office Supplies,East,3,17.94,211
2013-03-11,Rediform Voice Mail Log Books,Office Supplies,West,5,14.9,172
2013-03-11,O'Sullivan Living Dimensions 5-Shelf Bookcases,Furniture,East,1,176.78,70
2013-03-11,Kingston Digital DataTraveler 16GB USB 2.0,Technology,West,3,26.85,205
2013-03-11,Okidata MB760 Printer,Technology,West,3,3357.6,62
2013-03-11,Plantronics Audio 478 Stereo USB Headset,Technology,East,1,39.99,72
2013-03-11,Apple iPhone 5,Technology,West,8,4158.91,123
2013-03-11,"Mini 13-1/2 Capacity Data Binder Rack, Pearl",Office Supplies,West,1,104.7,118
2013-03-12,Executive Impressions 13' Clairmont Wall Clock,Furniture,South,4,76.92,120
2013-03-12,"DAX Charcoal/Nickel-Tone Document Frame, 5 x 7",Furniture,East,4,30.34,18
2013-03-12,"Verbatim 25 GB 6x Blu-ray Single Layer Recordable Disc, 25/Pack",Technology,Central,2,45.98,174
2013-03-12,Wilson Jones Leather-Like Binders with DublLock Round Rings,Office Supplies,Central,2,17.46,243
2013-03-12,Iceberg Mobile Mega Data/Printer Cart ,Office Supplies,South,4,481.32,141
2013-03-12,Chromcraft Round Conference Tables,Furniture,East,2,244.01,119
2013-03-13,"Tennsco Stur-D-Stor Boltless Shelving, 5 Shelves, 24' Deep, Sand",Office Supplies,West,5,676.55,165
2013-03-13,Hammermill Color Copier Paper (28Lb. and 96 Bright),Office Supplies,West,2,19.98,180
2013-03-13,Xerox 218,Office Supplies,South,2,12.96,60
2013-03-13,Staples,Office Supplies,East,3,29.34,163
2013-03-13,Security-Tint Envelopes,Office Supplies,West,4,30.56,167
2013-03-13,Euro-Pro Shark Turbo Vacuum,Office Supplies,West,5,154.9,208
2013-03-13,Hon 4070 Series Pagoda Round Back Stacking Chairs,Furniture,West,3,770.35,29
2013-03-14,Belkin 7 Outlet SurgeMaster Surge Protector with Phone Protection,Office Supplies,West,5,157.92,8
2013-03-14,Howard Miller 14-1/2' Diameter Chrome Round Wall Clock,Furniture,South,2,127.88,63
2013-03-14,"Westinghouse Mesh Shade Clip-On Gooseneck Lamp, Black",Furniture,West,2,28.28,160
2013-03-14,Ibico Covers for Plastic or Wire Binding Elements,Office Supplies,South,4,46.0,119
2013-03-14,Jabra BIZ 2300 Duo QD Duo Corded Headset,Technology,West,2,203.18,51
2013-03-14,Insertable Tab Indexes For Data Binders,Office Supplies,Central,2,1.27,88
2013-03-14,High Speed Automatic Electric Letter Opener,Office Supplies,West,3,4912.59,141
2013-03-14,"TOPS Carbonless Receipt Book, Four 2-3/4 x 7-1/4 Money Receipts per Page",Office Supplies,Central,5,70.08,202
2013-03-14,Hon Non-Folding Utility Tables,Furniture,Central,5,557.58,52
2013-03-14,"Eureka The Boss Lite 10-Amp Upright Vacuum, Blue",Office Supplies,South,2,160.32,226
2013-03-14,Kensington Expert Mouse Optical USB Trackball for PC or Mac,Technology,East,5,379.96,232
2013-03-14,Space Solutions Industrial Galvanized Steel Shelving.,Office Supplies,East,2,126.08,186
2013-03-14,GBC VeloBind Cover Sets,Office Supplies,East,5,23.16,77
2013-03-14,Polycom CX600 IP Phone VoIP phone,Technology,East,3,539.91,221
2013-03-14,Speediset Carbonless Redi-Letter 7' x 8 1/2',Office Supplies,East,5,41.24,40
2013-03-14,"SAFCO Commercial Wire Shelving, Black",Office Supplies,East,5,552.56,195
2013-03-14,Ibico EB-19 Dual Function Manual Binding System,Office Supplies,East,1,51.9,67
2013-03-14,Okidata MB491 Multifunction Printer,Technology,East,3,449.1,219
2013-03-14,SAFCO Arco Folding Chair,Furniture,East,2,386.68,7
2013-03-14,Cardinal EasyOpen D-Ring Binders,Office Supplies,West,7,51.18,1
2013-03-15,Xerox 1993,Office Supplies,Central,1,5.18,104
2013-03-15,Wilson Jones Leather-Like Binders with DublLock Round Rings,Office Supplies,West,6,41.9,124
2013-03-15,"BOSTON Ranger #55 Pencil Sharpener, Black",Office Supplies,Central,7,145.54,109
2013-03-15,Advantus Panel Wall Acrylic Frame,Furniture,East,5,21.88,85
2013-03-15,Westinghouse Clip-On Gooseneck Lamps,Furniture,Central,2,16.74,168
2013-03-15,"Global High-Back Leather Tilter, Burgundy",Furniture,West,2,196.78,119
2013-03-15,"Safco Value Mate Series Steel Bookcases, Baked Enamel Finish on Steel, Gray",Furniture,Central,5,241.33,126
2013-03-16,Novimex Swivel Fabric Task Chair,Furniture,Central,5,528.43,182
2013-03-16,Global Comet Stacking Arm Chair,Furniture,West,4,1352.03,15
2013-03-16,V7 USB Numeric Keypad,Technology,East,3,83.98,220
2013-03-16,Avery Round Ring Poly Binders,Office Supplies,West,2,4.54,61
2013-03-16,"GBC Pre-Punched Binding Paper, Plastic, White, 8-1/2' x 11'",Office Supplies,Central,7,22.39,112
2013-03-16,Xerox 1964,Office Supplies,South,14,319.76,175
2013-03-16,Xerox 1964,Office Supplies,South,2,45.68,157
2013-03-18,"Blue String-Tie & Button Interoffice Envelopes, 10 x 13",Office Supplies,East,5,199.9,11
2013-03-18,Plantronics Voyager Pro HD - Bluetooth Headset,Technology,East,2,129.98,34
2013-03-18,"Acco Flexible ACCOHIDE Square Ring Data Binder, Dark Blue, 11 1/2' X 14' 7/8'",Office Supplies,East,2,32.54,10
2013-03-18,Newell 345,Office Supplies,East,2,39.68,63
2013-03-18,i.Sound Portable Power - 8000 mAh,Technology,West,2,84.78,237
2013-03-18,Electrix Halogen Magnifier Lamp,Furniture,East,5,971.5,49
2013-03-18,Honeywell Enviracaire Portable HEPA Air Cleaner for 17' x 22' Room,Office Supplies,East,3,901.95,212
2013-03-19,Balt Solid Wood Rectangular Table,Furniture,South,3,189.88,148
2013-03-19,Hoover WindTunnel Plus Canister Vacuum,Office Supplies,South,3,871.8,68
2013-03-20,"Atlantic Metals Mobile 2-Shelf Bookcases, Custom Colors",Furniture,West,1,72.29,47
2013-03-20,"Master Caster Door Stop, Brown",Furniture,East,4,20.32,19
2013-03-20,Ibico Recycled Grain-Textured Covers,Office Supplies,South,3,31.09,100
2013-03-20,"GE 4 Foot Flourescent Tube, 40 Watt",Furniture,East,1,14.98,194
2013-03-21,"Eldon Image Series Desk Accessories, Ebony",Furniture,South,7,86.45,171
2013-03-21,Chromcraft Round Conference Tables,Furniture,Central,4,697.16,160
2013-03-21,Xerox 1894,Office Supplies,West,2,10.37,244
2013-03-21,Clear Mylar Reinforcing Strips,Office Supplies,West,3,16.82,200
2013-03-21,Xerox 225,Office Supplies,West,4,20.74,188
2013-03-21,i.Sound Portable Power - 8000 mAh,Technology,West,2,84.78,136
2013-03-21,Belkin iPhone and iPad Lightning Cable,Technology,Central,1,11.99,67
2013-03-22,Newell 33,Office Supplies,Central,3,13.39,34
2013-03-22,Prang Dustless Chalk Sticks,Office Supplies,Central,1,1.34,208
2013-03-22,"Global Airflow Leather Mesh Back Chair, Black",Furniture,Central,5,528.43,225
2013-03-22,Safco Drafting Table,Furniture,Central,2,99.37,215
2013-03-22,Avery Durable Slant Ring Binders,Office Supplies,Central,2,3.17,223
2013-03-23,"Global Stack Chair with Arms, Black",Furniture,West,7,167.89,64
2013-03-23,Logitech ClearChat Comfort/USB Headset H390,Technology,West,2,58.58,7
2013-03-25,BlackBerry Q10,Technology,West,4,403.17,44
2013-03-25,O'Sullivan Living Dimensions 3-Shelf Bookcases,Furniture,East,3,301.47,86
2013-03-25,"Hunt BOSTON Vista Battery-Operated Pencil Sharpener, Black",Office Supplies,East,2,18.66,174
2013-03-25,"Ink Jet Note and Greeting Cards, 8-1/2' x 5-1/2' Card Size",Office Supplies,Central,1,22.48,167
2013-03-26,Newell 319,Office Supplies,East,3,59.52,75
2013-03-26,Logitech P710e Mobile Speakerphone,Technology,Central,5,1287.45,181
2013-03-27,"Gould Plastics 18-Pocket Panel Bin, 34w x 5-1/4d x 20-1/2h",Office Supplies,East,5,459.95,75
2013-03-27,"Adams Telephone Message Book W/Dividers/Space For Phone Numbers, 5 1/4'X8 1/2', 300/Messages",Office Supplies,West,3,17.64,173
2013-03-27,"Wilson Jones Hanging View Binder, White, 1'",Office Supplies,West,3,17.04,46
2013-03-27,"Tenex Personal Self-Stacking Standard File Box, Black/Gray",Office Supplies,South,5,67.64,14
2013-03-27,Case Logic 2.4GHz Wireless Keyboard,Technology,South,3,119.98,104
2013-03-28,DAX Two-Tone Silver Metal Document Frame,Furniture,South,1,20.24,146
2013-03-28,"Eldon Expressions Wood and Plastic Desk Accessories, Oak",Furniture,South,4,39.92,25
2013-03-28,"Acco Flexible ACCOHIDE Square Ring Data Binder, Dark Blue, 11 1/2' X 14' 7/8'",Office Supplies,South,2,32.54,51
2013-03-29,Rogers Deluxe File Chest,Office Supplies,West,4,87.92,92
2013-03-29,Xerox 1983,Office Supplies,West,1,5.98,149
2013-03-29,Hanging Personal Folder File,Office Supplies,South,2,31.4,231
2013-03-30,"Bush Andora Bookcase, Maple/Graphite Gray Finish",Furniture,East,5,299.98,20
2013-03-30,Jabra BIZ 2300 Duo QD Duo Corded Headset,Technology,Central,8,812.74,50
2013-03-30,Clearsounds A400,Technology,East,4,158.38,37
2013-03-30,"Global Leather Highback Executive Chair with Pneumatic Height Adjustment, Black",Furniture,Central,6,844.12,19
2013-03-30,"Memo Book, 100 Message Capacity, 5 3/8 x 11",Office Supplies,East,2,13.48,248
2013-03-30,Computer Printout Paper with Letter-Trim Perforations,Office Supplies,Central,3,45.53,156
2013-03-30,"Acco Four Pocket Poly Ring Binder with Label Holder, Smoke, 1'",Office Supplies,East,5,29.8,178
2013-03-30,Howard Miller 13-3/4' Diameter Brushed Chrome Round Wall Clock,Furniture,East,8,414.0,131
2013-03-30,GBC Plastic Binding Combs,Office Supplies,East,7,41.33,54
2013-03-31,Xerox 188,Office Supplies,East,1,11.34,198
2013-04-01,Anker Ultra-Slim Mini Bluetooth 3.0 Wireless Keyboard,Technology,East,2,31.98,91
2013-04-01,"Global Value Steno Chair, Gray",Furniture,East,6,328.0,27
2013-04-01,LG Exalt,Technology,East,3,280.78,3
2013-04-02,Boston 16801 Nautilus Battery Pencil Sharpener,Office Supplies,East,4,88.04,149
2013-04-02,Regeneration Desk Collection,Furniture,South,4,7.04,75
2013-04-02,Avery Hanging File Binders,Office Supplies,East,3,14.35,172
2013-04-02,Acme Value Line Scissors,Office Supplies,East,3,10.95,66
2013-04-02,"Hon Deluxe Fabric Upholstered Stacking Chairs, Rounded Back",Furniture,East,6,1317.49,85
2013-04-02,Staples,Office Supplies,East,8,63.84,235
2013-04-02,Avery 473,Office Supplies,East,2,20.7,193
2013-04-02,Belkin F9H710-06 7 Outlet SurgeMaster Surge Protector,Office Supplies,West,2,30.14,215
2013-04-02,Avery Non-Stick Binders,Office Supplies,East,1,3.59,161
2013-04-02,Staples,Office Supplies,West,5,31.56,90
2013-04-02,Newell 345,Office Supplies,East,3,59.52,182
2013-04-02,Boston 1645 Deluxe Heavier-Duty Electric Pencil Sharpener,Office Supplies,East,6,263.88,104
2013-04-02,Cyber Acoustics AC-202b Speech Recognition Stereo Headset,Technology,Central,1,12.99,0
2013-04-02,50 Colored Long Pencils,Office Supplies,East,3,30.48,71
2013-04-02,Belkin Grip Candy Sheer Case / Cover for iPhone 5 and 5S,Technology,East,4,35.12,86
2013-04-02,Newell 342,Office Supplies,East,3,9.84,165
2013-04-02,Fellowes Bankers Box Recycled Super Stor/Drawer,Office Supplies,East,3,161.94,5
2013-04-03,Global Executive Mid-Back Manager's Chair,Furniture,Central,5,1454.9,213
2013-04-04,Xerox 1962,Office Supplies,Central,3,10.27,152
2013-04-04,Plantronics Voyager Pro HD - Bluetooth Headset,Technology,Central,4,259.96,209
2013-04-04,"GBC Velobind Prepunched Cover Sets, Regency Series",Office Supplies,East,9,99.85,144
2013-04-04,Seth Thomas 13 1/2' Wall Clock,Furniture,Central,4,71.12,60
2013-04-05,"Deflect-o EconoMat Studded, No Bevel Mat for Low Pile Carpeting",Furniture,East,2,82.64,11
2013-04-05,Anker Astro 15000mAh USB Portable Charger,Technology,South,3,149.97,5
2013-04-05,"Tenex File Box, Personal Filing Tote with Lid, Black",Office Supplies,East,2,31.02,217
2013-04-05,Logitech Trackman Marble Mouse,Technology,East,3,89.97,26
2013-04-05,"Wirebound Message Books, Four 2 3/4' x 5' Forms per Page, 600 Sets per Book",Office Supplies,South,3,27.81,135
2013-04-05,Ibico Ibimaster 300 Manual Binding System,Office Supplies,East,2,588.78,210
2013-04-06,Clearsounds A400,Technology,East,3,118.78,123
2013-04-06,Eldon Portable Mobile Manager,Office Supplies,Central,7,158.37,105
2013-04-06,Premier Automatic Letter Opener,Office Supplies,East,4,769.18,192
2013-04-07,Nortel Meridian M5316 Digital phone,Technology,East,5,1294.75,184
2013-04-08,Newell 322,Office Supplies,East,2,3.64,92
2013-04-08,"Hon Deluxe Fabric Upholstered Stacking Chairs, Rounded Back",Furniture,East,3,658.75,108
2013-04-08,Eldon Jumbo ProFile Portable File Boxes Graphite/Black,Office Supplies,East,3,36.74,240
2013-04-08,Hewlett Packard 610 Color Digital Copier / Printer,Technology,West,3,1199.98,98
2013-04-08,Belkin 7-Outlet SurgeMaster Home Series,Office Supplies,East,3,33.53,167
2013-04-08,Xerox 1939,Office Supplies,East,2,37.94,141
2013-04-09,Sauder Barrister Bookcases,Furniture,East,6,388.7,34
2013-04-09,"#10 Gummed Flap White Envelopes, 100/Box",Office Supplies,East,2,8.26,175
2013-04-09,Xerox 1931,Office Supplies,West,2,12.96,236
2013-04-09,Xerox 1923,Office Supplies,West,3,20.04,83
2013-04-09,Fellowes Neat Ideas Storage Cubes,Office Supplies,West,2,64.96,55
2013-04-09,Xerox 1993,Office Supplies,South,4,25.92,176
2013-04-09,"C-Line Magnetic Cubicle Keepers, Clear Polypropylene",Furniture,West,5,24.7,140
2013-04-09,Eldon Radial Chair Mat for Low to Medium Pile Carpets,Furniture,South,4,159.92,188
2013-04-09,Catalog Binders with Expanding Posts,Office Supplies,East,6,121.1,229
2013-04-09,"Hon Metal Bookcases, Black",Furniture,South,5,354.9,48
2013-04-09,Ampad #10 Peel & Seel Holiday Envelopes,Office Supplies,South,4,17.92,45
2013-04-09,#10 Self-Seal White Envelopes,Office Supplies,East,1,8.87,112
2013-04-09,Advantus Plastic Paper Clips,Office Supplies,South,6,30.0,189
2013-04-09,"Adams Phone Message Book, 200 Message Capacity, 8 1/16 x 11",Office Supplies,East,5,34.4,135
2013-04-09,"Dixon Prang Watercolor Pencils, 10-Color Set with Brush",Office Supplies,East,4,17.04,42
2013-04-09,GBC DocuBind P400 Electric Binding System,Office Supplies,Central,4,1088.79,147
2013-04-09,Global Chrome Stack Chair,Furniture,Central,4,95.98,123
2013-04-09,Kensington Orbit Wireless Mobile Trackball for PC and Mac,Technology,Central,9,431.93,96
2013-04-10,Storex Flexible Poly Binders with Double Pockets,Office Supplies,Central,2,5.28,89
2013-04-10,Bush Somerset Collection Bookcase,Furniture,West,5,556.66,38
2013-04-10,Nortel Meridian M5316 Digital phone,Technology,Central,2,517.9,84
2013-04-10,"Acco Pressboard Covers with Storage Hooks, 14 7/8' x 11', Light Blue",Office Supplies,West,9,35.35,244
2013-04-11,"GBC Prepunched Paper, 19-Hole, for Binding Systems, 24-lb",Office Supplies,West,4,48.03,176
2013-04-11,Wilson Jones Hanging Recycled Pressboard Data Binders,Office Supplies,East,2,8.9,191
2013-04-11,Fellowes Staxonsteel Drawer Files,Office Supplies,West,3,579.51,61
2013-04-11,3M Replacement Filter for Office Air Cleaner for 20' x 33' Room,Office Supplies,West,3,113.76,105
2013-04-11,"BIC Brite Liner Grip Highlighters, Assorted, 5/Pack",Office Supplies,Central,4,13.57,106
2013-04-11,Xerox 227,Office Supplies,West,2,12.96,53
2013-04-11,"Wilson Jones Clip & Carry Folder Binder Tool for Ring Binders, Clear",Office Supplies,West,5,23.2,125
2013-04-11,Rogers Profile Extra Capacity Storage Tub,Office Supplies,West,9,150.66,232
2013-04-13,Fellowes Bankers Box Recycled Super Stor/Drawer,Office Supplies,South,3,129.55,8
2013-04-13,Globe Weis Peel & Seel First Class Envelopes,Office Supplies,South,5,63.9,87
2013-04-13,KI Adjustable-Height Table,Furniture,South,4,343.92,36
2013-04-13,"Global Geo Office Task Chair, Gray",Furniture,West,3,194.35,48
2013-04-13,Xerox 1945,Office Supplies,South,1,40.99,40
2013-04-13,JM Magazine Binder,Office Supplies,West,1,13.21,16
2013-04-13,Xerox 206,Office Supplies,West,3,19.44,87
2013-04-13,Aluminum Screw Posts,Office Supplies,West,3,36.62,20
2013-04-13,"TOPS 'Important Message' Pads, Canary, 4-1/4 x 5-1/2, 50 Sheets per Pad",Office Supplies,South,3,10.27,50
2013-04-13,Hon Comfortask Task/Swivel Chairs,Furniture,West,7,638.29,58
2013-04-13,Fellowes Bankers Box Staxonsteel Drawer File/Stacking System,Office Supplies,South,1,51.98,166
2013-04-14,Poly String Tie Envelopes,Office Supplies,West,3,6.12,182
2013-04-15,Acco Perma 4000 Stacking Storage Drawers,Office Supplies,South,5,81.2,40
2013-04-15,Hon 4070 Series Pagoda Armless Upholstered Stacking Chairs,Furniture,West,4,933.54,38
2013-04-15,"Fellowes Personal Hanging Folder Files, Navy",Office Supplies,West,4,42.98,140
2013-04-15,GBC ProClick Spines for 32-Hole Punch,Office Supplies,East,2,25.06,191
2013-04-15,Bevis Steel Folding Chairs,Furniture,West,5,383.8,10
2013-04-16,Ideal Clamps,Office Supplies,Central,5,8.04,237
2013-04-16,Xerox 1911,Office Supplies,West,3,143.7,146
2013-04-16,HON 5400 Series Task Chairs for Big and Tall,Furniture,West,2,1121.57,138
2013-04-16,Woodgrain Magazine Files by Perma,Office Supplies,South,2,4.77,76
2013-04-16,Imation Secure+ Hardware Encrypted USB 2.0 Flash Drive; 16GB,Technology,South,5,291.96,126
2013-04-16,Imation Secure+ Hardware Encrypted USB 2.0 Flash Drive; 16GB,Technology,South,7,408.74,45
2013-04-16,"Dixon Ticonderoga Erasable Colored Pencil Set, 12-Color",Office Supplies,Central,7,33.49,44
2013-04-16,GBC ProClick 150 Presentation Binding System,Office Supplies,South,2,189.59,0
2013-04-17,Newell 341,Office Supplies,South,3,12.84,167
2013-04-17,"3D Systems Cube Printer, 2nd Generation, Magenta",Technology,East,7,9099.93,107
2013-04-17,Stacking Trays by OIC,Furniture,East,2,9.96,18
2013-04-17,Wilson Jones Standard D-Ring Binders,Office Supplies,East,5,25.3,75
2013-04-17,Standard Line While You Were Out Hardbound Telephone Message Book,Office Supplies,South,7,123.09,71
2013-04-17,Stiletto Hand Letter Openers,Office Supplies,West,3,28.8,199
2013-04-17,Memorex Froggy Flash Drive 4 GB,Technology,South,4,35.17,188
2013-04-18,"Advantus Push Pins, Aluminum Head",Office Supplies,Central,5,29.05,244
2013-04-18,"Bush Westfield Collection Bookcases, Fully Assembled",Furniture,West,3,257.5,108
2013-04-18,Motorola L804,Technology,South,1,36.79,11
2013-04-18,"GE General Purpose, Extra Long Life, Showcase & Floodlight Incandescent Bulbs",Furniture,South,8,18.62,188
2013-04-18,"Ultra Door Kickplate, 8'H x 34'W",Furniture,South,5,79.12,239
2013-04-19,"Acme Design Line 8' Stainless Steel Bent Scissors w/Champagne Handles, 3-1/8' Cut",Office Supplies,East,1,6.84,160
2013-04-19,American Pencil,Office Supplies,East,3,6.99,44
2013-04-19,Eureka The Boss Cordless Rechargeable Stick Vac,Office Supplies,South,4,203.92,89
2013-04-19,"Global High-Back Leather Tilter, Burgundy",Furniture,Central,4,344.37,102
2013-04-19,Tennsco 16-Compartment Lockers with Coat Rack,Office Supplies,Central,3,1554.94,219
2013-04-19,"SKILCRAFT Telephone Shoulder Rest, 2' x 6.5' x 2.5', Black",Technology,South,4,29.56,249
2013-04-19,Howard Miller 16' Diameter Gallery Wall Clock,Furniture,Central,5,127.88,196
2013-04-19,"Adams Telephone Message Books, 5 1/4 x 11",Office Supplies,Central,2,9.66,7
2013-04-19,Safco Industrial Wire Shelving,Office Supplies,Central,3,230.38,152
2013-04-20,Xerox 189,Office Supplies,East,5,419.4,90
2013-04-20,Newell 307,Office Supplies,West,3,5.46,173
2013-04-20,PowerGen Dual USB Car Charger,Technology,West,5,39.96,86
2013-04-20,Avery Binder Labels,Office Supplies,West,3,9.34,157
2013-04-20,BIC Brite Liner Grip Highlighters,Office Supplies,East,2,3.28,236
2013-04-20,"Bush Andora Conference Table, Maple/Graphite Gray Finish",Furniture,East,2,205.18,174
2013-04-20,Gear Head AU3700S Headset,Technology,East,2,25.98,214
2013-04-20,Fiskars Softgrip Scissors,Office Supplies,East,5,54.9,176
2013-04-20,"Adams Telephone Message Book W/Dividers/Space For Phone Numbers, 5 1/4'X8 1/2', 200/Messages",Office Supplies,West,4,22.72,174
2013-04-20,"Wilson Jones Clip & Carry Folder Binder Tool for Ring Binders, Clear",Office Supplies,East,2,9.28,83
2013-04-20,Panasonic KP-380BK Classic Electric Pencil Sharpener,Office Supplies,East,2,71.96,81
2013-04-20,Panasonic KP-4ABK Battery-Operated Pencil Sharpener,Office Supplies,West,5,73.2,145
2013-04-20,"Angle-D Binders with Locking Rings, Label Holders",Office Supplies,West,1,5.84,193
2013-04-20,Space Solutions HD Industrial Steel Shelving.,Office Supplies,East,4,459.88,67
2013-04-20,Acme Kleen Earth Office Shears,Office Supplies,East,2,7.76,221
2013-04-22,Colorific Watercolor Pencils,Office Supplies,East,3,15.48,160
2013-04-22,Xerox 209,Office Supplies,East,8,51.84,126
2013-04-22,Fellowes Bankers Box Stor/Drawer Steel Plus,Office Supplies,Central,4,102.34,163
2013-04-22,Kensington 4 Outlet MasterPiece Compact Power Control Center,Office Supplies,Central,3,48.79,81
2013-04-22,Round Ring Binders,Office Supplies,West,5,8.32,228
2013-04-22,"Performers Binder/Pad Holder, Black",Office Supplies,Central,8,44.85,146
2013-04-23,Poly Designer Cover & Back,Office Supplies,West,5,28.48,238
2013-04-23,Pizazz Global Quick File,Office Supplies,Central,2,23.95,155
2013-04-23,Eldon Advantage Chair Mats for Low to Medium Pile Carpets,Furniture,Central,2,86.62,167
2013-04-23,"Fellowes Premier Superior Surge Suppressor, 10-Outlet, With Phone and Remote",Office Supplies,West,2,78.27,83
2013-04-23,Premier Electric Letter Opener,Office Supplies,West,2,185.38,112
2013-04-23,Ultra Door Pull Handle,Furniture,West,3,31.56,224
2013-04-23,Bush Advantage Collection Racetrack Conference Table,Furniture,West,6,1272.63,75
2013-04-23,Newell 32,Office Supplies,East,1,2.88,121
2013-04-23,Eldon Wave Desk Accessories,Furniture,West,5,23.56,242
2013-04-23,Barrel Sharpener,Office Supplies,East,9,32.13,142
2013-04-24,Southworth 25% Cotton Linen-Finish Paper & Envelopes,Office Supplies,South,5,36.24,40
2013-04-24,Eldon Fold 'N Roll Cart System,Office Supplies,East,5,55.92,166
2013-04-24,Xerox 1942,Office Supplies,East,2,78.3,1
2013-04-24,Recycled Pressboard Report Cover with Reinforced Top Hinge,Office Supplies,West,7,18.09,190
2013-04-24,Embossed Ink Jet Note Cards,Office Supplies,East,6,108.34,28
2013-04-24,"Recycled Interoffice Envelopes with String and Button Closure, 10 x 13",Office Supplies,West,3,71.97,104
2013-04-24,Logitech Wireless Headset h800,Technology,West,1,99.99,201
2013-04-24,Ibico Laser Imprintable Binding System Covers,Office Supplies,West,6,251.52,193
2013-04-25,Cardinal Holdit Business Card Pockets,Office Supplies,West,1,3.98,50
2013-04-25,Plantronics S12 Corded Telephone Headset System,Technology,Central,3,258.7,74
2013-04-25,Xerox 226,Office Supplies,West,3,15.55,204
2013-04-25,SAFCO Arco Folding Chair,Furniture,West,6,1325.76,9
2013-04-25,Wilson Jones Impact Binders,Office Supplies,West,2,3.11,141
2013-04-26,Wilson Jones Custom Binder Spines & Labels,Office Supplies,East,3,4.9,209
2013-04-26,AT&T 841000 Phone,Technology,East,2,82.8,50
2013-04-26,Ibico Recycled Grain-Textured Covers,Office Supplies,East,2,20.72,117
2013-04-27,Office Star - Mid Back Dual function Ergonomic High Back Chair with 2-Way Adjustable Arms,Furniture,East,3,434.65,200
2013-04-29,Nortel Meridian M3904 Professional Digital phone,Technology,Central,3,369.58,120
2013-04-29,"Global Stack Chair without Arms, Black",Furniture,West,2,41.57,38
2013-04-29,Avery 493,Office Supplies,Central,4,15.71,27
2013-04-29,Xerox 1881,Office Supplies,West,3,29.47,2
2013-04-29,"Eldon Delta Triangular Chair Mat, 52' x 58', Clear",Furniture,Central,2,30.34,83
2013-05-01,Flat Face Poster Frame,Furniture,Central,3,22.61,197
2013-05-01,12-1/2 Diameter Round Wall Clock,Furniture,West,7,111.89,154
2013-05-01,Tuff Stuff Recycled Round Ring Binders,Office Supplies,East,2,7.71,116
2013-05-02,Avery 499,Office Supplies,South,1,3.98,1
2013-05-02,DIXON Ticonderoga Erasable Checking Pencils,Office Supplies,South,2,11.16,92
2013-05-02,Newell 3-Hole Punched Plastic Slotted Magazine Holders for Binders,Office Supplies,South,2,2.74,165
2013-05-02,Bevis 44 x 96 Conference Tables,Furniture,South,3,370.62,130
2013-05-02,Xerox 1994,Office Supplies,South,3,19.44,143
2013-05-02,Xerox 1914,Office Supplies,South,2,109.92,93
2013-05-03,Panasonic KP-380BK Classic Electric Pencil Sharpener,Office Supplies,Central,3,86.35,39
2013-05-03,Howard Miller 13' Diameter Pewter Finish Round Wall Clock,Furniture,East,5,214.7,1
2013-05-03,Akro Stacking Bins,Office Supplies,Central,3,18.94,80
2013-05-03,"Office Star - Contemporary Task Swivel chair with Loop Arms, Charcoal",Furniture,Central,4,366.74,168
2013-05-03,Southworth Parchment Paper & Envelopes,Office Supplies,East,2,13.08,11
2013-05-03,Vinyl Sectional Post Binders,Office Supplies,East,3,90.48,162
2013-05-03,Eldon 200 Class Desk Accessories,Furniture,East,2,12.56,234
2013-05-03,Poly Designer Cover & Back,Office Supplies,East,3,45.58,64
2013-05-03,Super Decoflex Portable Personal File,Office Supplies,East,3,44.94,54
2013-05-03,"Global Stack Chair without Arms, Black",Furniture,South,9,187.06,44
2013-05-03,Avery 502,Office Supplies,Central,2,5.04,206
2013-05-03,Sterilite Show Offs Storage Containers,Office Supplies,Central,3,12.67,217
2013-05-04,Acco Smartsocket Color-Coded Six-Outlet AC Adapter Model Surge Protectors,Office Supplies,Central,3,26.41,100
2013-05-04,Imation 16GB Mini TravelDrive USB 2.0 Flash Drive,Technology,East,5,132.52,212
2013-05-04,Newell 316,Office Supplies,Central,7,27.38,61
2013-05-04,Heavy-Duty E-Z-D Binders,Office Supplies,Central,1,2.18,48
2013-05-04,Avery 496,Office Supplies,East,2,6.0,126
2013-05-04,Tennsco Industrial Shelving,Office Supplies,East,5,195.64,222
2013-05-04,Cisco 8961 IP Phone Charcoal,Technology,East,3,224.94,152
2013-05-04,Logitech VX Revolution Cordless Laser Mouse for Notebooks (Black),Technology,East,3,431.98,22
2013-05-04,"Computer Room Manger, 14'",Furniture,East,2,51.97,151
2013-05-06,Computer Printout Index Tabs,Office Supplies,West,5,6.72,248
2013-05-06,Bevis 36 x 72 Conference Tables,Furniture,West,3,298.78,37
2013-05-06,Avaya 4621SW VoIP phone,Technology,South,3,177.48,27
2013-05-06,"Snap-A-Way Black Print Carbonless Speed Message, No Reply Area, Duplicate",Office Supplies,South,4,93.25,20
2013-05-06,"Eldon Image Series Desk Accessories, Burgundy",Furniture,South,5,16.72,181
2013-05-06,Cisco Small Business SPA 502G VoIP phone,Technology,West,3,246.17,106
2013-05-06,"Perma STOR-ALL Hanging File Box, 13 1/8'W x 12 1/4'D x 10 1/2'H",Office Supplies,West,1,5.98,145
2013-05-06,Global Adaptabilities Conference Tables,Furniture,West,6,1685.88,163
2013-05-06,Xerox 1909,Office Supplies,South,3,79.14,98
2013-05-06,Hon 61000 Series Interactive Training Tables,Furniture,West,2,71.09,172
2013-05-06,Xerox 1965,Office Supplies,South,3,14.35,118
2013-05-06,Avery Poly Binder Pockets,Office Supplies,West,2,5.73,72
2013-05-07,Belkin 5 Outlet SurgeMaster Power Centers,Office Supplies,Central,1,54.48,180
2013-05-07,Xerox 1951,Office Supplies,East,2,49.57,229
2013-05-07,DAX Solid Wood Frames,Furniture,East,7,54.71,121
2013-05-07,Advantus T-Pin Paper Clips,Office Supplies,East,2,7.22,29
2013-05-07,Logitech Desktop MK120 Mouse and keyboard Combo,Technology,Central,2,26.18,187
2013-05-07,Insertable Tab Post Binder Dividers,Office Supplies,Central,2,3.21,107
2013-05-07,Executive Impressions 8-1/2' Career Panel/Partition Cubicle Clock,Furniture,West,4,41.6,97
2013-05-08,SanDisk Ultra 64 GB MicroSDHC Class 10 Memory Card,Technology,East,5,199.95,31
2013-05-08,Bady BDG101FRU Card Printer,Technology,East,5,3999.95,194
2013-05-08,Hon Mobius Operator's Chair,Furniture,East,4,442.76,194
2013-05-08,"GBC Twin Loop Wire Binding Elements, 9/16' Spine, Black",Office Supplies,East,7,85.23,155
2013-05-08,Staples,Furniture,East,8,63.68,171
2013-05-08,Alphabetical Labels for Top Tab Filing,Office Supplies,East,3,44.4,78
2013-05-09,Xerox 1920,Office Supplies,West,3,17.94,40
2013-05-09,Xerox 1898,Office Supplies,East,2,10.69,62
2013-05-09,Smead Adjustable Mobile File Trolley with Lockable Top,Office Supplies,East,3,1006.06,22
2013-05-09,SanDisk Cruzer 64 GB USB Flash Drive,Technology,East,2,58.11,103
2013-05-09,Hanging Personal Folder File,Office Supplies,East,2,25.12,74
2013-05-09,Xerox 222,Office Supplies,East,2,10.37,47
2013-05-09,"Tenex 46' x 60' Computer Anti-Static Chairmat, Rectangular Shaped",Furniture,East,2,211.96,159
2013-05-10,Ibico Standard Transparent Covers,Office Supplies,Central,4,13.18,249
2013-05-10,Sanford Pocket Accent Highlighters,Office Supplies,East,5,8.0,56
2013-05-10,Sony Micro Vault Click 8 GB USB 2.0 Flash Drive,Technology,West,2,93.98,117
2013-05-10,Newell 319,Office Supplies,East,5,79.36,99
2013-05-10,GBC VeloBind Cover Sets,Office Supplies,Central,6,18.53,123
2013-05-10,Euro Pro Shark Stick Mini Vacuum,Office Supplies,Central,4,48.78,160
2013-05-10,"TOPS Money Receipt Book, Consecutively Numbered in Red,",Office Supplies,West,4,32.04,151
2013-05-10,"Hot File 7-Pocket, Floor Stand",Office Supplies,Central,6,856.66,166
2013-05-10,Staples,Office Supplies,East,1,9.34,33
2013-05-10,Xerox 1911,Office Supplies,Central,2,76.64,183
2013-05-10,4009 Highlighters by Sanford,Office Supplies,South,7,27.86,155
2013-05-10,I Need's 3d Hello Kitty Hybrid Silicone Case Cover for HTC One X 4g with 3d Hello Kitty Stylus Pen Green/pink,Technology,Central,2,19.14,164
2013-05-11,Grip Seal Envelopes,Office Supplies,Central,2,7.07,6
2013-05-11,ClearOne CHATAttach 160 - speaker phone,Technology,East,2,743.99,195
2013-05-11,Xerox 1965,Office Supplies,West,2,11.96,164
2013-05-12,Xerox 1920,Office Supplies,West,1,5.98,55
2013-05-13,OIC Stacking Trays,Furniture,East,3,10.02,64
2013-05-13,Rogers Handheld Barrel Pencil Sharpener,Office Supplies,South,4,10.96,192
2013-05-13,Staples,Office Supplies,West,1,8.67,46
2013-05-13,Memorex Mini Travel Drive 32 GB USB 2.0 Flash Drive,Technology,West,6,120.0,147
2013-05-13,Jawbone JAMBOX Wireless Bluetooth Speaker,Technology,East,4,631.96,18
2013-05-13,"Manila Recycled Extra-Heavyweight Clasp Envelopes, 6' x 9'",Office Supplies,West,5,54.9,156
2013-05-13,"Belkin 19' Vented Equipment Shelf, Black",Office Supplies,East,2,82.37,201
2013-05-15,GBC DocuBind P50 Personal Binding Machine,Office Supplies,South,3,57.58,187
2013-05-15,Wilson Jones International Size A4 Ring Binders,Office Supplies,South,2,10.38,145
2013-05-15,"GE 48' Fluorescent Tube, Cool White Energy Saver, 34 Watts, 30/Box",Furniture,East,1,79.38,219
2013-05-15,"LF Elite 3D Dazzle Designer Hard Case Cover, Lf Stylus Pen and Wiper For Apple Iphone 5c Mini Lite",Technology,South,5,43.6,162
2013-05-15,Avery Heavy-Duty EZD  Binder With Locking Rings,Office Supplies,South,8,13.39,170
2013-05-15,Dixon Ticonderoga Pencils,Office Supplies,South,2,4.77,238
2013-05-15,Xerox 23,Office Supplies,South,6,31.1,222
2013-05-15,"DAX Copper Panel Document Frame, 5 x 7 Size",Furniture,South,3,30.19,218
2013-05-15,Imation 16GB Mini TravelDrive USB 2.0 Flash Drive,Technology,West,7,185.53,125
2013-05-16,Binder Posts,Office Supplies,East,3,13.78,138
2013-05-16,GBC Instant Report Kit,Office Supplies,South,4,7.76,48
2013-05-16,"TOPS Voice Message Log Book, Flash Format",Office Supplies,East,4,15.23,112
2013-05-16,GBC DocuBind P50 Personal Binding Machine,Office Supplies,South,8,511.84,37
2013-05-16,Boston KS Multi-Size Manual Pencil Sharpener,Office Supplies,South,4,91.96,63
2013-05-16,Newell 344,Office Supplies,South,3,8.34,68
2013-05-17,"SAFCO Commercial Wire Shelving, Black",Office Supplies,East,4,552.56,135
2013-05-17,Xerox 196,Office Supplies,West,3,17.34,161
2013-05-17,Avery 481,Office Supplies,West,9,27.72,175
2013-05-17,"Tenex Carpeted, Granite-Look or Clear Contemporary Contour Shape Chair Mats",Furniture,West,4,282.84,115
2013-05-18,Flat Face Poster Frame,Furniture,Central,3,22.61,183
2013-05-18,Acco Recycled 2' Capacity Laser Printer Hanging Data Binders,Office Supplies,Central,1,2.89,203
2013-05-18,Acco Hot Clips Clips to Go,Office Supplies,Central,3,7.9,229
2013-05-18,"Wirebound Message Books, Four 2 3/4 x 5 Forms per Page, 200 Sets per Book",Office Supplies,Central,8,30.53,64
2013-05-18,Eldon Advantage Chair Mats for Low to Medium Pile Carpets,Furniture,East,4,173.24,30
2013-05-18,Avery 519,Office Supplies,East,2,14.62,131
2013-05-18,Acme Forged Steel Scissors with Black Enamel Handles,Office Supplies,East,7,65.17,112
2013-05-18,Pressboard Hanging Data Binders for Unburst Sheets,Office Supplies,South,2,2.95,108
2013-05-18,"GBC Prepunched Paper, 19-Hole, for Binding Systems, 24-lb",Office Supplies,South,6,27.02,177
2013-05-19,Universal Premium White Copier/Laser Paper (20Lb. and 87 Bright),Office Supplies,West,3,17.94,68
2013-05-19,Home/Office Personal File Carts,Office Supplies,West,3,104.28,157
2013-05-20,Newell 341,Office Supplies,Central,5,21.4,119
2013-05-20,Staples,Office Supplies,West,8,87.84,87
2013-05-20,GBC Personal VeloBind Strips,Office Supplies,West,1,9.58,186
2013-05-20,Hon 4070 Series Pagoda Round Back Stacking Chairs,Furniture,South,2,641.96,66
2013-05-20,Belkin Premiere Surge Master II 8-outlet surge protector,Office Supplies,East,5,242.9,74
2013-05-20,Safco Industrial Wire Shelving System,Office Supplies,East,5,454.9,44
2013-05-20,Nu-Dell Float Frame 11 x 14 1/2,Furniture,East,4,35.92,3
2013-05-20,"DAX Value U-Channel Document Frames, Easel Back",Furniture,East,8,39.76,153
2013-05-20,Recycled Easel Ring Binders,Office Supplies,East,4,47.74,154
2013-05-21,Cisco Unified IP Phone 7945G VoIP phone,Technology,South,5,1363.96,173
2013-05-21,Luxo Professional Fluorescent Magnifier Lamp with Clamp-Mount Base,Furniture,West,5,1049.2,245
2013-05-21,Wilson Jones Turn Tabs Binder Tool for Ring Binders,Office Supplies,West,4,15.42,106
2013-05-21,GBC Durable Plastic Covers,Office Supplies,West,7,40.64,191
2013-05-21,Avery Non-Stick Binders,Office Supplies,South,2,2.69,218
2013-05-22,Southworth 100% Cotton The Best Paper,Office Supplies,Central,9,82.66,233
2013-05-22,"Pressboard Covers with Storage Hooks, 9 1/2' x 11', Light Blue",Office Supplies,Central,2,1.96,50
2013-05-22,Imation 16GB Mini TravelDrive USB 2.0 Flash Drive,Technology,West,2,66.26,49
2013-05-22,Motorola HK250 Universal Bluetooth Headset,Technology,West,3,55.18,5
2013-05-22,Staples,Office Supplies,East,2,111.96,58
2013-05-22,"Cardinal HOLDit! Binder Insert Strips,Extra Strips",Office Supplies,Central,3,3.8,124
2013-05-22,Panasonic KX MB2061 Multifunction Printer,Technology,West,10,2396.4,142
2013-05-23,AT&T 841000 Phone,Technology,East,5,345.0,244
2013-05-23,Bevis 36 x 72 Conference Tables,Furniture,East,2,174.29,29
2013-05-23,Eureka Sanitaire  Commercial Upright,Office Supplies,East,4,662.84,169
2013-05-23,SanDisk Cruzer 32 GB USB Flash Drive,Technology,East,5,95.1,228
2013-05-23,Digium D40 VoIP phone,Technology,East,2,257.98,121
2013-05-23,Ampad #10 Peel & Seel Holiday Envelopes,Office Supplies,East,6,26.88,124
2013-05-23,Nortel Business Series Terminal T7208 Digital phone,Technology,West,2,222.38,36
2013-05-23,Avery 493,Office Supplies,South,3,14.73,169
2013-05-24,"Eldon Image Series Desk Accessories, Ebony",Furniture,West,3,37.05,123
2013-05-24,Canon imageCLASS 2200 Advanced Copier,Technology,East,4,8399.98,100
2013-05-24,Mitel MiVoice 5330e IP Phone,Technology,Central,9,1979.93,34
2013-05-24,Avaya 5410 Digital phone,Technology,East,3,122.38,86
2013-05-24,Xerox 224,Office Supplies,East,2,10.37,133
2013-05-24,Avery Legal 4-Ring Binder,Office Supplies,East,1,6.29,195
2013-05-24,Xerox 1949,Office Supplies,South,1,4.98,17
2013-05-25,"Acme Hot Forged Carbon Steel Scissors with Nickel-Plated Handles, 3 7/8' Cut, 8'L",Office Supplies,South,5,69.5,200
2013-05-25,Xerox 1911,Office Supplies,South,4,191.6,112
2013-05-25,BIC Liqua Brite Liner,Office Supplies,East,3,16.66,28
2013-05-26,"Wirebound Service Call Books, 5 1/2' x 4'",Office Supplies,South,2,19.36,76
2013-05-26,Eldon Expressions Mahogany Wood Desk Collection,Furniture,South,4,24.96,58
2013-05-26,"Fellowes Strictly Business Drawer File, Letter/Legal Size",Office Supplies,South,9,1267.65,174
2013-05-27,Wilson Jones Turn Tabs Binder Tool for Ring Binders,Office Supplies,East,2,9.64,125
2013-05-27,Weyerhaeuser First Choice Laser/Copy Paper (20Lb. and 88 Bright),Office Supplies,East,3,19.44,243
2013-05-27,Fellowes Powershred HS-440 4-Sheet High Security Shredder,Technology,West,3,371.98,144
2013-05-27,Xerox 1946,Office Supplies,West,7,45.36,108
2013-05-27,9-3/4 Diameter Round Wall Clock,Furniture,East,3,41.37,223
2013-05-27,Advantus Rolling Drawer Organizers,Office Supplies,South,6,184.7,239
2013-05-27,Imation 32GB Pocket Pro USB 3.0 Flash Drive - 32 GB - Black - 1 P ...,Technology,South,2,47.92,21
2013-05-27,"Alliance Big Bands Rubber Bands, 12/Pack",Office Supplies,West,3,5.94,67
2013-05-27,"Telephone Message Books with Fax/Mobile Section, 5 1/2' x 3 3/16'",Office Supplies,East,2,12.7,68
2013-05-27,Nu-Dell Float Frame 11 x 14 1/2,Furniture,Central,3,26.94,164
2013-05-27,"OIC #2 Pencils, Medium Soft",Office Supplies,East,1,1.5,232
2013-05-27,Global Low Back Tilter Chair,Furniture,West,6,484.7,48
2013-05-27,Cisco SPA508G,Technology,West,4,211.17,140
2013-05-27,Holmes HEPA Air Purifier,Office Supplies,East,2,34.85,161
2013-05-27,Logitech G13 Programmable Gameboard with LCD Display,Technology,Central,1,63.99,108
2013-05-27,Universal Premium White Copier/Laser Paper (20Lb. and 87 Bright),Office Supplies,Central,3,14.35,85
2013-05-27,Office Star Flex Back Scooter Chair with White Frame,Furniture,Central,5,388.43,52
2013-05-27,Xerox 212,Office Supplies,Central,2,10.37,122
2013-05-28,Standard Rollaway File with Lock,Office Supplies,Central,9,1297.37,86
2013-05-28,Xerox 1910,Office Supplies,Central,3,144.12,178
2013-05-28,"Wirebound Message Books, Four 2 3/4 x 5 White Forms per Page",Office Supplies,West,2,13.38,130
2013-05-28,Xerox 1915,Office Supplies,Central,3,314.55,41
2013-05-28,HON 5400 Series Task Chairs for Big and Tall,Furniture,Central,5,3504.9,97
2013-05-28,G.E. Halogen Desk Lamp Bulbs,Furniture,Central,2,5.58,159
2013-05-28,36X48 HARDFLOOR CHAIRMAT,Furniture,Central,3,25.18,108
2013-05-29,Wilson Electronics DB Pro Signal Booster,Technology,Central,1,286.4,50
2013-05-29,"Wilson Jones Hanging View Binder, White, 1'",Office Supplies,West,4,22.72,249
2013-05-29,Great White Multi-Use Recycled Paper (20Lb. and 84 Bright),Office Supplies,South,13,62.19,240
2013-05-29,Okidata C331dn Printer,Technology,West,2,558.4,84
2013-05-29,Imation Clip USB flash drive - 8 GB,Technology,West,7,131.6,173
2013-05-29,Xerox 1991,Office Supplies,West,8,182.72,126
2013-05-29,Novimex Fabric Task Chair,Furniture,South,8,390.27,235
2013-05-29,"Boston School Pro Electric Pencil Sharpener, 1670",Office Supplies,South,6,185.88,20
2013-05-29,Kensington 7 Outlet MasterPiece HOMEOFFICE Power Control Center,Office Supplies,West,2,262.24,43
2013-05-29,Fiskars Softgrip Scissors,Office Supplies,East,5,54.9,138
2013-05-30,3M Polarizing Light Filter Sleeves,Furniture,South,3,44.76,102
2013-05-30,Newell 333,Office Supplies,South,2,4.45,67
2013-05-30,GBC ProClick Spines for 32-Hole Punch,Office Supplies,South,3,11.28,242
2013-05-30,Panasonic KX-TG9471B,Technology,South,5,979.95,128
2013-05-30,Presstex Flexible Ring Binders,Office Supplies,South,5,22.75,91
2013-05-31,Global Troy Executive Leather Low-Back Tilter,Furniture,West,2,801.57,190
2013-05-31,"Redi-Strip #10 Envelopes, 4 1/8 x 9 1/2",Office Supplies,South,9,26.55,23
2013-05-31,Sony Micro Vault Click 16 GB USB 2.0 Flash Drive,Technology,South,2,111.98,124
2013-05-31,Canon Imageclass D680 Copier / Fax,Technology,East,2,839.99,226
2013-05-31,Newell 333,Office Supplies,Central,2,5.56,140
2013-05-31,Eldon Simplefile Box Office,Office Supplies,Central,4,49.76,110
2013-05-31,Hon Rectangular Conference Tables,Furniture,South,10,2275.5,97
2013-05-31,Avery 473,Office Supplies,South,6,62.1,138
2013-05-31,Plantronics CS510 - Over-the-Head monaural Wireless Headset System,Technology,South,6,1979.7,227
2013-05-31,"White Dual Perf Computer Printout Paper, 2700 Sheets, 1 Part, Heavyweight, 20 lbs., 14 7/8 x 11",Office Supplies,West,1,32.79,178
2013-05-31,Storex Flexible Poly Binders with Double Pockets,Office Supplies,West,3,2.38,16
2013-05-31,Vinyl Sectional Post Binders,Office Supplies,West,2,22.62,98
2013-05-31,"Acco 7-Outlet Masterpiece Power Center, Wihtout Fax/Phone Line Protection",Office Supplies,Central,3,364.74,81
2013-05-31,36X48 HARDFLOOR CHAIRMAT,Furniture,West,8,167.84,103
2013-05-31,Newell 343,Office Supplies,Central,5,14.7,213
2013-05-31,VTech DS6151,Technology,Central,1,125.99,248
2013-05-31,Sony Micro Vault Click 16 GB USB 2.0 Flash Drive,Technology,Central,5,223.96,151
2013-05-31,Xerox 217,Office Supplies,Central,7,45.36,249
2013-05-31,Xerox 228,Office Supplies,West,6,38.88,18
2013-05-31,"DAX Charcoal/Nickel-Tone Document Frame, 5 x 7",Furniture,Central,5,47.4,164
2013-05-31,Anker 36W 4-Port USB Wall Charger Travel Power Adapter for iPhone 5s 5c 5,Technology,Central,5,79.96,230
2013-05-31,Xerox 1915,Office Supplies,Central,6,629.1,84
2013-05-31,GBC Standard Therm-A-Bind Covers,Office Supplies,West,2,14.95,7
2013-05-31,Euro-Pro Shark Turbo Vacuum,Office Supplies,East,5,123.92,27
2013-05-31,Angle-D Ring Binders,Office Supplies,South,2,3.28,4
2013-06-01,Avery Hidden Tab Dividers for Binding Systems,Office Supplies,East,3,7.15,144
2013-06-01,Executive Impressions 16-1/2' Circular Wall Clock,Furniture,Central,3,32.06,100
2013-06-01,Jackery Bar Premium Fast-charging Portable Charger,Technology,East,6,179.7,163
2013-06-01,Xerox 212,Office Supplies,Central,2,10.37,117
2013-06-01,Xerox 1899,Office Supplies,Central,4,18.5,146
2013-06-01,Global Highback Leather Tilter in Burgundy,Furniture,Central,3,191.08,63
2013-06-03,Riverleaf Stik-Withit Designer Note Cubes,Office Supplies,West,3,30.18,90
2013-06-03,"Acco PRESSTEX Data Binder with Storage Hooks, Dark Blue, 14 7/8' X 11'",Office Supplies,West,12,51.65,116
2013-06-03,Acco Translucent Poly Ring Binders,Office Supplies,West,3,11.23,97
2013-06-03,Carina Double Wide Media Storage Towers in Natural & Black,Office Supplies,East,1,64.78,10
2013-06-04,Hon 61000 Series Interactive Training Tables,Furniture,West,2,71.09,53
2013-06-05,Sauder Inglewood Library Bookcases,Furniture,East,1,136.78,172
2013-06-05,"Linden 10' Round Wall Clock, Black",Furniture,East,4,61.12,46
2013-06-05,PureGear Roll-On Screen Protector,Technology,Central,2,31.98,139
2013-06-05,Panasonic KX MC6040 Color Laser Multifunction Printer,Technology,East,3,1349.85,245
2013-06-05,Staples,Office Supplies,East,3,14.94,148
2013-06-05,KI Conference Tables,Furniture,Central,5,177.22,245
2013-06-05,Staples,Furniture,Central,3,11.69,138
2013-06-05,"Snap-A-Way Black Print Carbonless Ruled Speed Letter, Triplicate",Office Supplies,South,2,75.88,230
2013-06-05,Luxo Professional Fluorescent Magnifier Lamp with Clamp-Mount Base,Furniture,Central,5,419.68,219
2013-06-05,Eldon 100 Class Desk Accessories,Furniture,Central,3,4.04,4
2013-06-05,"Binney & Smith Crayola Metallic Colored Pencils, 8-Color Set",Office Supplies,Central,2,7.41,208
2013-06-05,Xerox 1957,Office Supplies,Central,5,25.92,183
2013-06-06,Acco 6 Outlet Guardian Premium Surge Suppressor,Office Supplies,West,4,58.24,19
2013-06-06,Standard Rollaway File with Lock,Office Supplies,East,2,360.38,168
2013-06-06,Newell 314,Office Supplies,East,2,11.16,45
2013-06-06,Avery Non-Stick Binders,Office Supplies,West,6,21.55,249
2013-06-06,Avery White Multi-Purpose Labels,Office Supplies,East,3,14.94,11
2013-06-06,"Eldon Base for stackable storage shelf, platinum",Office Supplies,East,4,124.61,69
2013-06-06,Avery 502,Office Supplies,East,3,7.56,16
2013-06-06,Acme Box Cutter Scissors,Office Supplies,West,6,61.38,114
2013-06-07,Rosewill 107 Normal Keys USB Wired Standard Keyboard,Technology,West,2,26.96,146
2013-06-07,Cisco Small Business SPA 502G VoIP phone,Technology,Central,4,328.22,153
2013-06-07,Bose SoundLink Bluetooth Speaker,Technology,West,3,477.6,47
2013-06-07,Xerox 1935,Office Supplies,East,4,105.52,107
2013-06-07,Avery 488,Office Supplies,West,7,22.05,235
2013-06-07,Letter Size Cart,Office Supplies,East,5,714.3,51
2013-06-07,Kingston Digital DataTraveler 16GB USB 2.0,Technology,South,3,26.85,95
2013-06-07,Xerox Blank Computer Paper,Office Supplies,West,5,99.9,69
2013-06-07,"Deflect-o EconoMat Nonstudded, No Bevel Mat",Furniture,East,2,82.64,182
2013-06-07,Logitech Trackman Marble Mouse,Technology,South,6,179.94,249
2013-06-07,Plantronics S12 Corded Telephone Headset System,Technology,South,3,323.37,227
2013-06-07,Xerox 191,Office Supplies,South,3,59.94,101
2013-06-07,Xerox 230,Office Supplies,South,2,12.96,74
2013-06-07,Electrix Halogen Magnifier Lamp,Furniture,East,3,466.32,160
2013-06-07,Avery Binder Labels,Office Supplies,South,3,11.67,189
2013-06-07,Trimflex Flexible Post Binders,Office Supplies,South,3,64.14,215
2013-06-07,Samsung Galaxy Mega 6.3,Technology,West,9,3023.93,150
2013-06-08,Avery Hanging File Binders,Office Supplies,West,1,4.78,142
2013-06-08,"While You Were Out Pads, 50 per Pad, 4 x 5 1/4, Green Cycle",Office Supplies,West,1,4.73,154
2013-06-08,Xerox 226,Office Supplies,East,5,32.4,202
2013-06-08,Ideal Clamps,Office Supplies,East,6,9.65,191
2013-06-10,"Global Deluxe Stacking Chair, Gray",Furniture,West,3,122.35,248
2013-06-10,Avaya 4621SW VoIP phone,Technology,West,3,177.48,242
2013-06-10,Cisco CP-7937G Unified IP Conference Station Phone,Technology,South,2,695.7,241
2013-06-10,"Bush Cubix Conference Tables, Fully Assembled",Furniture,Central,3,692.94,208
2013-06-11,Avery 487,Office Supplies,East,8,23.62,178
2013-06-11,Avery 473,Office Supplies,West,2,20.7,180
2013-06-11,Bretford Just In Time Height-Adjustable Multi-Task Work Tables,Furniture,West,4,1335.68,205
2013-06-11,Xerox 226,Office Supplies,West,5,32.4,218
2013-06-12,"Stacking Tray, Side-Loading, Legal, Smoke",Furniture,Central,7,12.54,81
2013-06-12,Bretford Rectangular Conference Table Tops,Furniture,West,3,902.71,91
2013-06-12,Computer Printout Index Tabs,Office Supplies,Central,4,1.34,178
2013-06-12,Logitech G35 7.1-Channel Surround Sound Headset,Technology,West,3,389.97,174
2013-06-12,Wilson Jones Turn Tabs Binder Tool for Ring Binders,Office Supplies,West,14,53.98,238
2013-06-12,Avery 486,Office Supplies,West,2,14.62,3
2013-06-12,Razer Kraken PRO Over Ear PC and Music Headset,Technology,East,3,239.97,134
2013-06-12,GBC Wire Binding Combs,Office Supplies,Central,4,8.27,108
2013-06-13,Globe Weis Peel & Seel First Class Envelopes,Office Supplies,East,9,115.02,162
2013-06-13,Nontoxic Chalk,Office Supplies,Central,8,11.26,47
2013-06-13,Xerox 1975,Office Supplies,Central,3,15.55,72
2013-06-13,Global Enterprise Series Seating High-Back Swivel/Tilt Chairs,Furniture,Central,2,379.37,71
2013-06-13,Avery Heavy-Duty EZD  Binder With Locking Rings,Office Supplies,South,3,16.74,115
2013-06-13,"Companion Letter/Legal File, Black",Office Supplies,East,6,226.56,172
2013-06-13,Dax Clear Box Frame,Furniture,Central,2,6.98,80
2013-06-13,Staples,Office Supplies,Central,9,67.54,80
2013-06-13,Self-Adhesive Address Labels for Typewriters by Universal,Office Supplies,West,2,14.62,112
2013-06-13,KLD Oscar II Style Snap-on Ultra Thin Side Flip Synthetic Leather Cover Case for HTC One HTC M7,Technology,East,7,68.04,224
2013-06-13,"Acco Pressboard Covers with Storage Hooks, 14 7/8' x 11', Executive Red",Office Supplies,Central,2,1.52,95
2013-06-13,Xerox 1978,Office Supplies,Central,5,23.12,71
2013-06-13,APC 7 Outlet Network SurgeArrest Surge Protector,Office Supplies,Central,4,64.38,146
2013-06-13,"IBM Multi-Purpose Copy Paper, 8 1/2 x 11', Case",Office Supplies,East,3,92.94,62
2013-06-13,Xerox 228,Office Supplies,West,2,12.96,37
2013-06-13,"IBM Multi-Purpose Copy Paper, 8 1/2 x 11', Case",Office Supplies,West,6,185.88,66
2013-06-13,"Canon Color ImageCLASS MF8580Cdw Wireless Laser All-In-One Printer, Copier, Scanner",Technology,Central,3,1007.98,186
2013-06-13,Xerox 1908,Office Supplies,Central,7,313.49,68
2013-06-13,Bionaire 99.97% HEPA Air Cleaner,Office Supplies,East,3,52.56,12
2013-06-13,Artistic Insta-Plaque,Furniture,East,3,47.04,174
2013-06-13,DXL Angle-View Binders with Locking Rings by Samsill,Office Supplies,East,4,30.84,237
2013-06-13,1.7 Cubic Foot Compact 'Cube' Office Refrigerators,Office Supplies,South,1,208.16,188
2013-06-14,Ooma Telo VoIP Home Phone System,Technology,Central,3,377.97,30
2013-06-14,Premium Transparent Presentation Covers by GBC,Office Supplies,East,2,33.57,246
2013-06-14,Avery 51,Office Supplies,Central,3,18.9,207
2013-06-15,Global Adaptabilities Conference Tables,Furniture,East,2,337.18,113
2013-06-15,"Bush Cubix Conference Tables, Fully Assembled",Furniture,West,7,1293.49,223
2013-06-15,GBC Twin Loop Wire Binding Elements,Office Supplies,South,4,39.94,21
2013-06-15,"Verbatim Slim CD and DVD Storage Cases, 50/Pack",Technology,South,2,18.46,92
2013-06-15,Newell 346,Office Supplies,West,3,8.64,213
2013-06-15,Logitech ClearChat Comfort/USB Headset H390,Technology,West,1,29.29,170
2013-06-15,Hon Non-Folding Utility Tables,Furniture,West,7,1115.17,66
2013-06-15,"Bush Heritage Pine Collection 5-Shelf Bookcase, Albany Pine Finish, *Special Order",Furniture,West,5,599.16,53
2013-06-15,"GE General Purpose, Extra Long Life, Showcase & Floodlight Incandescent Bulbs",Furniture,West,3,8.73,137
2013-06-15,Newell 326,Office Supplies,West,4,7.04,41
2013-06-16,Xerox 19,Office Supplies,Central,7,173.49,63
2013-06-17,"Wirebound Message Books, Four 2 3/4' x 5' Forms per Page, 600 Sets per Book",Office Supplies,West,5,46.35,125
2013-06-17,Avery 518,Office Supplies,East,3,9.45,20
2013-06-17,Penpower WorldCard Pro Card Scanner,Technology,South,1,91.48,207
2013-06-18,Avery 496,Office Supplies,West,6,22.5,203
2013-06-18,"Rubbermaid ClusterMat Chairmats, Mat Size- 66' x 60', Lip 20' x 11' -90 Degree Angle",Furniture,West,3,266.35,193
2013-06-18,"Bush Heritage Pine Collection 5-Shelf Bookcase, Albany Pine Finish, *Special Order",Furniture,West,2,239.67,168
2013-06-18,Xerox 1914,Office Supplies,West,4,219.84,151
2013-06-18,"Rogers Jumbo File, Granite",Office Supplies,East,3,40.74,34
2013-06-18,Ibico Presentation Index for Binding Systems,Office Supplies,East,2,7.96,183
2013-06-18,Hon 2111 Invitation Series Corner Table,Furniture,East,3,376.87,29
2013-06-18,Home/Office Personal File Carts,Office Supplies,East,6,208.56,56
2013-06-18,Xerox 232,Office Supplies,East,5,32.4,221
2013-06-18,Prang Dustless Chalk Sticks,Office Supplies,East,1,1.68,46
2013-06-18,Novimex Turbo Task Chair,Furniture,East,5,319.41,162
2013-06-18,"Global Manager's Adjustable Task Chair, Storm",Furniture,West,4,483.14,18
2013-06-18,Imation 8gb Micro Traveldrive Usb 2.0 Flash Drive,Technology,East,2,30.0,113
2013-06-18,Plastic Binding Combs,Office Supplies,East,4,48.48,7
2013-06-18,"Array Parchment Paper, Assorted Colors",Office Supplies,East,2,14.56,25
2013-06-18,Newell 35,Office Supplies,East,3,9.84,112
2013-06-18,Wireless Extenders zBoost YX545 SOHO Signal Booster,Technology,East,3,566.97,231
2013-06-18,Xerox 1934,Office Supplies,West,2,111.96,70
2013-06-19,DXL Angle-View Binders with Locking Rings by Samsill,Office Supplies,East,2,4.63,29
2013-06-19,Xerox 1937,Office Supplies,Central,2,76.86,134
2013-06-19,Harmony Air Purifier,Office Supplies,East,3,453.6,66
2013-06-19,Xerox 1900,Office Supplies,East,2,6.85,64
2013-06-20,"Message Book, Standard Line 'While You Were Out', 5 1/2' X 4', 200 Sets/Book",Office Supplies,West,2,17.12,35
2013-06-21,Fellowes Bankers Box Recycled Super Stor/Drawer,Office Supplies,West,3,161.94,24
2013-06-21,JM Magazine Binder,Office Supplies,East,6,29.72,36
2013-06-21,Belkin 6 Outlet Metallic Surge Strip,Office Supplies,West,2,21.78,0
2013-06-21,Hon Valutask Swivel Chairs,Furniture,West,2,161.57,142
2013-06-21,Xerox 202,Office Supplies,West,6,38.88,36
2013-06-21,GBC Plastic Binding Combs,Office Supplies,West,3,17.71,140
2013-06-21,DIXON Oriole Pencils,Office Supplies,West,2,5.16,231
2013-06-21,Xerox 206,Office Supplies,Central,2,10.37,135
2013-06-21,"Wirebound Message Books, 2 7/8' x 5', 3 Forms per Page",Office Supplies,East,8,45.06,132
2013-06-21,Sanyo 2.5 Cubic Foot Mid-Size Office Refrigerators,Office Supplies,East,2,447.7,187
2013-06-21,Xerox 1898,Office Supplies,West,7,46.76,127
2013-06-21,Imation 8gb Micro Traveldrive Usb 2.0 Flash Drive,Technology,East,3,45.0,200
2013-06-21,Xerox 202,Office Supplies,East,3,15.55,126
2013-06-21,"LF Elite 3D Dazzle Designer Hard Case Cover, Lf Stylus Pen and Wiper For Apple Iphone 5c Mini Lite",Technology,East,2,21.8,0
2013-06-21,Logitech Trackman Marble Mouse,Technology,Central,4,95.97,163
2013-06-21,Executive Impressions 13' Clairmont Wall Clock,Furniture,Central,3,57.69,34
2013-06-21,Imation 30456 USB Flash Drive 8GB,Technology,Central,1,6.9,193
2013-06-22,SpineVue Locking Slant-D Ring Binders by Cardinal,Office Supplies,East,5,36.56,190
2013-06-22,"Premium Transparent Presentation Covers, No Pattern/Clear, 8 1/2' x 11'",Office Supplies,East,6,186.14,103
2013-06-22,Avery Durable Slant Ring Binders With Label Holder,Office Supplies,Central,1,0.84,22
2013-06-22,O'Sullivan Living Dimensions 5-Shelf Bookcases,Furniture,East,2,353.57,8
2013-06-24,Translucent Push Pins by OIC,Office Supplies,East,2,3.96,33
2013-06-24,Xerox 1884,Office Supplies,West,1,19.98,173
2013-06-24,Tops White Computer Printout Paper,Office Supplies,East,3,146.73,205
2013-06-24,"Avery 4027 File Folder Labels for Dot Matrix Printers, 5000 Labels per Box, White",Office Supplies,East,4,122.12,127
2013-06-24,Compact Automatic Electric Letter Opener,Office Supplies,East,7,835.17,3
2013-06-24,Avery 52,Office Supplies,East,5,18.45,157
2013-06-24,Fellowes Bankers Box Staxonsteel Drawer File/Stacking System,Office Supplies,East,5,324.9,222
2013-06-24,Nortel Meridian M3904 Professional Digital phone,Technology,West,7,862.34,101
2013-06-24,Avery 516,Office Supplies,West,3,21.93,74
2013-06-24,Mobile Personal File Cube,Office Supplies,West,4,93.68,98
2013-06-24,Avery 487,Office Supplies,East,7,25.83,71
2013-06-25,Xerox 189,Office Supplies,West,1,104.85,2
2013-06-25,Okidata MB760 Printer,Technology,West,4,4476.8,141
2013-06-25,Panasonic KX TS208W Corded phone,Technology,Central,9,440.91,187
2013-06-25,APC 7 Outlet Network SurgeArrest Surge Protector,Office Supplies,West,3,241.44,204
2013-06-25,Macally Suction Cup Mount,Technology,West,4,38.24,172
2013-06-25,Holmes HEPA Air Purifier,Office Supplies,Central,2,8.71,223
2013-06-26,GBC Wire Binding Strips,Office Supplies,East,4,38.09,33
2013-06-26,"Global Leather Highback Executive Chair with Pneumatic Height Adjustment, Black",Furniture,East,3,422.06,44
2013-06-26,"Gould Plastics 9-Pocket Panel Bin, 18-3/8w x 5-1/4d x 20-1/2h, Black",Office Supplies,East,6,254.35,60
2013-06-26,Eldon Executive Woodline II Cherry Finish Desk Accessories,Furniture,Central,2,32.71,82
2013-06-26,"Global Value Mid-Back Manager's Chair, Gray",Furniture,Central,2,85.25,122
2013-06-26,Fellowes Mighty 8 Compact Surge Protector,Office Supplies,West,3,60.81,101
2013-06-27,"SAFCO Mobile Desk Side File, Wire Frame",Office Supplies,Central,4,171.04,15
2013-06-27,Newell 311,Office Supplies,Central,3,5.3,65
2013-06-27,Prang Colored Pencils,Office Supplies,East,5,14.7,167
2013-06-27,Memorex Mini Travel Drive 4 GB USB 2.0 Flash Drive,Technology,Central,2,13.62,144
2013-06-27,"Ampad Phone Message Book, Recycled, 400 Message Capacity, 5 ¾ x 11",Office Supplies,West,2,12.48,118
2013-06-27,"Eldon Expressions Wood Desk Accessories, Oak",Furniture,West,3,22.14,161
2013-06-27,"Fellowes Strictly Business Drawer File, Letter/Legal Size",Office Supplies,East,5,704.25,233
2013-06-27,Woodgrain Magazine Files by Perma,Office Supplies,East,5,14.9,123
2013-06-27,Insertable Tab Post Binder Dividers,Office Supplies,Central,1,8.02,143
2013-06-27,"White Dual Perf Computer Printout Paper, 2700 Sheets, 1 Part, Heavyweight, 20 lbs., 14 7/8 x 11",Office Supplies,Central,9,368.91,101
2013-06-27,OIC Binder Clips,Office Supplies,West,5,17.9,187
2013-06-27,"DAX Executive Solid Wood Document Frame, Desktop or Hang, Mahogany, 5 x 7",Furniture,East,3,37.74,65
2013-06-27,Premier Electric Letter Opener,Office Supplies,West,2,231.72,193
2013-06-27,AmazonBasics 3-Button USB Wired Mouse,Technology,East,3,20.97,217
2013-06-27,Cisco IP Phone 7961G VoIP phone - Dark gray,Technology,South,1,135.95,12
2013-06-27,"Perixx PERIBOARD-512B, Ergonomic Split Keyboard",Technology,East,4,139.96,183
2013-06-28,Global Commerce Series Low-Back Swivel/Tilt Chairs,Furniture,Central,3,539.66,110
2013-06-28,Ooma Telo VoIP Home Phone System,Technology,West,2,201.58,158
2013-06-28,"Wirebound Message Books, Four 2 3/4 x 5 White Forms per Page",Office Supplies,Central,7,37.46,33
2013-06-29,"Holmes Replacement Filter for HEPA Air Cleaner, Very Large Room, HEPA Filter",Office Supplies,East,4,275.24,38
2013-06-29,GBC Premium Transparent Covers with Diagonal Lined Pattern,Office Supplies,West,2,33.57,194
2013-06-29,Ibico Presentation Index for Binding Systems,Office Supplies,East,2,7.96,135
2013-06-29,Polycom CX300 Desktop Phone USB VoIP phone,Technology,Central,3,359.98,214
2013-06-29,"Global Armless Task Chair, Royal Blue",Furniture,East,2,121.96,205
2013-06-29,Disposable Triple-Filter Dust Bags,Office Supplies,East,2,8.74,119
2013-06-29,Xerox 1960,Office Supplies,East,2,61.96,125
2013-06-29,Recycled Pressboard Report Cover with Reinforced Top Hinge,Office Supplies,West,3,7.75,54
2013-06-30,Fellowes Bankers Box Stor/Drawer Steel Plus,Office Supplies,South,6,191.88,26
2013-07-01,Bulldog Vacuum Base Pencil Sharpener,Office Supplies,South,3,35.97,117
2013-07-01,O'Sullivan 2-Door Barrister Bookcase in Odessa Pine,Furniture,South,7,1266.86,220
2013-07-01,Kingston Digital DataTraveler 16GB USB 2.0,Technology,Central,7,50.12,230
2013-07-02,Hewlett Packard 310 Color Digital Copier,Technology,West,5,1499.95,52
2013-07-02,Binding Machine Supplies,Office Supplies,South,2,58.34,38
2013-07-02,KeyTronic KT400U2 - Keyboard - Black,Technology,East,3,30.84,64
2013-07-02,Xerox 210,Office Supplies,South,2,12.96,144
2013-07-02,Zipper Ring Binder Pockets,Office Supplies,West,1,2.5,232
2013-07-02,Avery 477,Office Supplies,East,1,30.53,157
2013-07-02,Southworth 25% Cotton Antique Laid Paper & Envelopes,Office Supplies,East,9,75.06,180
2013-07-02,"Wilson Jones Hanging View Binder, White, 1'",Office Supplies,South,2,14.2,12
2013-07-03,Hon Deluxe Fabric Upholstered Stacking Chairs,Furniture,West,1,195.18,20
2013-07-03,Avery Hi-Liter Pen Style Six-Color Fluorescent Set,Office Supplies,South,2,7.7,146
2013-07-03,"Global Airflow Leather Mesh Back Chair, Black",Furniture,Central,5,528.43,52
2013-07-03,Xerox 201,Office Supplies,Central,8,41.47,18
2013-07-04,Xerox 1925,Office Supplies,East,5,123.92,56
2013-07-04,Xerox 200,Office Supplies,West,2,12.96,24
2013-07-04,Avanti 1.7 Cu. Ft. Refrigerator,Office Supplies,East,7,706.86,213
2013-07-04,"Brites Rubber Bands, 1 1/2 oz. Box",Office Supplies,West,2,3.96,30
2013-07-05,"Atlantic Metals Mobile 5-Shelf Bookcases, Custom Colors",Furniture,West,5,1279.16,80
2013-07-05,"Inter-Office Recycled Envelopes, Brown Kraft, Button-String,10' x 13' , 100/Box",Office Supplies,West,2,43.96,182
2013-07-05,Eldon Shelf Savers Cubes and Bins,Office Supplies,West,4,27.92,22
2013-07-05,Avaya 4621SW VoIP phone,Technology,West,3,177.48,31
2013-07-05,"Master Caster Door Stop, Brown",Furniture,West,5,25.4,189
2013-07-05,OtterBox Defender Series Case - Samsung Galaxy S4,Technology,West,3,71.98,73
2013-07-05,"Master Caster Door Stop, Brown",Furniture,West,5,25.4,9
2013-07-08,GBC Standard Plastic Binding Systems' Combs,Office Supplies,East,5,9.42,227
2013-07-08,Tops Wirebound Message Log Books,Office Supplies,Central,9,23.69,199
2013-07-08,Flat Face Poster Frame,Furniture,Central,8,60.29,53
2013-07-08,Global Ergonomic Managers Chair,Furniture,Central,2,253.37,51
2013-07-08,Boston KS Multi-Size Manual Pencil Sharpener,Office Supplies,West,2,45.98,147
2013-07-08,Acme Softgrip Scissors,Office Supplies,South,7,45.58,159
2013-07-08,"Global Leather Task Chair, Black",Furniture,West,4,287.97,113
2013-07-08,"Acco Pressboard Covers with Storage Hooks, 14 7/8' x 11', Executive Red",Office Supplies,East,5,5.72,13
2013-07-08,Canon PC1060 Personal Laser Copier,Technology,West,5,2799.96,177
2013-07-08,Xerox 1942,Office Supplies,West,1,48.94,155
2013-07-08,Xerox 226,Office Supplies,West,2,12.96,109
2013-07-08,"Permanent Self-Adhesive File Folder Labels for Typewriters, 1 1/8 x 3 1/2, White",Office Supplies,East,2,10.08,243
2013-07-08,Panasonic KX T7731-B Digital phone,Technology,East,1,59.99,52
2013-07-08,Howard Miller 11-1/2' Diameter Grantwood Wall Clock,Furniture,West,5,215.65,151
2013-07-08,Acco Hot Clips Clips to Go,Office Supplies,Central,1,2.63,78
2013-07-09,GBC Twin Loop Wire Binding Elements,Office Supplies,West,2,19.97,21
2013-07-09,"Perma STOR-ALL Hanging File Box, 13 1/8'W x 12 1/4'D x 10 1/2'H",Office Supplies,West,7,33.49,29
2013-07-09,SAFCO Arco Folding Chair,Furniture,West,3,662.88,190
2013-07-09,Cisco SPA 502G IP Phone,Technology,Central,9,863.64,3
2013-07-09,Wilson Jones Active Use Binders,Office Supplies,West,4,8.74,204
2013-07-09,Newell 345,Office Supplies,Central,3,47.62,58
2013-07-09,Logitech Mobile Speakerphone P710e - speaker phone,Technology,West,1,107.98,214
2013-07-09,Jabra SPEAK 410 Multidevice Speakerphone,Technology,South,5,823.96,7
2013-07-09,Xerox 213,Office Supplies,East,2,12.96,209
2013-07-09,Xerox 1921,Office Supplies,South,2,15.98,11
2013-07-09,"Fellowes Twister Kit, Gray/Clear, 3/pkg",Office Supplies,West,3,19.3,118
2013-07-10,"Deflect-o EconoMat Studded, No Bevel Mat for Low Pile Carpeting",Furniture,East,4,165.28,158
2013-07-10,Hon GuestStacker Chair,Furniture,East,2,408.01,205
2013-07-11,Sterilite Officeware Hinged File Box,Office Supplies,West,2,16.77,33
2013-07-11,"Brother MFC-9340CDW LED All-In-One Printer, Copier Scanner",Technology,East,3,341.99,81
2013-07-11,Boston Heavy-Duty Trimline Electric Pencil Sharpeners,Office Supplies,Central,4,154.24,247
2013-07-11,"Fellowes Strictly Business Drawer File, Letter/Legal Size",Office Supplies,Central,3,338.04,97
2013-07-11,GBC Standard Therm-A-Bind Covers,Office Supplies,West,6,44.86,126
2013-07-13,Cisco SPA525G2 IP Phone - Wireless,Technology,West,6,95.76,74
2013-07-15,Xerox 1914,Office Supplies,Central,5,219.84,104
2013-07-15,Acme Stainless Steel Office Snips,Office Supplies,East,2,11.63,203
2013-07-15,Newell 315,Office Supplies,East,7,41.86,48
2013-07-15,Ideal Clamps,Office Supplies,East,7,14.07,78
2013-07-15,Acco Hanging Data Binders,Office Supplies,East,3,9.14,184
2013-07-15,Acco Hot Clips Clips to Go,Office Supplies,East,9,29.61,222
2013-07-15,Howard Miller 13-3/4' Diameter Brushed Chrome Round Wall Clock,Furniture,South,1,51.75,240
2013-07-15,Panasonic Kx-TS550,Technology,West,3,110.38,249
2013-07-15,HP Standard 104 key PS/2 Keyboard,Technology,South,2,29.0,92
2013-07-15,Holmes 99% HEPA Air Purifier,Office Supplies,West,7,151.62,153
2013-07-15,LG Electronics Tone+ HBS-730 Bluetooth Headset,Technology,West,8,380.86,17
2013-07-15,GBC Standard Plastic Binding Systems Combs,Office Supplies,East,2,14.16,95
2013-07-15,Pressboard Data Binders by Wilson Jones,Office Supplies,East,2,8.54,213
2013-07-15,O'Sullivan 2-Door Barrister Bookcase in Odessa Pine,Furniture,East,4,579.14,37
2013-07-15,Cardinal Holdit Data Disk Pockets,Office Supplies,South,5,36.4,208
2013-07-15,"Personal Folder Holder, Ebony",Office Supplies,East,1,11.21,86
2013-07-15,Deflect-O Glasstique Clear Desk Accessories,Furniture,West,4,30.8,87
2013-07-15,Blue Parrot B250XT Professional Grade Wireless Bluetooth Headset with,Technology,Central,7,419.94,49
2013-07-16,Fiskars Home & Office Scissors,Office Supplies,West,5,44.4,7
2013-07-16,Bevis Steel Folding Chairs,Furniture,West,3,230.28,168
2013-07-16,Xerox 1909,Office Supplies,West,5,105.52,133
2013-07-17,Wilson Jones Turn Tabs Binder Tool for Ring Binders,Office Supplies,South,5,24.1,68
2013-07-17,Eberhard Faber 3 1/2' Golf Pencils,Office Supplies,South,3,22.32,171
2013-07-17,Poly String Tie Envelopes,Office Supplies,South,5,10.2,120
2013-07-17,Staples,Furniture,Central,3,9.55,63
2013-07-17,Southworth 25% Cotton Antique Laid Paper & Envelopes,Office Supplies,Central,3,20.02,156
2013-07-17,HP Office Paper (20Lb. and 87 Bright),Office Supplies,South,9,60.12,155
2013-07-17,Imation Secure Drive + Hardware Encrypted USB flash drive - 16 GB,Technology,South,2,75.98,138
2013-07-17,Acme Value Line Scissors,Office Supplies,East,2,5.84,120
2013-07-17,Recycled Pressboard Report Cover with Reinforced Top Hinge,Office Supplies,South,2,6.46,64
2013-07-17,GE 2-Jack Phone Line Splitter,Technology,East,4,494.38,106
2013-07-17,Mophie Juice Pack Helium for iPhone,Technology,East,3,143.98,146
2013-07-17,"Personal Filing Tote with Lid, Black/Gray",Office Supplies,Central,3,37.22,136
2013-07-18,Kensington 4 Outlet MasterPiece Compact Power Control Center,Office Supplies,East,2,162.64,154
2013-07-18,"Eaton Premium Continuous-Feed Paper, 25% Cotton, Letter Size, White, 1000 Shts/Box",Office Supplies,East,1,55.48,161
2013-07-18,Belkin F5C206VTEL 6 Outlet Surge,Office Supplies,East,2,45.96,171
2013-07-18,Bose SoundLink Bluetooth Speaker,Technology,East,3,597.0,195
2013-07-18,Tennsco 6- and 18-Compartment Lockers,Office Supplies,Central,1,265.17,99
2013-07-18,Strathmore Photo Frame Cards,Office Supplies,Central,3,21.93,81
2013-07-18,"Rediform Wirebound 'Phone Memo' Message Book, 11 x 5-3/4",Office Supplies,Central,1,7.64,142
2013-07-18,"Eldon 300 Class Desk Accessories, Black",Furniture,West,5,24.75,50
2013-07-18,Round Specialty Laser Printer Labels,Office Supplies,West,7,87.71,140
2013-07-18,Xerox 1993,Office Supplies,Central,8,51.84,82
2013-07-18,Eldon Image Series Black Desk Accessories,Furniture,West,3,12.42,176
2013-07-18,Carina 42'Hx23 3/4'W Media Storage Unit,Office Supplies,Central,3,242.94,197
2013-07-18,First Data TMFD35 PIN Pad,Technology,West,3,428.4,111
2013-07-18,Cyber Acoustics AC-202b Speech Recognition Stereo Headset,Technology,West,2,20.78,55
2013-07-18,Home/Office Personal File Carts,Office Supplies,West,2,69.52,203
2013-07-18,"Eldon Base for stackable storage shelf, platinum",Office Supplies,West,2,77.88,178
2013-07-18,"Pressboard Data Binder, Crimson, 12' X 8 1/2'",Office Supplies,West,3,12.82,164
2013-07-19,Hon Olson Stacker Stools,Furniture,South,1,140.81,144
2013-07-19,Hon GuestStacker Chair,Furniture,West,3,544.01,185
2013-07-19,Elite 5' Scissors,Office Supplies,West,5,33.8,214
2013-07-19,Hon 4700 Series Mobuis Mid-Back Task Chairs with Adjustable Arms,Furniture,West,3,854.35,217
2013-07-19,Newell 326,Office Supplies,East,8,11.26,156
2013-07-19,Steel Personal Filing/Posting Tote,Office Supplies,East,10,284.08,160
2013-07-19,Xerox 196,Office Supplies,East,4,18.5,59
2013-07-19,iHome FM Clock Radio with Lightning Dock,Technology,West,1,55.99,218
2013-07-19,Round Ring Binders,Office Supplies,West,3,1.87,216
2013-07-19,"Fellowes Strictly Business Drawer File, Letter/Legal Size",Office Supplies,West,3,338.04,119
2013-07-19,"Sauder Facets Collection Locker/File Cabinet, Sky Alder Finish",Office Supplies,West,2,593.57,182
2013-07-19,SanDisk Cruzer 4 GB USB Flash Drive,Technology,Central,3,15.58,137
2013-07-20,Avery Printable Repositionable Plastic Tabs,Office Supplies,South,1,8.6,174
2013-07-20,Xerox 1893,Office Supplies,South,6,245.94,22
2013-07-20,Rogers Deluxe File Chest,Office Supplies,South,4,87.92,212
2013-07-20,Logitech G35 7.1-Channel Surround Sound Headset,Technology,West,3,389.97,148
2013-07-20,Griffin GC36547 PowerJolt SE Lightning Charger,Technology,West,2,35.98,234
2013-07-20,"Premium Transparent Presentation Covers, No Pattern/Clear, 8 1/2' x 11'",Office Supplies,South,2,77.56,12
2013-07-20,"Advantus Employee of the Month Certificate Frame, 11 x 13-1/2",Furniture,South,6,185.58,100
2013-07-20,Hon 4-Shelf Metal Bookcases,Furniture,South,5,504.9,160
2013-07-21,invisibleSHIELD by ZAGG Smudge-Free Screen Protector,Technology,East,5,89.95,23
2013-07-22,Avery 494,Office Supplies,South,3,6.26,107
2013-07-22,Wilson Jones 1' Hanging DublLock Ring Binders,Office Supplies,East,7,11.09,10
2013-07-22,Safco Steel Mobile File Cart,Office Supplies,East,1,66.69,16
2013-07-22,Boston 16765 Mini Stand Up Battery Pencil Sharpener,Office Supplies,East,2,18.66,195
2013-07-22,"Fellowes Mobile File Cart, Black",Office Supplies,East,2,99.49,174
2013-07-22,"Leather Task Chair, Black",Furniture,South,5,363.92,24
2013-07-22,Self-Adhesive Removable Labels,Office Supplies,West,1,3.15,93
2013-07-22,Ames Color-File Green Diamond Border X-ray Mailers,Office Supplies,West,5,419.9,200
2013-07-22,GBC Instant Report Kit,Office Supplies,East,1,1.94,20
2013-07-23,"Fiskars 8' Scissors, 2/Pack",Office Supplies,West,5,86.2,83
2013-07-23,Xerox 192,Office Supplies,Central,5,32.4,210
2013-07-23,Belkin F9H710-06 7 Outlet SurgeMaster Surge Protector,Office Supplies,East,2,37.68,210
2013-07-23,"Eldon Stackable Tray, Side-Load, Legal, Smoke",Furniture,East,3,27.42,139
2013-07-23,Self-Adhesive Removable Labels,Office Supplies,West,2,6.3,36
2013-07-23,Avery Hi-Liter Smear-Safe Highlighters,Office Supplies,Central,5,29.2,41
2013-07-23,Wilson Jones Easy Flow II Sheet Lifters,Office Supplies,East,3,5.4,144
2013-07-23,Fellowes Staxonsteel Drawer Files,Office Supplies,Central,5,965.85,100
2013-07-23,Xerox 216,Office Supplies,East,8,51.84,245
2013-07-23,"Master Caster Door Stop, Large Neon Orange",Furniture,East,2,11.65,47
2013-07-23,Plantronics Audio 995 Wireless Stereo Headset,Technology,Central,1,109.95,102
2013-07-23,12 Colored Short Pencils,Office Supplies,East,2,4.16,27
2013-07-24,Xerox 231,Office Supplies,Central,1,5.18,40
2013-07-24,Newell 339,Office Supplies,Central,2,4.45,98
2013-07-24,Boston 1645 Deluxe Heavier-Duty Electric Pencil Sharpener,Office Supplies,Central,5,175.92,46
2013-07-24,"GBC Laser Imprintable Binding System Covers, Desert Sand",Office Supplies,Central,4,11.42,239
2013-07-24,Acme Elite Stainless Steel Scissors,Office Supplies,Central,2,13.34,145
2013-07-24,Zebra GX420t Direct Thermal/Thermal Transfer Printer,Technology,South,1,265.48,205
2013-07-24,"Holmes Replacement Filter for HEPA Air Cleaner, Large Room",Office Supplies,South,2,23.7,226
2013-07-24,Boston 16801 Nautilus Battery Pencil Sharpener,Office Supplies,South,2,35.22,235
2013-07-24,Storex Dura Pro Binders,Office Supplies,Central,4,4.75,104
2013-07-24,Griffin GC17055 Auxiliary Audio Cable,Technology,Central,8,115.14,123
2013-07-25,Office Star - Contemporary Swivel Chair with Padded Adjustable Arms and Flex Back,Furniture,East,2,253.76,198
2013-07-25,Panasonic KP-4ABK Battery-Operated Pencil Sharpener,Office Supplies,South,5,73.2,232
2013-07-26,DMI Arturo Collection Mission-style Design Wood Chair,Furniture,West,2,241.57,12
2013-07-26,Howard Miller 14-1/2' Diameter Chrome Round Wall Clock,Furniture,West,4,255.76,209
2013-07-26,Clear Mylar Reinforcing Strips,Office Supplies,West,8,119.62,228
2013-07-26,Quality Park Security Envelopes,Office Supplies,Central,1,20.94,140
2013-07-26,Deflect-O Glasstique Clear Desk Accessories,Furniture,West,9,69.3,99
2013-07-26,Newell 325,Office Supplies,West,9,37.17,30
2013-07-26,"Avery 3 1/2' Diskette Storage Pages, 10/Pack",Office Supplies,South,1,10.44,129
2013-07-26,Tripp Lite Isotel 6 Outlet Surge Protector with Fax/Modem Protection,Office Supplies,East,5,243.88,15
2013-07-26,"Office Impressions End Table, 20-1/2'H x 24'W x 20'D",Furniture,South,8,2430.08,136
2013-07-26,Hewlett Packard LaserJet 3310 Copier,Technology,East,4,1439.98,72
2013-07-26,"Eldon Expressions Desk Accessory, Wood Photo Frame, Mahogany",Furniture,Central,5,95.2,165
2013-07-26,Speediset Carbonless Redi-Letter 7' x 8 1/2',Office Supplies,Central,2,20.62,202
2013-07-26,OIC Binder Clips,Office Supplies,West,6,21.48,53
2013-07-26,Avery 493,Office Supplies,Central,4,15.71,183
2013-07-26,Advantus Motivational Note Cards,Office Supplies,South,5,65.5,213
2013-07-26,Akro Stacking Bins,Office Supplies,South,1,7.89,224
2013-07-26,Office Star Flex Back Scooter Chair with Aluminum Finish Frame,Furniture,Central,4,403.56,99
2013-07-26,LG Electronics Tone+ HBS-730 Bluetooth Headset,Technology,Central,5,297.55,108
2013-07-26,Memorex Froggy Flash Drive 8 GB,Technology,Central,7,124.25,86
2013-07-29,GBC Ibimaster 500 Manual ProClick Binding System,Office Supplies,East,6,1369.76,172
2013-07-29,Staples,Office Supplies,Central,7,20.44,236
2013-07-29,Xerox 1889,Office Supplies,Central,2,109.92,161
2013-07-29,Avery 495,Office Supplies,West,3,18.9,136
2013-07-29,"Safco Value Mate Series Steel Bookcases, Baked Enamel Finish on Steel, Gray",Furniture,East,5,177.45,215
2013-07-29,"Eldon Image Series Desk Accessories, Ebony",Furniture,Central,5,24.7,7
2013-07-29,"Tenex Chairmat w/ Average Lip, 45' x 53'",Furniture,Central,5,302.72,6
2013-07-29,"Hoover Replacement Belts For Soft Guard & Commercial Ltweight Upright Vacs, 2/Pk",Office Supplies,East,3,9.48,35
2013-07-30,"Avery Triangle Shaped Sheet Lifters, Black, 2/Pack",Office Supplies,South,3,2.21,17
2013-07-30,Fellowes High-Stak Drawer Files,Office Supplies,South,5,704.76,2
2013-07-30,"Premier Elliptical Ring Binder, Black",Office Supplies,South,3,27.4,27
2013-07-30,"Gould Plastics 9-Pocket Panel Bin, 18-3/8w x 5-1/4d x 20-1/2h, Black",Office Supplies,East,2,84.78,69
2013-07-31,Avery 498,Office Supplies,Central,4,9.25,235
2013-07-31,Tennsco 16-Compartment Lockers with Coat Rack,Office Supplies,Central,2,1036.62,171
2013-07-31,Hoover Shoulder Vac Commercial Portable Vacuum,Office Supplies,West,2,715.64,148
2013-07-31,GBC VeloBind Cover Sets,Office Supplies,Central,3,9.26,27
2013-08-01,Eldon ClusterMat Chair Mat with Cordless Antistatic Protection,Furniture,Central,3,272.94,231
2013-08-01,ClearOne Communications CHAT 70 OC Speaker Phone,Technology,Central,4,635.96,53
2013-08-01,Polycom SoundPoint Pro SE-225 Corded phone,Technology,Central,1,118.99,181
2013-08-01,Honeywell Quietcare HEPA Air Cleaner,Office Supplies,Central,4,283.14,64
2013-08-01,Laminate Occasional Tables,Furniture,West,7,863.13,99
2013-08-02,Apple iPhone 5,Technology,West,2,1039.73,20
2013-08-02,Staples,Office Supplies,Central,2,19.65,234
2013-08-02,Belkin F5C206VTEL 6 Outlet Surge,Office Supplies,West,2,45.96,226
2013-08-02,Eldon 500 Class Desk Accessories,Furniture,East,2,19.31,12
2013-08-03,XtraLife ClearVue Slant-D Ring Binders by Cardinal,Office Supplies,West,2,12.54,56
2013-08-03,Nortel Business Series Terminal T7208 Digital phone,Technology,West,3,333.58,48
2013-08-03,"Barricks Non-Folding Utility Table with Steel Legs, Laminate Tops",Furniture,West,2,136.46,117
2013-08-04,"Tyvek  Top-Opening Peel & Seel Envelopes, Plain White",Office Supplies,Central,3,81.54,53
2013-08-04,Sony Micro Vault Click 4 GB USB 2.0 Flash Drive,Technology,Central,12,167.28,137
2013-08-05,Wilson Jones Leather-Like Binders with DublLock Round Rings,Office Supplies,West,3,20.95,52
2013-08-05,Acme 10' Easy Grip Assistive Scissors,Office Supplies,South,2,35.06,43
2013-08-05,"Pressboard Covers with Storage Hooks, 9 1/2' x 11', Light Blue",Office Supplies,West,3,11.78,46
2013-08-05,Avery 476,Office Supplies,South,1,4.13,52
2013-08-05,Ibico Presentation Index for Binding Systems,Office Supplies,Central,5,3.98,73
2013-08-05,Advantus Panel Wall Certificate Holder - 8.5x11,Furniture,South,9,109.8,45
2013-08-05,Avery 478,Office Supplies,South,2,9.82,12
2013-08-05,Mitel 5320 IP Phone VoIP phone,Technology,West,2,302.38,164
2013-08-06,"Boston Model 1800 Electric Pencil Sharpener, Gray",Office Supplies,South,7,197.05,101
2013-08-07,Panasonic KX-TG6844B Expandable Digital Cordless Telephone,Technology,West,4,211.17,23
2013-08-07,"Dixon Prang Watercolor Pencils, 10-Color Set with Brush",Office Supplies,East,9,38.34,1
2013-08-07,Staples,Office Supplies,East,2,70.88,213
2013-08-08,Logitech Illuminated - Keyboard,Technology,West,3,179.97,80
2013-08-09,Xerox 1954,Office Supplies,Central,2,10.56,99
2013-08-09,Acco Hanging Data Binders,Office Supplies,West,5,15.24,141
2013-08-09,"Ink Jet Note and Greeting Cards, 8-1/2' x 5-1/2' Card Size",Office Supplies,Central,3,53.95,137
2013-08-09,Chromcraft 48' x 96' Racetrack Double Pedestal Table,Furniture,West,2,513.02,162
2013-08-09,"Alliance Super-Size Bands, Assorted Sizes",Office Supplies,South,3,23.34,152
2013-08-09,Kensington 4 Outlet MasterPiece Compact Power Control Center,Office Supplies,West,6,487.92,130
2013-08-09,OIC Bulk Pack Metal Binder Clips,Office Supplies,Central,4,11.17,110
2013-08-10,Avery Durable Slant Ring Binders,Office Supplies,South,5,11.88,101
2013-08-10,Tuff Stuff Recycled Round Ring Binders,Office Supplies,South,3,4.34,16
2013-08-10,Xerox 199,Office Supplies,South,9,30.82,11
2013-08-10,Kensington 7 Outlet MasterPiece Power Center,Office Supplies,South,4,569.54,181
2013-08-10,Apple EarPods with Remote and Mic,Technology,South,2,44.78,115
2013-08-12,Avery Hanging File Binders,Office Supplies,Central,7,41.86,23
2013-08-12,Xerox 202,Office Supplies,Central,5,32.4,28
2013-08-12,"Premium Transparent Presentation Covers, No Pattern/Clear, 8 1/2' x 11'",Office Supplies,Central,2,77.56,170
2013-08-13,Logitech diNovo Edge Keyboard,Technology,Central,7,1399.94,152
2013-08-13,Xerox 224,Office Supplies,Central,1,6.48,227
2013-08-13,Tennsco 6- and 18-Compartment Lockers,Office Supplies,East,6,1591.02,121
2013-08-13,Boston 16765 Mini Stand Up Battery Pencil Sharpener,Office Supplies,East,4,37.31,187
2013-08-13,Chromcraft Round Conference Tables,Furniture,East,2,209.15,89
2013-08-13,BPI Conference Tables,Furniture,South,7,562.29,229
2013-08-13,"Global Geo Office Task Chair, Gray",Furniture,East,2,145.76,64
2013-08-14,Staples,Office Supplies,South,2,17.34,83
2013-08-14,Premier Electric Letter Opener,Office Supplies,Central,2,185.38,118
2013-08-14,3.6 Cubic Foot Counter Height Office Refrigerator,Office Supplies,Central,1,58.92,155
2013-08-14,Sony 64GB Class 10 Micro SDHC R40 Memory Card,Technology,South,2,71.98,15
2013-08-14,Acco Translucent Poly Ring Binders,Office Supplies,South,8,11.23,174
2013-08-14,Avery Round Ring Poly Binders,Office Supplies,Central,3,8.52,208
2013-08-14,Alphabetical Labels for Top Tab Filing,Office Supplies,South,7,103.6,103
2013-08-14,O'Sullivan Living Dimensions 2-Shelf Bookcases,Furniture,Central,2,241.96,91
2013-08-14,Avery Heavy-Duty EZD  Binder With Locking Rings,Office Supplies,South,4,22.32,185
2013-08-14,Staples,Office Supplies,South,3,10.27,203
2013-08-15,Xerox 200,Office Supplies,South,3,15.55,26
2013-08-15,Texas Instruments TI-34 Scientific Calculator,Technology,West,6,105.55,245
2013-08-15,Plantronics Voyager Pro Legend,Technology,East,2,247.19,180
2013-08-15,Array Memo Cubes,Office Supplies,West,3,15.54,169
2013-08-15,Logitech G500s Laser Gaming Mouse with Adjustable Weight Tuning,Technology,East,5,279.96,186
2013-08-15,Cisco IP Phone 7961G-GE VoIP phone,Technology,East,2,259.9,174
2013-08-16,Premium Transparent Presentation Covers by GBC,Office Supplies,West,3,18.88,221
2013-08-16,Avery 488,Office Supplies,West,1,3.15,232
2013-08-16,Nokia Lumia 521 (T-Mobile),Technology,West,3,71.98,161
2013-08-16,Tripp Lite TLP810NET Broadband Surge for Modem/Fax,Office Supplies,West,3,122.33,164
2013-08-16,HTC One Mini,Technology,South,7,705.54,133
2013-08-16,AT&T 841000 Phone,Technology,West,3,165.6,134
2013-08-16,"Perma STOR-ALL Hanging File Box, 13 1/8'W x 12 1/4'D x 10 1/2'H",Office Supplies,West,3,17.94,223
2013-08-16,Luxo Professional Magnifying Clamp-On Fluorescent Lamps,Furniture,West,3,312.03,223
2013-08-16,Hon Olson Stacker Stools,Furniture,South,2,225.3,244
2013-08-16,"Rediform S.O.S. 1-Up Phone Message Bk, 4-1/4x3-1/16 Bk, 1 Form/Pg, 40 Messages/Bk, 3/Pk",Office Supplies,West,4,37.52,152
2013-08-17,Convenience Packs of Business Envelopes,Office Supplies,West,3,10.86,32
2013-08-17,Xerox 1931,Office Supplies,West,5,32.4,54
2013-08-17,Barricks 18' x 48' Non-Folding Utility Table with Bottom Storage Shelf,Furniture,West,2,161.28,185
2013-08-18,"Acco Pressboard Covers with Storage Hooks, 14 7/8' x 11', Light Blue",Office Supplies,West,4,15.71,6
2013-08-19,GE DSL Phone Line Filter,Technology,East,1,39.99,243
2013-08-19,OIC Stacking Trays,Furniture,Central,4,5.34,56
2013-08-19,Advantus Motivational Note Cards,Office Supplies,Central,8,83.84,125
2013-08-19,GBC Wire Binding Combs,Office Supplies,Central,1,2.07,11
2013-08-19,Staples,Furniture,Central,3,9.55,15
2013-08-19,Belkin 7 Outlet SurgeMaster II,Office Supplies,East,9,355.32,207
2013-08-20,Surelock Post Binders,Office Supplies,East,6,146.69,42
2013-08-20,"Cardinal HOLDit! Binder Insert Strips,Extra Strips",Office Supplies,East,5,25.32,116
2013-08-20,Ibico EB-19 Dual Function Manual Binding System,Office Supplies,East,2,276.78,227
2013-08-21,"SKILCRAFT Telephone Shoulder Rest, 2' x 6.5' x 2.5', Black",Technology,Central,2,14.78,204
2013-08-22,Avery Durable Slant Ring Binders With Label Holder,Office Supplies,West,10,33.44,134
2013-08-22,"Leather Task Chair, Black",Furniture,East,7,573.17,227
2013-08-22,Xerox 1928,Office Supplies,West,9,47.52,110
2013-08-22,Xerox 1997,Office Supplies,West,2,12.96,50
2013-08-22,Acme 10' Easy Grip Assistive Scissors,Office Supplies,South,2,28.05,200
2013-08-22,Avery Durable Slant Ring Binders,Office Supplies,West,2,12.67,159
2013-08-22,Motorola HK250 Universal Bluetooth Headset,Technology,West,5,91.96,74
2013-08-22,Logitech Gaming G510s - Keyboard,Technology,West,3,254.97,7
2013-08-22,Bretford CR8500 Series Meeting Room Furniture,Furniture,West,9,2887.06,224
2013-08-22,Anker Astro Mini 3000mAh Ultra-Compact Portable Charger,Technology,West,2,31.98,214
2013-08-22,Iceberg OfficeWorks 42' Round Tables,Furniture,East,9,815.29,216
2013-08-22,Avery 49,Office Supplies,South,4,9.22,247
2013-08-23,Avery Durable Poly Binders,Office Supplies,East,2,3.32,199
2013-08-23,Tripp Lite Isotel 8 Ultra 8 Outlet Metal Surge,Office Supplies,East,2,113.55,44
2013-08-23,Airmail Envelopes,Office Supplies,East,2,134.29,213
2013-08-23,Xerox 202,Office Supplies,West,3,19.44,58
2013-08-23,"GBC Standard Recycled Report Covers, Clear Plastic Sheets",Office Supplies,Central,2,4.31,131
2013-08-23,Dana Halogen Swing-Arm Architect Lamp,Furniture,West,3,98.33,103
2013-08-23,Newell 346,Office Supplies,West,2,5.76,194
2013-08-23,GBC Imprintable Covers,Office Supplies,West,8,26.35,156
2013-08-24,Acme Rosewood Handle Letter Opener,Office Supplies,West,4,15.88,232
2013-08-24,Office Star Flex Back Scooter Chair with White Frame,Furniture,West,6,532.7,156
2013-08-24,Xerox 1978,Office Supplies,West,6,34.68,97
2013-08-24,"Tyvek  Top-Opening Peel & Seel Envelopes, Plain White",Office Supplies,West,5,135.9,225
2013-08-24,Avery 515,Office Supplies,Central,3,37.59,155
2013-08-24,"Acco Six-Outlet Power Strip, 4' Cord Length",Office Supplies,West,5,43.1,204
2013-08-24,Maxell 4.7GB DVD+R 5/Pack,Technology,Central,2,1.98,78
2013-08-24,"Permanent Self-Adhesive File Folder Labels for Typewriters, 1 1/8 x 3 1/2, White",Office Supplies,Central,4,25.2,123
2013-08-24,Pizazz Global Quick File,Office Supplies,Central,1,14.97,214
2013-08-24,Okidata C331dn Printer,Technology,West,3,837.6,171
2013-08-24,WD My Passport Ultra 2TB Portable External Hard Drive,Technology,Central,7,666.4,217
2013-08-24,Flat Face Poster Frame,Furniture,Central,3,22.61,3
2013-08-24,SAFCO Boltless Steel Shelving,Office Supplies,Central,8,727.3,89
2013-08-24,"Dixon Prang Watercolor Pencils, 10-Color Set with Brush",Office Supplies,East,5,21.3,103
2013-08-24,1.7 Cubic Foot Compact 'Cube' Office Refrigerators,Office Supplies,East,5,1040.8,136
2013-08-24,Newell 331,Office Supplies,East,6,29.34,118
2013-08-27,Hon 4060 Series Tables,Furniture,Central,4,447.84,132
2013-08-27,ClearSounds CSC500 Amplified Spirit Phone Corded phone,Technology,Central,3,209.97,55
2013-08-27,NETGEAR AC1750 Dual Band Gigabit Smart WiFi Router,Technology,Central,3,479.97,95
2013-08-27,Newell 335,Office Supplies,Central,3,8.64,211
2013-08-27,Xerox 1950,Office Supplies,Central,2,11.56,177
2013-08-27,Xerox 1944,Office Supplies,South,1,31.01,74
2013-08-27,Advantus SlideClip Paper Clips,Office Supplies,West,3,10.23,142
2013-08-27,Xerox 1979,Office Supplies,West,5,154.9,31
2013-08-27,Logitech G700s Rechargeable Gaming Mouse,Technology,Central,2,159.98,27
2013-08-27,Newell Chalk Holder,Office Supplies,West,2,8.26,21
2013-08-27,Global Troy Executive Leather Low-Back Tilter,Furniture,West,4,1603.14,232
2013-08-27,Xerox 1931,Office Supplies,West,1,6.48,16
2013-08-27,Samsung Replacement EH64AVFWE Premium Headset,Technology,East,6,33.0,58
2013-08-27,Plantronics Audio 478 Stereo USB Headset,Technology,East,5,249.95,89
2013-08-27,Logitech Trackman Marble Mouse,Technology,East,2,47.98,235
2013-08-27,Hon Deluxe Fabric Upholstered Stacking Chairs,Furniture,Central,6,1024.72,198
2013-08-27,Deflect-o Glass Clear Studded Chair Mats,Furniture,South,3,186.54,105
2013-08-27,Memorex Micro Travel Drive 16 GB,Technology,Central,3,47.97,184
2013-08-27,Deluxe Heavy-Duty Vinyl Round Ring Binder,Office Supplies,East,8,146.69,25
2013-08-27,"Binney & Smith inkTank Erasable Pocket Highlighter, Chisel Tip, Yellow",Office Supplies,East,3,5.47,24
2013-08-28,Southworth 25% Cotton Linen-Finish Paper & Envelopes,Office Supplies,East,9,81.54,137
2013-08-28,Staples,Office Supplies,East,4,11.68,44
2013-08-28,"SAFCO PlanMaster Heigh-Adjustable Drafting Table Base, 43w x 30d x 30-37h, Black",Furniture,East,1,244.62,82
2013-08-28,"Wilson Jones Clip & Carry Folder Binder Tool for Ring Binders, Clear",Office Supplies,East,5,29.0,10
2013-08-28,PureGear Roll-On Screen Protector,Technology,East,3,59.97,204
2013-08-28,Xerox 1919,Office Supplies,East,3,122.97,180
2013-08-28,"Ampad Gold Fibre Wirebound Steno Books, 6' x 9', Gregg Ruled",Office Supplies,Central,1,3.53,199
2013-08-28,Avery 484,Office Supplies,South,4,9.22,103
2013-08-28,Xerox 196,Office Supplies,Central,1,4.62,67
2013-08-28,Southworth 25% Cotton Premium Laser Paper and Envelopes,Office Supplies,Central,5,79.92,238
2013-08-28,Portfile Personal File Boxes,Office Supplies,Central,1,14.16,94
2013-08-28,Martin-Yale Premier Letter Opener,Office Supplies,Central,5,51.52,155
2013-08-28,"Fiskars 8' Scissors, 2/Pack",Office Supplies,Central,4,55.17,202
2013-08-29,"Sauder Camden County Collection Libraries, Planked Cherry Finish",Furniture,Central,2,156.37,234
2013-08-29,GBC VeloBinder Strips,Office Supplies,East,8,18.43,64
2013-08-29,"Wirebound Four 2-3/4 x 5 Forms per Page, 400 Sets per Book",Office Supplies,West,3,15.48,48
2013-08-29,AT&T 17929 Lendline Telephone,Technology,West,3,108.58,174
2013-08-29,"Angle-D Binders with Locking Rings, Label Holders",Office Supplies,Central,9,13.14,51
2013-08-29,GBC ProClick Spines for 32-Hole Punch,Office Supplies,Central,4,10.02,101
2013-08-30,Revere Boxed Rubber Bands by Revere,Office Supplies,East,7,10.58,215
2013-08-30,Fellowes Black Plastic Comb Bindings,Office Supplies,East,2,3.49,181
2013-08-30,Avery Personal Creations Heavyweight Cards,Office Supplies,Central,7,64.62,187
2013-08-30,Samsung Replacement EH64AVFWE Premium Headset,Technology,East,4,22.0,56
2013-08-30,SanDisk Ultra 64 GB MicroSDHC Class 10 Memory Card,Technology,Central,3,95.98,46
2013-08-30,Avery Hidden Tab Dividers for Binding Systems,Office Supplies,Central,3,1.79,158
2013-08-30,O'Sullivan 5-Shelf Heavy-Duty Bookcases,Furniture,East,4,163.88,232
2013-08-30,Barricks 18' x 48' Non-Folding Utility Table with Bottom Storage Shelf,Furniture,East,4,241.92,173
2013-08-30,Acme Forged Steel Scissors with Black Enamel Handles,Office Supplies,East,3,27.93,241
2013-08-31,Panasonic KX TS3282W Corded phone,Technology,West,5,339.96,25
2013-08-31,Aastra 57i VoIP phone,Technology,East,3,290.9,240
2013-08-31,Executive Impressions 10' Spectator Wall Clock,Furniture,West,4,47.04,113
2013-08-31,GBC Premium Transparent Covers with Diagonal Lined Pattern,Office Supplies,East,6,37.76,4
2013-08-31,Hon 2090 Pillow Soft Series Mid Back Swivel/Tilt Chairs,Furniture,East,4,786.74,83
2013-08-31,Round Specialty Laser Printer Labels,Office Supplies,East,10,100.24,51
2013-08-31,"File Shuttle II and Handi-File, Black",Office Supplies,East,2,54.22,104
2013-09-01,Super Decoflex Portable Personal File,Office Supplies,Central,2,23.97,202
2013-09-02,Enermax Aurora Lite Keyboard,Technology,East,6,468.9,247
2013-09-02,Acme Value Line Scissors,Office Supplies,East,3,10.95,53
2013-09-02,Wilson Jones 1' Hanging DublLock Ring Binders,Office Supplies,Central,5,26.4,160
2013-09-02,Belkin Grip Candy Sheer Case / Cover for iPhone 5 and 5S,Technology,Central,1,8.78,177
2013-09-02,Globe Weis Peel & Seel First Class Envelopes,Office Supplies,West,1,12.78,165
2013-09-02,Sabrent 4-Port USB 2.0 Hub,Technology,East,1,6.79,154
2013-09-02,Wilson Jones Turn Tabs Binder Tool for Ring Binders,Office Supplies,Central,5,24.1,225
2013-09-02,Xerox 1881,Office Supplies,East,2,24.56,14
2013-09-02,Acco Hanging Data Binders,Office Supplies,East,1,3.05,223
2013-09-02,Xerox 1881,Office Supplies,East,4,49.12,60
2013-09-02,GBC DocuBind P400 Electric Binding System,Office Supplies,East,4,4355.17,121
2013-09-02,Memorex Mini Travel Drive 64 GB USB 2.0 Flash Drive,Technology,East,2,72.48,20
2013-09-02,Howard Miller 14-1/2' Diameter Chrome Round Wall Clock,Furniture,East,3,191.82,45
2013-09-02,Anker 36W 4-Port USB Wall Charger Travel Power Adapter for iPhone 5s 5c 5,Technology,East,2,23.99,196
2013-09-02,GBC Plastic Binding Combs,Office Supplies,Central,4,29.52,133
2013-09-02,"Eureka The Boss Plus 12-Amp Hard Box Upright Vacuum, Red",Office Supplies,Central,4,376.74,37
2013-09-02,Newell 315,Office Supplies,Central,2,11.96,61
2013-09-02,"Telephone Message Books with Fax/Mobile Section, 5 1/2' x 3 3/16'",Office Supplies,East,6,30.48,85
2013-09-02,"White Business Envelopes with Contemporary Seam, Recycled White Business Envelopes",Office Supplies,West,2,21.88,189
2013-09-02,Staples,Office Supplies,East,7,16.69,209
2013-09-03,Panasonic KP-150 Electric Pencil Sharpener,Office Supplies,East,2,75.48,77
2013-09-03,Logitech MX Performance Wireless Mouse,Technology,Central,5,159.56,201
2013-09-03,Belkin F9M820V08 8 Outlet Surge,Office Supplies,South,9,309.46,45
2013-09-03,Heavy-Duty E-Z-D Binders,Office Supplies,South,7,22.91,140
2013-09-03,Okidata C610n Printer,Technology,Central,3,1362.9,222
2013-09-03,Colored Push Pins,Office Supplies,Central,1,1.81,221
2013-09-03,"ACCOHIDE 3-Ring Binder, Blue, 1'",Office Supplies,Central,2,8.26,2
2013-09-03,Chromcraft Rectangular Conference Tables,Furniture,West,3,568.73,221
2013-09-03,Deflect-o DuraMat Antistatic Studded Beveled Mat for Medium Pile Carpeting,Furniture,Central,2,84.27,5
2013-09-03,Hewlett Packard 610 Color Digital Copier / Printer,Technology,West,2,999.98,92
2013-09-03,Rogers Deluxe File Chest,Office Supplies,Central,2,35.17,7
2013-09-03,Blackstonian Pencils,Office Supplies,West,7,18.69,171
2013-09-03,Cisco Unified IP Phone 7945G VoIP phone,Technology,West,4,1091.17,236
2013-09-03,Telescoping Adjustable Floor Lamp,Furniture,East,2,39.98,234
2013-09-03,Zebra Zazzle Fluorescent Highlighters,Office Supplies,South,4,19.46,107
2013-09-03,Plantronics Savi W720 Multi-Device Wireless Headset System,Technology,South,3,1012.68,160
2013-09-03,Hon Racetrack Conference Tables,Furniture,South,3,472.52,208
2013-09-03,"Global Leather Task Chair, Black",Furniture,West,3,215.98,239
2013-09-03,SpineVue Locking Slant-D Ring Binders by Cardinal,Office Supplies,West,1,7.31,74
2013-09-03,GBC Plasticlear Binding Covers,Office Supplies,South,5,17.22,76
2013-09-03,"Inter-Office Recycled Envelopes, Brown Kraft, Button-String,10' x 13' , 100/Box",Office Supplies,West,3,65.94,49
2013-09-03,"Acco PRESSTEX Data Binder with Storage Hooks, Dark Blue, 9 1/2' X 11'",Office Supplies,Central,8,8.61,10
2013-09-03,Ultra Door Pull Handle,Furniture,West,9,94.68,94
2013-09-03,Self-Adhesive Address Labels for Typewriters by Universal,Office Supplies,Central,5,29.24,155
2013-09-03,Akro Stacking Bins,Office Supplies,West,3,23.67,235
2013-09-03,"Tenex File Box, Personal Filing Tote with Lid, Black",Office Supplies,West,3,46.53,69
2013-09-04,GBC Ibimaster 500 Manual ProClick Binding System,Office Supplies,East,5,1141.47,168
2013-09-04,Cisco SPA301,Technology,East,3,280.78,15
2013-09-04,"Sauder Camden County Collection Libraries, Planked Cherry Finish",Furniture,East,3,344.94,67
2013-09-04,"Eldon Expressions Wood Desk Accessories, Oak",Furniture,East,2,14.76,98
2013-09-04,Heavy-Duty E-Z-D Binders,Office Supplies,South,8,87.28,47
2013-09-04,Crate-A-Files,Office Supplies,Central,5,54.5,183
2013-09-04,Tenex 'The Solids' Textured Chair Mats,Furniture,Central,3,83.95,63
2013-09-04,Acco Expandable Hanging Binders,Office Supplies,East,2,12.76,186
2013-09-04,Avery 486,Office Supplies,East,8,58.48,89
2013-09-04,"Wirebound Four 2-3/4 x 5 Forms per Page, 400 Sets per Book",Office Supplies,East,6,30.96,189
2013-09-04,"XtraLife ClearVue Slant-D Ring Binder, White, 3'",Office Supplies,Central,3,8.81,248
2013-09-04,"Safco Value Mate Steel Bookcase, Baked Enamel Finish on Steel, Black",Furniture,Central,4,198.74,75
2013-09-04,"Adams Phone Message Book, 200 Message Capacity, 8 1/16 x 11",Office Supplies,East,7,48.16,138
2013-09-05,"RSVP Cards & Envelopes, Blank White, 8-1/2' X 11', 24 Cards/25 Envelopes/Set",Office Supplies,South,3,12.19,100
2013-09-05,Canon PC1060 Personal Laser Copier,Technology,West,5,2799.96,88
2013-09-05,Belkin 5 Outlet SurgeMaster Power Centers,Office Supplies,South,2,87.17,17
2013-09-05,"6' Cubicle Wall Clock, Black",Furniture,West,3,24.27,18
2013-09-05,Prismacolor Color Pencil Set,Office Supplies,South,2,31.74,214
2013-09-05,Coloredge Poster Frame,Furniture,South,3,42.6,54
2013-09-05,Acme Preferred Stainless Steel Scissors,Office Supplies,East,4,22.72,101
2013-09-05,Poly Designer Cover & Back,Office Supplies,South,6,113.94,117
2013-09-05,Plastic Binding Combs,Office Supplies,East,5,60.6,209
2013-09-05,Howard Miller 16' Diameter Gallery Wall Clock,Furniture,East,1,63.94,153
2013-09-05,Nontoxic Chalk,Office Supplies,South,3,5.28,133
2013-09-05,Fellowes Neat Ideas Storage Cubes,Office Supplies,South,4,129.92,3
2013-09-05,Sony Micro Vault Click 16 GB USB 2.0 Flash Drive,Technology,Central,5,279.95,107
2013-09-05,Staples,Office Supplies,Central,2,16.56,114
2013-09-05,"Hot File 7-Pocket, Floor Stand",Office Supplies,Central,3,535.41,28
2013-09-05,"BOSTON Ranger #55 Pencil Sharpener, Black",Office Supplies,Central,3,62.38,58
2013-09-05,Faber Castell Col-Erase Pencils,Office Supplies,Central,1,3.91,124
2013-09-05,Xerox 1886,Office Supplies,South,5,239.5,97
2013-09-06,Panasonic KP-380BK Classic Electric Pencil Sharpener,Office Supplies,Central,3,107.94,16
2013-09-06,"LF Elite 3D Dazzle Designer Hard Case Cover, Lf Stylus Pen and Wiper For Apple Iphone 5c Mini Lite",Technology,East,4,43.6,106
2013-09-06,"Wilson Jones Ledger-Size, Piano-Hinge Binder, 2', Blue",Office Supplies,South,7,86.06,42
2013-09-06,Nortel Networks T7316 E Nt8 B27,Technology,South,2,108.78,244
2013-09-06,Xerox 1971,Office Supplies,South,3,10.27,79
2013-09-06,HP Standard 104 key PS/2 Keyboard,Technology,West,8,116.0,193
2013-09-06,Staples,Office Supplies,South,3,23.47,161
2013-09-06,Advantus Map Pennant Flags and Round Head Tacks,Office Supplies,Central,9,28.44,246
2013-09-06,Avery 520,Office Supplies,Central,7,22.05,7
2013-09-06,"C-Line Peel & Stick Add-On Filing Pockets, 8-3/4 x 5-1/8, 10/Pack",Office Supplies,East,5,9.56,140
2013-09-06,Xerox 1885,Office Supplies,East,4,192.16,105
2013-09-06,"Global Task Chair, Black",Furniture,East,2,71.25,7
2013-09-06,Avery 50,Office Supplies,South,2,25.06,221
2013-09-06,Chromcraft Bull-Nose Wood 48' x 96' Rectangular Conference Tables,Furniture,South,3,1652.94,95
2013-09-06,Newell 329,Office Supplies,East,3,7.87,227
2013-09-06,Global Comet Stacking Arm Chair,Furniture,East,3,887.27,238
2013-09-06,"Global Push Button Manager's Chair, Indigo",Furniture,East,2,85.25,93
2013-09-06,Advantus Push Pins,Office Supplies,West,2,4.36,64
2013-09-06,Pressboard Hanging Data Binders for Unburst Sheets,Office Supplies,East,6,8.86,170
2013-09-06,"Angle-D Binders with Locking Rings, Label Holders",Office Supplies,West,2,11.68,38
2013-09-06,Recycled Easel Ring Binders,Office Supplies,East,2,8.95,80
2013-09-06,"Eureka The Boss Plus 12-Amp Hard Box Upright Vacuum, Red",Office Supplies,Central,3,62.79,186
2013-09-06,Office Star - Ergonomically Designed Knee Chair,Furniture,Central,3,242.94,83
2013-09-06,"6' Cubicle Wall Clock, Black",Furniture,East,9,58.25,87
2013-09-06,Eldon Mobile Mega Data Cart  Mega Stackable  Add-On Trays,Office Supplies,Central,3,70.95,241
2013-09-06,Xerox 202,Office Supplies,Central,5,25.92,85
2013-09-06,Staples,Office Supplies,Central,8,15.81,92
2013-09-06,Geemarc AmpliPOWER60,Technology,Central,3,278.4,85
2013-09-06,Xerox 1930,Office Supplies,Central,2,10.37,43
2013-09-06,"Eldon Base for stackable storage shelf, platinum",Office Supplies,Central,3,93.46,136
2013-09-06,Xerox 196,Office Supplies,Central,2,9.25,164
2013-09-06,"Xerox Color Copier Paper, 11' x 17', Ream",Office Supplies,Central,4,91.36,73
2013-09-06,Executive Impressions 12' Wall Clock,Furniture,Central,3,21.2,35
2013-09-06,Howard Miller 13-3/4' Diameter Brushed Chrome Round Wall Clock,Furniture,East,2,82.8,100
2013-09-06,14-7/8 x 11 Blue Bar Computer Printout Paper,Office Supplies,West,2,96.08,219
2013-09-06,"Situations Contoured Folding Chairs, 4/Set",Furniture,Central,7,347.8,155
2013-09-06,Aluminum Document Frame,Furniture,Central,1,12.22,169
2013-09-06,Fellowes Bankers Box Staxonsteel Drawer File/Stacking System,Office Supplies,Central,3,194.94,170
2013-09-07,Pressboard Data Binders by Wilson Jones,Office Supplies,South,2,3.2,212
2013-09-07,"Blue String-Tie & Button Interoffice Envelopes, 10 x 13",Office Supplies,South,3,95.95,215
2013-09-07,AT&T CL83451 4-Handset Telephone,Technology,Central,2,329.58,169
2013-09-07,"Atlantic Metals Mobile 5-Shelf Bookcases, Custom Colors",Furniture,East,3,722.35,103
2013-09-07,Advantus Motivational Note Cards,Office Supplies,Central,4,41.92,65
2013-09-07,Maxell 4.7GB DVD+RW 3/Pack,Technology,East,2,31.86,54
2013-09-07,"Tenex Personal Project File with Scoop Front Design, Black",Office Supplies,Central,1,10.78,199
2013-09-07,Fellowes Basic Home/Office Series Surge Protectors,Office Supplies,Central,6,77.88,175
2013-09-09,Eberhard Faber 3 1/2' Golf Pencils,Office Supplies,West,2,14.88,90
2013-09-09,"Bush Westfield Collection Bookcases, Dark Cherry Finish",Furniture,East,3,173.94,21
2013-09-09,"Riverside Palais Royal Lawyers Bookcase, Royale Cherry Finish",Furniture,Central,4,2396.27,100
2013-09-09,Avery 52,Office Supplies,East,4,14.76,154
2013-09-09,Contico 72'H Heavy-Duty Storage System,Office Supplies,Central,4,131.14,120
2013-09-09,Boston 1645 Deluxe Heavier-Duty Electric Pencil Sharpener,Office Supplies,Central,2,70.37,92
2013-09-09,"Belkin SportFit Armband For iPhone 5s/5c, Fuchsia",Technology,Central,5,59.96,194
2013-09-09,Sony 64GB Class 10 Micro SDHC R40 Memory Card,Technology,Central,2,57.58,107
2013-09-09,Howard Miller 11-1/2' Diameter Grantwood Wall Clock,Furniture,West,1,43.13,140
2013-09-09,Xerox 1900,Office Supplies,West,8,34.24,172
2013-09-09,Premium Transparent Presentation Covers by GBC,Office Supplies,West,4,67.14,9
2013-09-09,Super Decoflex Portable Personal File,Office Supplies,Central,3,35.95,227
2013-09-09,"Lesro Round Back Collection Coffee Table, End Table",Furniture,West,1,146.04,8
2013-09-09,"Mini 13-1/2 Capacity Data Binder Rack, Pearl",Office Supplies,West,2,261.74,181
2013-09-09,Kensington 7 Outlet MasterPiece Power Center with Fax/Phone Line Protection,Office Supplies,East,1,207.48,247
2013-09-09,Executive Impressions 12' Wall Clock,Furniture,Central,2,14.14,246
2013-09-09,Bretford CR8500 Series Meeting Room Furniture,Furniture,Central,3,601.47,154
2013-09-09,Memorex Froggy Flash Drive 4 GB,Technology,South,4,35.17,33
2013-09-09,Petty Cash Envelope,Office Supplies,South,3,64.7,242
2013-09-09,"Ampad Gold Fibre Wirebound Steno Books, 6' x 9', Gregg Ruled",Office Supplies,West,7,30.87,128
2013-09-09,"Square Ring Data Binders, Rigid 75 Pt. Covers, 11' x 14-7/8'",Office Supplies,West,2,33.02,159
2013-09-10,Cardinal EasyOpen D-Ring Binders,Office Supplies,East,2,14.62,88
2013-09-10,"Eldon Expressions Punched Metal & Wood Desk Accessories, Black & Cherry",Furniture,Central,4,15.01,92
2013-09-10,VariCap6 Expandable Binder,Office Supplies,West,4,55.36,70
2013-09-11,Avery 487,Office Supplies,West,2,7.38,240
2013-09-11,Storex Dura Pro Binders,Office Supplies,West,3,14.26,66
2013-09-11,Polycom VVX 310 VoIP phone,Technology,Central,5,719.96,211
2013-09-11,"Boston Model 1800 Electric Pencil Sharpener, Gray",Office Supplies,South,3,67.56,147
2013-09-11,KI Adjustable-Height Table,Furniture,Central,5,300.93,116
2013-09-11,Xerox 1945,Office Supplies,West,2,81.98,93
2013-09-11,JM Magazine Binder,Office Supplies,West,3,39.62,162
2013-09-11,Ibico EB-19 Dual Function Manual Binding System,Office Supplies,West,2,276.78,98
2013-09-11,"Wirebound Message Books, Four 2 3/4 x 5 White Forms per Page",Office Supplies,East,1,6.69,112
2013-09-11,Acco Perma 2700 Stacking Storage Drawers,Office Supplies,East,2,59.48,102
2013-09-11,Geemarc AmpliPOWER60,Technology,South,7,519.68,90
2013-09-12,"Wirebound Message Books, Two 4 1/4' x 5' Forms per Page",Office Supplies,West,1,7.61,89
2013-09-12,Canon PC-428 Personal Copier,Technology,South,8,1599.92,205
2013-09-12,GBC Standard Therm-A-Bind Covers,Office Supplies,West,2,39.87,16
2013-09-12,Logitech P710e Mobile Speakerphone,Technology,West,13,3347.37,17
2013-09-12,GBC Standard Therm-A-Bind Covers,Office Supplies,East,3,22.43,172
2013-09-12,Staples,Office Supplies,East,5,37.52,115
2013-09-12,Cameo Buff Policy Envelopes,Office Supplies,Central,2,99.57,92
2013-09-12,Smead Alpha-Z Color-Coded Name Labels First Letter Starter Set,Office Supplies,Central,2,6.0,211
2013-09-12,Insertable Tab Indexes For Data Binders,Office Supplies,Central,3,1.91,180
2013-09-12,#10 Self-Seal White Envelopes,Office Supplies,South,1,11.09,90
2013-09-12,Great White Multi-Use Recycled Paper (20Lb. and 84 Bright),Office Supplies,West,2,9.57,81
2013-09-12,"Stur-D-Stor Shelving, Vertical 5-Shelf: 72'H x 36'W x 18 1/2'D",Office Supplies,West,3,332.94,67
2013-09-12,Xerox 1972,Office Supplies,East,2,8.45,192
2013-09-12,Cisco 8x8 Inc. 6753i IP Business Phone System,Technology,East,9,728.95,113
2013-09-12,Xerox 1976,Office Supplies,West,4,20.74,0
2013-09-12,"Crayola Anti Dust Chalk, 12/Pack",Office Supplies,West,2,2.91,57
2013-09-12,Plantronics Encore H101 Dual Earpieces Headset,Technology,Central,5,224.75,153
2013-09-13,"DAX Contemporary Wood Frame with Silver Metal Mat, Desktop, 11 x 14 Size",Furniture,East,2,40.48,108
2013-09-13,"Global Stack Chair without Arms, Black",Furniture,West,4,83.14,147
2013-09-13,Lunatik TT5L-002 Taktik Strike Impact Protection System for iPhone 5,Technology,West,3,146.95,115
2013-09-13,Avery 509,Office Supplies,West,3,6.26,86
2013-09-13,Xerox 1991,Office Supplies,Central,3,68.52,9
2013-09-13,"Eldon Expressions Desk Accessory, Wood Photo Frame, Mahogany",Furniture,West,1,15.23,58
2013-09-13,Hon 4070 Series Pagoda Armless Upholstered Stacking Chairs,Furniture,West,2,466.77,202
2013-09-13,Imation 30456 USB Flash Drive 8GB,Technology,South,3,20.7,40
2013-09-13,C-Line Cubicle Keepers Polyproplyene Holder With Velcro Backings,Furniture,West,4,15.14,104
2013-09-13,OIC Bulk Pack Metal Binder Clips,Office Supplies,West,3,10.47,132
2013-09-13,Hon Olson Stacker Chairs,Furniture,South,4,1059.12,121
2013-09-13,Staples,Office Supplies,South,3,11.34,192
2013-09-13,"Rogers Jumbo File, Granite",Office Supplies,South,5,67.9,144
2013-09-13,Avery 487,Office Supplies,West,3,11.07,21
2013-09-13,GBC Instant Report Kit,Office Supplies,West,4,20.7,97
2013-09-14,"Electrix Architect's Clamp-On Swing Arm Lamp, Black",Furniture,Central,14,1336.44,247
2013-09-14,Things To Do Today Pad,Office Supplies,Central,3,17.61,236
2013-09-14,Elite 5' Scissors,Office Supplies,Central,2,16.9,168
2013-09-14,"BlueLounge Milo Smartphone Stand, White/Metallic",Technology,Central,5,149.95,220
2013-09-14,Avery 49,Office Supplies,Central,5,14.4,67
2013-09-14,"Fellowes Mobile File Cart, Black",Office Supplies,Central,6,373.08,196
2013-09-14,Mediabridge Sport Armband iPhone 5s,Technology,Central,3,29.97,138
2013-09-14,"Rogers Jumbo File, Granite",Office Supplies,Central,3,40.74,55
2013-09-14,Harmony Air Purifier,Office Supplies,Central,2,378.0,178
2013-09-14,"Adams Telephone Message Book W/Dividers/Space For Phone Numbers, 5 1/4'X8 1/2', 300/Messages",Office Supplies,Central,3,17.64,148
2013-09-15,Xerox 224,Office Supplies,South,4,25.92,98
2013-09-15,Wi-Ex zBoost YX540 Cellular Phone Signal Booster,Technology,East,3,437.85,75
2013-09-15,GBC DocuBind 200 Manual Binding Machine,Office Supplies,East,2,673.57,25
2013-09-16,Xerox 1968,Office Supplies,East,1,5.34,114
2013-09-16,"Cardinal Slant-D Ring Binder, Heavy Gauge Vinyl",Office Supplies,West,7,48.66,146
2013-09-16,Bretford Rectangular Conference Table Tops,Furniture,West,3,1128.39,108
2013-09-16,"TOPS 'Important Message' Pads, Canary, 4-1/4 x 5-1/2, 50 Sheets per Pad",Office Supplies,West,5,21.4,187
2013-09-16,GBC DocuBind 300 Electric Binding Machine,Office Supplies,East,2,841.57,198
2013-09-16,SANFORD Major Accent Highlighters,Office Supplies,West,5,35.4,46
2013-09-16,Avery Heavy-Duty EZD View Binder with Locking Rings,Office Supplies,West,4,20.42,246
2013-09-17,"Sauder Forest Hills Library with Doors, Woodland Oak Finish",Furniture,West,2,273.67,70
2013-09-17,"Eureka Sanitaire  Multi-Pro Heavy-Duty Upright, Disposable Bags",Office Supplies,West,4,17.48,153
2013-09-17,Xerox 1966,Office Supplies,West,2,12.96,39
2013-09-17,"Global Value Mid-Back Manager's Chair, Gray",Furniture,South,2,121.78,132
2013-09-18,"C-Line Magnetic Cubicle Keepers, Clear Polypropylene",Furniture,East,3,14.82,148
2013-09-18,Safco Industrial Shelving,Office Supplies,East,5,295.4,205
2013-09-18,Sanford Liquid Accent Highlighters,Office Supplies,Central,5,33.4,131
2013-09-18,Howard Miller 14-1/2' Diameter Chrome Round Wall Clock,Furniture,East,3,191.82,22
2013-09-18,"C-Line Cubicle Keepers Polyproplyene Holder w/Velcro Back, 8-1/2x11, 25/Bx",Furniture,East,2,109.48,105
2013-09-18,Avery 481,Office Supplies,West,4,12.32,83
2013-09-18,Xerox 1995,Office Supplies,West,1,6.48,142
2013-09-18,Panasonic Kx-TS550,Technology,West,2,73.58,241
2013-09-18,Turquoise Lead Holder with Pocket Clip,Office Supplies,West,3,20.1,115
2013-09-18,Wi-Ex zBoost YX540 Cellular Phone Signal Booster,Technology,East,3,437.85,108
2013-09-18,Lexmark X 9575 Professional All-in-One Color Printer,Technology,South,4,396.0,220
2013-09-18,Harbour Creations 67200 Series Stacking Chairs,Furniture,West,2,113.89,135
2013-09-18,Avery Arch Ring Binders,Office Supplies,East,5,232.4,40
2013-09-18,Clarity 53712,Technology,West,2,105.58,111
2013-09-19,DAX Two-Tone Silver Metal Document Frame,Furniture,East,3,60.72,146
2013-09-19,Avery 480,Office Supplies,South,1,3.0,111
2013-09-19,Chromcraft Round Conference Tables,Furniture,South,4,383.44,102
2013-09-19,Avery Binding System Hidden Tab Executive Style Index Sets,Office Supplies,East,1,4.62,45
2013-09-19,Global Troy Executive Leather Low-Back Tilter,Furniture,West,2,801.57,155
2013-09-19,Xerox 1945,Office Supplies,West,9,368.91,237
2013-09-19,Global Leather Executive Chair,Furniture,East,2,631.78,248
2013-09-19,"Global High-Back Leather Tilter, Burgundy",Furniture,West,9,885.53,218
2013-09-19,Tennsco Double-Tier Lockers,Office Supplies,South,4,900.08,67
2013-09-19,Southworth Parchment Paper & Envelopes,Office Supplies,South,2,13.08,121
2013-09-19,Office Star - Professional Matrix Back Chair with 2-to-1 Synchro Tilt and Mesh Fabric Seat,Furniture,South,1,350.98,14
2013-09-19,"Situations Contoured Folding Chairs, 4/Set",Furniture,East,2,99.37,226
2013-09-19,Eldon Pizzaz Desk Accessories,Furniture,East,3,5.35,164
2013-09-19,Polycom CX300 Desktop Phone USB VoIP phone,Technology,West,2,239.98,128
2013-09-19,"Eldon Spacemaker Box, Quick-Snap Lid, Clear",Office Supplies,East,1,2.67,194
2013-09-20,"Hot File 7-Pocket, Floor Stand",Office Supplies,East,9,1606.23,110
2013-09-20,"Adams Telephone Message Book W/Dividers/Space For Phone Numbers, 5 1/4'X8 1/2', 200/Messages",Office Supplies,East,3,17.04,23
2013-09-20,JM Magazine Binder,Office Supplies,East,3,49.53,26
2013-09-20,"Lifetime Advantage Folding Chairs, 4/Carton",Furniture,East,4,872.32,39
2013-09-20,"Xerox Color Copier Paper, 11' x 17', Ream",Office Supplies,West,7,159.88,190
2013-09-20,Home/Office Personal File Carts,Office Supplies,East,2,69.52,188
2013-09-20,Kleencut Forged Office Shears by Acme United Corporation,Office Supplies,West,3,6.24,163
2013-09-20,Global Troy Executive Leather Low-Back Tilter,Furniture,Central,2,701.37,225
2013-09-20,Storex DuraTech Recycled Plastic Frosted Binders,Office Supplies,East,6,25.44,220
2013-09-20,Logitech Wireless Marathon Mouse M705,Technology,South,5,249.95,23
2013-09-20,Letter Slitter,Office Supplies,South,2,5.04,23
2013-09-20,Avery Binding System Hidden Tab Executive Style Index Sets,Office Supplies,Central,2,2.31,233
2013-09-20,Nu-Dell Oak Frame,Furniture,East,3,25.63,3
2013-09-20,Avery Heavy-Duty EZD  Binder With Locking Rings,Office Supplies,West,2,8.93,66
2013-09-20,Cardinal Holdit Business Card Pockets,Office Supplies,West,3,11.95,33
2013-09-20,Acme Forged Steel Scissors with Black Enamel Handles,Office Supplies,East,3,27.93,184
2013-09-21,Fellowes PB200 Plastic Comb Binding Machine,Office Supplies,West,2,271.98,176
2013-09-21,Newell 343,Office Supplies,West,4,11.76,214
2013-09-21,Xerox 1944,Office Supplies,West,2,77.52,180
2013-09-21,Honeywell Quietcare HEPA Air Cleaner,Office Supplies,East,5,393.25,247
2013-09-21,O'Sullivan 5-Shelf Heavy-Duty Bookcases,Furniture,West,2,163.88,115
2013-09-21,"Global High-Back Leather Tilter, Burgundy",Furniture,South,1,98.39,22
2013-09-21,GBC Poly Designer Binding Covers,Office Supplies,Central,5,83.7,108
2013-09-21,Ibico Plastic Spiral Binding Combs,Office Supplies,West,2,48.64,68
2013-09-21,Dana Swing-Arm Lamps,Furniture,South,2,17.09,94
2013-09-21,Strathmore Photo Frame Cards,Office Supplies,West,9,65.79,180
2013-09-23,Xerox 1895,Office Supplies,Central,6,35.88,61
2013-09-23,Aluminum Document Frame,Furniture,West,7,68.43,168
2013-09-23,Newell 348,Office Supplies,East,3,7.87,56
2013-09-23,G.E. Longer-Life Indoor Recessed Floodlight Bulbs,Furniture,South,2,13.28,248
2013-09-23,"Blue String-Tie & Button Interoffice Envelopes, 10 x 13",Office Supplies,East,2,63.97,187
2013-09-23,"Avery Address/Shipping Labels for Typewriters, 4' x 2'",Office Supplies,South,2,16.56,53
2013-09-23,PayAnywhere Card Reader,Technology,South,8,63.94,69
2013-09-23,Berol Giant Pencil Sharpener,Office Supplies,South,3,40.78,100
2013-09-23,Avery 476,Office Supplies,East,5,16.52,56
2013-09-23,Acco Suede Grain Vinyl Round Ring Binder,Office Supplies,South,9,7.51,137
2013-09-23,"DAX Two-Tone Rosewood/Black Document Frame, Desktop, 5 x 7",Furniture,Central,2,18.96,167
2013-09-23,"Sortfiler Multipurpose Personal File Organizer, Black",Office Supplies,East,6,128.34,134
2013-09-23,Panasonic KX TS208W Corded phone,Technology,Central,2,97.98,102
2013-09-23,"RSVP Cards & Envelopes, Blank White, 8-1/2' X 11', 24 Cards/25 Envelopes/Set",Office Supplies,Central,7,35.56,165
2013-09-24,"Eldon 400 Class Desk Accessories, Black Carbon",Furniture,East,4,28.0,84
2013-09-24,Fellowes Black Plastic Comb Bindings,Office Supplies,East,7,12.2,60
2013-09-24,Acme Design Stainless Steel Bent Scissors,Office Supplies,West,2,13.68,211
2013-09-24,Global Deluxe Steno Chair,Furniture,West,3,184.75,2
2013-09-24,"ACCOHIDE 3-Ring Binder, Blue, 1'",Office Supplies,West,4,13.22,127
2013-09-24,"Rubbermaid ClusterMat Chairmats, Mat Size- 66' x 60', Lip 20' x 11' -90 Degree Angle",Furniture,East,6,532.7,178
2013-09-24,Xerox 1970,Office Supplies,East,3,11.95,85
2013-09-24,"Dixon Ticonderoga Maple Cedar Pencil, #2",Office Supplies,East,2,4.91,46
2013-09-24,Poly String Tie Envelopes,Office Supplies,West,2,4.08,195
2013-09-24,Hon Mobius Operator's Chair,Furniture,South,3,368.97,219
2013-09-24,Eldon Mobile Mega Data Cart  Mega Stackable  Add-On Trays,Office Supplies,South,5,118.25,75
2013-09-24,Avery 51,Office Supplies,West,3,18.9,37
2013-09-24,Staples,Office Supplies,East,7,10.53,242
2013-09-25,Xerox 232,Office Supplies,Central,1,6.48,163
2013-09-25,GBC ProClick 150 Presentation Binding System,Office Supplies,Central,7,442.37,238
2013-09-25,"Tyvek Interoffice Envelopes, 9 1/2' x 12 1/2', 100/Box",Office Supplies,West,5,304.9,168
2013-09-25,Office Star - Contemporary Task Swivel Chair,Furniture,East,2,155.37,196
2013-09-25,Hon Olson Stacker Stools,Furniture,West,5,563.24,140
2013-09-25,Electrix 20W Halogen Replacement Bulb for Zoom-In Desk Lamp,Furniture,West,2,21.44,86
2013-09-25,Sensible Storage WireTech Storage Systems,Office Supplies,West,9,511.06,57
2013-09-25,Nu-Dell Executive Frame,Furniture,West,5,63.2,49
2013-09-25,"Deflect-o DuraMat Lighweight, Studded, Beveled Mat for Low Pile Carpeting",Furniture,Central,3,127.95,29
2013-09-25,"REDIFORM Incoming/Outgoing Call Register, 11' X 8 1/2', 100 Messages",Office Supplies,West,5,41.7,189
2013-09-25,"Tennsco Lockers, Gray",Office Supplies,West,2,41.96,100
2013-09-25,Avery Heavy-Duty EZD View Binder with Locking Rings,Office Supplies,Central,1,6.38,24
2013-09-26,BIC Brite Liner Highlighters,Office Supplies,West,4,16.56,111
2013-09-26,GBC Poly Designer Binding Covers,Office Supplies,West,1,5.02,154
2013-09-26,Avery 499,Office Supplies,Central,4,15.94,178
2013-09-26,Logitech Wireless Headset h800,Technology,Central,5,499.95,205
2013-09-26,"Atlantic Metals Mobile 4-Shelf Bookcases, Custom Colors",Furniture,West,2,477.67,184
2013-09-26,"SAFCO Commercial Wire Shelving, Black",Office Supplies,East,3,331.54,125
2013-09-26,Hoover Shoulder Vac Commercial Portable Vacuum,Office Supplies,East,1,286.26,239
2013-09-26,"Global Fabric Manager's Chair, Dark Gray",Furniture,Central,2,201.96,122
2013-09-26,Manco Dry-Lighter Erasable Highlighter,Office Supplies,Central,1,3.04,46
2013-09-26,Eldon Expressions Mahogany Wood Desk Collection,Furniture,Central,11,68.64,117
2013-09-26,Eldon Gobal File Keepers,Office Supplies,East,2,24.22,227
2013-09-26,Bevis Boat-Shaped Conference Table,Furniture,West,3,393.16,38
2013-09-26,"REDIFORM Incoming/Outgoing Call Register, 11' X 8 1/2', 100 Messages",Office Supplies,West,9,60.05,15
2013-09-26,"Ampad Evidence Wirebond Steno Books, 6' x 9'",Office Supplies,West,5,10.9,247
2013-09-26,"SmartStand Mobile Device Holder, Assorted Colors",Technology,West,8,44.74,21
2013-09-26,Canon PC-428 Personal Copier,Technology,West,3,479.98,212
2013-09-26,Newell 346,Office Supplies,West,2,5.76,53
2013-09-26,Alphabetical Labels for Top Tab Filing,Office Supplies,West,2,29.6,148
2013-09-26,Avery 513,Office Supplies,West,1,4.98,199
2013-09-26,"Global Airflow Leather Mesh Back Chair, Black",Furniture,West,4,483.14,240
2013-09-27,Micro Innovations USB RF Wireless Keyboard with Mouse,Technology,West,4,100.0,15
2013-09-27,Ibico Recycled Linen-Style Covers,Office Supplies,Central,2,15.62,58
2013-09-27,High-Back Leather Manager's Chair,Furniture,Central,5,454.96,246
2013-09-27,Belkin 7 Outlet SurgeMaster II,Office Supplies,West,6,236.88,30
2013-09-27,Hoover Commercial Lightweight Upright Vacuum with E-Z Empty Dirt Cup,Office Supplies,Central,2,93.03,169
2013-09-27,GBC Recycled VeloBinder Covers,Office Supplies,Central,2,6.82,201
2013-09-27,Hammermill Color Copier Paper (28Lb. and 96 Bright),Office Supplies,Central,1,9.99,31
2013-09-27,Bestar Classic Bookcase,Furniture,West,5,424.96,186
2013-09-27,Logitech VX Revolution Cordless Laser Mouse for Notebooks (Black),Technology,South,3,431.98,161
2013-09-27,Great White Multi-Use Recycled Paper (20Lb. and 84 Bright),Office Supplies,West,5,29.9,8
2013-09-27,SANFORD Major Accent Highlighters,Office Supplies,West,5,35.4,208
2013-09-27,Avery 494,Office Supplies,West,3,7.83,138
2013-09-27,Advantus Rolling Storage Box,Office Supplies,West,3,51.45,223
2013-09-27,Universal Premium White Copier/Laser Paper (20Lb. and 87 Bright),Office Supplies,West,5,29.9,9
2013-09-27,Hon 4700 Series Mobuis Mid-Back Task Chairs with Adjustable Arms,Furniture,Central,3,747.56,213
2013-09-27,Staples,Office Supplies,Central,2,8.93,248
2013-09-27,Xerox 1905,Office Supplies,West,2,12.96,16
2013-09-28,"Binney & Smith Crayola Metallic Colored Pencils, 8-Color Set",Office Supplies,South,3,13.89,67
2013-09-28,Xerox 1965,Office Supplies,South,3,17.94,47
2013-09-28,O'Sullivan Plantations 2-Door Library in Landvery Oak,Furniture,Central,7,956.66,179
2013-09-28,Samsung Galaxy S4,Technology,West,2,1001.58,110
2013-09-28,Recycled Pressboard Report Cover with Reinforced Top Hinge,Office Supplies,East,3,2.91,152
2013-09-29,Xerox 1960,Office Supplies,Central,4,99.14,122
2013-09-30,"Sanford Colorific Colored Pencils, 12/Box",Office Supplies,South,9,25.92,148
2013-09-30,Xerox 1887,Office Supplies,West,1,18.97,100
2013-09-30,Newell 328,Office Supplies,Central,7,40.88,101
2013-09-30,Wilson Electronics DB Pro Signal Booster,Technology,West,3,859.2,240
2013-09-30,Logitech G500s Laser Gaming Mouse with Adjustable Weight Tuning,Technology,South,3,209.97,64
2013-09-30,Memorex Mini Travel Drive 64 GB USB 2.0 Flash Drive,Technology,West,1,36.24,190
2013-09-30,Premium Transparent Presentation Covers by GBC,Office Supplies,South,3,62.94,216
2013-09-30,Avery 483,Office Supplies,East,4,15.94,50
2013-09-30,Avery Self-Adhesive Photo Pockets for Polaroid Photos,Office Supplies,West,5,27.24,35
2013-09-30,Newell 351,Office Supplies,West,4,10.5,80
2013-10-01,"Pressboard Covers with Storage Hooks, 9 1/2' x 11', Light Blue",Office Supplies,Central,2,1.96,232
2013-10-01,"O'Sullivan Elevations Bookcase, Cherry Finish",Furniture,East,5,523.92,126
2013-10-02,Imation 16GB Mini TravelDrive USB 2.0 Flash Drive,Technology,Central,3,79.51,87
2013-10-02,"Global Value Mid-Back Manager's Chair, Gray",Furniture,West,4,194.85,193
2013-10-02,Plantronics Cordless Phone Headset with In-line Volume - M214C,Technology,Central,2,69.9,103
2013-10-02,Staples,Office Supplies,South,8,30.98,14
2013-10-02,Avery Non-Stick Binders,Office Supplies,South,4,5.39,95
2013-10-02,Westinghouse Clip-On Gooseneck Lamps,Furniture,Central,5,41.85,166
2013-10-02,Chromcraft Bull-Nose Wood 48' x 96' Rectangular Conference Tables,Furniture,East,1,330.59,122
2013-10-02,Staples,Office Supplies,Central,1,28.35,197
2013-10-03,Ibico Ibimaster 300 Manual Binding System,Office Supplies,Central,2,735.98,0
2013-10-03,Canon imageCLASS 2200 Advanced Copier,Technology,Central,5,17499.95,238
2013-10-03,Stanley Bostitch Contemporary Electric Pencil Sharpeners,Office Supplies,Central,2,33.96,150
2013-10-03,Kensington 6 Outlet Guardian Standard Surge Protector,Office Supplies,East,3,61.44,121
2013-10-03,"Premier Elliptical Ring Binder, Black",Office Supplies,West,6,54.79,166
2013-10-03,Acco Perma 4000 Stacking Storage Drawers,Office Supplies,Central,2,32.48,125
2013-10-03,"Acco Pressboard Covers with Storage Hooks, 14 7/8' x 11', Light Blue",Office Supplies,Central,7,34.37,56
2013-10-04,Office Star - Contemporary Task Swivel Chair,Furniture,East,6,599.29,80
2013-10-04,Global Deluxe High-Back Manager's Chair,Furniture,West,4,915.14,161
2013-10-04,Staples,Office Supplies,Central,2,15.65,168
2013-10-04,Xerox 1900,Office Supplies,West,2,8.56,220
2013-10-04,Xerox 1891,Office Supplies,West,2,97.82,72
2013-10-04,Smead Alpha-Z Color-Coded Second Alphabetical Labels and Starter Set,Office Supplies,West,2,6.16,140
2013-10-04,"Eldon Expressions Desk Accessory, Wood Photo Frame, Mahogany",Furniture,Central,5,38.08,69
2013-10-05,Ibico Plastic Spiral Binding Combs,Office Supplies,East,1,30.4,5
2013-10-05,Samsung HM1900 Bluetooth Headset,Technology,South,3,52.68,83
2013-10-05,Hewlett Packard LaserJet 3310 Copier,Technology,East,9,5399.91,51
2013-10-05,Magna Visual Magnetic Picture Hangers,Furniture,South,3,11.57,244
2013-10-05,"Bush Andora Conference Table, Maple/Graphite Gray Finish",Furniture,East,2,239.37,2
2013-10-05,Letter Size File,Office Supplies,East,3,119.1,80
2013-10-05,Laser & Ink Jet Business Envelopes,Office Supplies,Central,7,59.75,62
2013-10-07,Recycled Easel Ring Binders,Office Supplies,West,4,17.9,48
2013-10-07,Avery Binding System Hidden Tab Executive Style Index Sets,Office Supplies,Central,5,28.85,75
2013-10-07,"Memorex 25GB 6X Branded Blu-Ray Recordable Disc, 15/Pack",Technology,West,5,67.96,111
2013-10-07,Zebra GK420t Direct Thermal/Thermal Transfer Printer,Technology,West,6,703.71,174
2013-10-07,"Avery Framed View Binder, EZD Ring (Locking), Navy, 1 1/2'",Office Supplies,West,4,11.98,108
2013-10-08,Okidata C331dn Printer,Technology,West,3,837.6,182
2013-10-08,Astroparche Fine Business Paper,Office Supplies,West,2,10.56,191
2013-10-08,"Alliance Super-Size Bands, Assorted Sizes",Office Supplies,West,12,93.36,64
2013-10-08,Avery 511,Office Supplies,East,2,4.93,80
2013-10-08,GBC Recycled VeloBinder Covers,Office Supplies,West,2,27.26,194
2013-10-09,Contemporary Wood/Metal Frame,Furniture,Central,8,51.71,217
2013-10-09,Avery 50,Office Supplies,Central,6,60.14,14
2013-10-09,Xerox 1925,Office Supplies,West,2,61.96,99
2013-10-09,Fellowes Econo/Stor Drawers,Office Supplies,South,5,387.72,31
2013-10-10,Mediabridge Sport Armband iPhone 5s,Technology,East,4,23.98,95
2013-10-10,Newell 310,Office Supplies,West,1,1.41,127
2013-10-10,"Tenex 46' x 60' Computer Anti-Static Chairmat, Rectangular Shaped",Furniture,West,2,169.57,195
2013-10-10,Luxo Professional Magnifying Clamp-On Fluorescent Lamps,Furniture,East,4,332.83,145
2013-10-10,Xerox 1947,Office Supplies,East,4,19.14,112
2013-10-11,Presstex Flexible Ring Binders,Office Supplies,South,3,4.1,82
2013-10-11,Martin-Yale Premier Letter Opener,Office Supplies,South,2,20.61,42
2013-10-11,"Eldon 400 Class Desk Accessories, Black Carbon",Furniture,Central,4,14.0,115
2013-10-11,"Wilson Jones Ledger-Size, Piano-Hinge Binder, 2', Blue",Office Supplies,Central,2,16.39,162
2013-10-11,"Bush Westfield Collection Bookcases, Dark Cherry Finish, Fully Assembled",Furniture,West,3,90.88,231
2013-10-11,"Global Manager's Adjustable Task Chair, Storm",Furniture,West,1,120.78,77
2013-10-11,iOttie HLCRIO102 Car Mount,Technology,West,1,15.99,57
2013-10-12,Newell 309,Office Supplies,Central,3,27.72,32
2013-10-12,Avery Fluorescent Highlighter Four-Color Set,Office Supplies,Central,2,5.34,13
2013-10-14,Longer-Life Soft White Bulbs,Furniture,West,14,43.12,161
2013-10-14,Fiskars Softgrip Scissors,Office Supplies,West,6,65.88,188
2013-10-14,GBC Wire Binding Strips,Office Supplies,West,3,76.18,246
2013-10-14,Ideal Clamps,Office Supplies,West,2,4.02,131
2013-10-14,"Sanford Colorific Colored Pencils, 12/Box",Office Supplies,West,4,11.52,215
2013-10-14,Xerox 195,Office Supplies,West,3,20.04,58
2013-10-14,Array Memo Cubes,Office Supplies,Central,2,8.29,156
2013-10-14,Xerox 1880,Office Supplies,West,1,35.44,82
2013-10-14,Howard Miller Distant Time Traveler Alarm Clock,Furniture,East,3,82.26,133
2013-10-14,Avery White Multi-Purpose Labels,Office Supplies,East,5,24.9,120
2013-10-14,Computer Printout Paper with Letter-Trim Perforations,Office Supplies,East,2,37.94,224
2013-10-14,Fellowes Bases and Tops For Staxonsteel/High-Stak Systems,Office Supplies,East,3,99.87,176
2013-10-14,BIC Liqua Brite Liner,Office Supplies,East,5,34.7,167
2013-10-14,Tenex 'The Solids' Textured Chair Mats,Furniture,Central,5,139.92,82
2013-10-14,Avery Non-Stick Binders,Office Supplies,Central,7,6.29,244
2013-10-14,Newell 334,Office Supplies,Central,1,15.87,192
2013-10-14,Executive Impressions 8-1/2' Career Panel/Partition Cubicle Clock,Furniture,West,3,24.96,196
2013-10-14,Hon 5100 Series Wood Tables,Furniture,West,5,727.45,26
2013-10-14,Razer Kraken PRO Over Ear PC and Music Headset,Technology,Central,3,191.98,79
2013-10-15,Plantronics CS510 - Over-the-Head monaural Wireless Headset System,Technology,Central,5,1649.75,133
2013-10-15,Motorola L703CM,Technology,East,7,1091.93,231
2013-10-15,Xerox 1944,Office Supplies,South,3,93.02,12
2013-10-15,Staples,Office Supplies,South,2,12.77,239
2013-10-15,"White Business Envelopes with Contemporary Seam, Recycled White Business Envelopes",Office Supplies,South,4,35.01,63
2013-10-15,WD My Passport Ultra 500GB Portable External Hard Drive,Technology,West,3,177.0,189
2013-10-15,Maxell 4.7GB DVD-R,Technology,South,1,22.7,226
2013-10-15,Xerox 1916,Office Supplies,South,1,39.15,146
2013-10-15,SAFCO Folding Chair Trolley,Furniture,South,1,102.59,203
2013-10-15,Xerox 1908,Office Supplies,East,2,111.96,79
2013-10-16,Avery 49,Office Supplies,Central,7,20.16,122
2013-10-16,Avery 508,Office Supplies,Central,6,29.46,42
2013-10-16,Hoover Upright Vacuum With Dirt Cup,Office Supplies,Central,3,868.59,201
2013-10-16,#10 Self-Seal White Envelopes,Office Supplies,South,6,66.54,88
2013-10-16,Xerox 1999,Office Supplies,Central,2,12.96,147
2013-10-16,Samsung Replacement EH64AVFWE Premium Headset,Technology,Central,1,5.5,94
2013-10-16,Ibico Plastic Spiral Binding Combs,Office Supplies,Central,4,121.6,195
2013-10-16,GBC Twin Loop Wire Binding Elements,Office Supplies,South,7,232.96,171
2013-10-16,"Recycled Desk Saver Line 'While You Were Out' Book, 5 1/2' X 4'",Office Supplies,West,8,71.6,150
2013-10-16,Xerox 1982,Office Supplies,West,2,45.68,1
2013-10-16,Xerox 1986,Office Supplies,West,9,60.12,119
2013-10-16,"Acco Data Flex Cable Posts For Top & Bottom Load Binders, 6' Capacity",Office Supplies,West,5,41.72,21
2013-10-16,Holmes Odor Grabber,Office Supplies,South,3,43.26,114
2013-10-17,Chromcraft Rectangular Conference Tables,Furniture,East,1,142.18,56
2013-10-18,GBC ProClick 150 Presentation Binding System,Office Supplies,East,1,315.98,228
2013-10-18,Avery Durable Plastic 1' Binders,Office Supplies,West,5,18.16,71
2013-10-18,O'Sullivan Living Dimensions 2-Shelf Bookcases,Furniture,East,1,120.98,6
2013-10-18,Honeywell Enviracaire Portable HEPA Air Cleaner for 16' x 20' Room,Office Supplies,Central,7,1927.59,205
2013-10-18,Panasonic KX-TG9541B DECT 6.0 Digital 2-Line Expandable Cordless Phone With Digital Answering System,Technology,Central,3,449.97,183
2013-10-18,"Safco Value Mate Steel Bookcase, Baked Enamel Finish on Steel, Black",Furniture,West,2,120.67,118
2013-10-19,Global Deluxe Steno Chair,Furniture,West,5,307.92,194
2013-10-21,Staples,Office Supplies,Central,4,25.25,113
2013-10-21,"Black Print Carbonless Snap-Off Rapid Letter, 8 1/2' x 7'",Office Supplies,Central,7,51.02,15
2013-10-21,Aluminum Document Frame,Furniture,South,5,61.1,246
2013-10-21,Woodgrain Magazine Files by Perma,Office Supplies,Central,7,20.86,82
2013-10-21,Pyle PMP37LED,Technology,Central,2,191.98,178
2013-10-21,Office Star - Ergonomically Designed Knee Chair,Furniture,Central,1,56.69,209
2013-10-21,Hon Every-Day Chair Series Swivel Task Chairs,Furniture,West,4,387.14,243
2013-10-21,"Premium Writing Pencils, Soft, #2 by Central Association for the Blind",Office Supplies,East,3,7.15,207
2013-10-21,"Fellowes Twister Kit, Gray/Clear, 3/pkg",Office Supplies,West,3,19.3,71
2013-10-21,"iKross Bluetooth Portable Keyboard + Cell Phone Stand Holder + Brush for Apple iPhone 5S 5C 5, 4S 4",Technology,Central,6,125.7,123
2013-10-22,Avery Reinforcements for Hole-Punch Pages,Office Supplies,East,4,7.92,224
2013-10-22,Panasonic KX TS208W Corded phone,Technology,East,8,235.15,112
2013-10-22,Chromcraft Bull-Nose Wood 48' x 96' Rectangular Conference Tables,Furniture,East,2,661.18,11
2013-10-22,"Belkin 19' Vented Equipment Shelf, Black",Office Supplies,West,3,154.44,125
2013-10-22,Logitech Desktop MK120 Mouse and keyboard Combo,Technology,East,6,98.16,52
2013-10-22,Seth Thomas 14' Day/Date Wall Clock,Furniture,South,2,45.57,74
2013-10-22,Staples,Office Supplies,East,2,7.36,132
2013-10-22,"Tenex Personal Filing Tote With Secure Closure Lid, Black/Frost",Office Supplies,South,9,111.67,26
2013-10-22,Wilson Jones Snap Scratch Pad Binder Tool for Ring Binders,Office Supplies,East,4,23.2,139
2013-10-22,GBC Personal VeloBind Strips,Office Supplies,South,8,28.75,144
2013-10-22,Ibico EPK-21 Electric Binding System,Office Supplies,West,3,4535.98,133
2013-10-22,Pizazz Global Quick File,Office Supplies,East,7,104.79,96
2013-10-22,"Rediform Wirebound 'Phone Memo' Message Book, 11 x 5-3/4",Office Supplies,West,3,22.92,4
2013-10-22,"Atlantic Metals Mobile 3-Shelf Bookcases, Custom Colors",Furniture,East,4,1043.92,56
2013-10-22,Newell Chalk Holder,Office Supplies,West,3,12.39,155
2013-10-22,SanDisk Ultra 32 GB MicroSDHC Class 10 Memory Card,Technology,Central,6,106.08,77
2013-10-22,"Eldon Expressions Wood and Plastic Desk Accessories, Oak",Furniture,West,2,19.96,68
2013-10-22,Xerox 193,Office Supplies,West,6,35.88,117
2013-10-22,Panasonic KP-150 Electric Pencil Sharpener,Office Supplies,West,3,113.22,119
2013-10-22,SAFCO Boltless Steel Shelving,Office Supplies,West,3,340.92,58
2013-10-22,Office Star Flex Back Scooter Chair with Aluminum Finish Frame,Furniture,West,3,242.14,32
2013-10-23,Prang Drawing Pencil Set,Office Supplies,West,3,8.34,61
2013-10-23,Xerox 1986,Office Supplies,West,1,6.68,49
2013-10-23,"Eldon Expressions Wood and Plastic Desk Accessories, Oak",Furniture,South,4,39.92,111
2013-10-23,Linden 12' Wall Clock With Oak Frame,Furniture,West,3,101.94,232
2013-10-23,Eldon 200 Class Desk Accessories,Furniture,Central,5,31.4,18
2013-10-24,Xerox 1929,Office Supplies,Central,3,54.82,213
2013-10-24,DAX Cubicle Frames - 8x10,Furniture,Central,7,16.16,196
2013-10-24,Advantus SlideClip Paper Clips,Office Supplies,West,5,17.05,122
2013-10-24,"Snap-A-Way Black Print Carbonless Ruled Speed Letter, Triplicate",Office Supplies,East,10,379.4,193
2013-10-25,Logitech VX Revolution Cordless Laser Mouse for Notebooks (Black),Technology,West,2,359.98,221
2013-10-25,Apple iPhone 5C,Technology,South,3,239.98,46
2013-10-25,"Eureka Recycled Copy Paper 8 1/2' x 11', Ream",Office Supplies,Central,3,15.55,166
2013-10-25,Micro Innovations USB RF Wireless Keyboard with Mouse,Technology,West,4,100.0,195
2013-10-25,Razer Tiamat Over Ear 7.1 Surround Sound PC Gaming Headset,Technology,West,1,199.99,32
2013-10-25,NETGEAR N750 Dual Band Wi-Fi Gigabit Router,Technology,West,5,450.0,140
2013-10-26,Panasonic KX-TG9471B,Technology,South,5,783.96,83
2013-10-28,Prestige Round Ring Binders,Office Supplies,East,2,9.73,181
2013-10-28,Electrix 20W Halogen Replacement Bulb for Zoom-In Desk Lamp,Furniture,East,3,40.2,134
2013-10-28,"Advantus Push Pins, Aluminum Head",Office Supplies,East,7,40.67,78
2013-10-28,Rogers Profile Extra Capacity Storage Tub,Office Supplies,East,2,33.48,214
2013-10-28,"Acco Data Flex Cable Posts For Top & Bottom Load Binders, 6' Capacity",Office Supplies,West,3,25.03,13
2013-10-28,Global Executive Mid-Back Manager's Chair,Furniture,South,1,290.98,214
2013-10-28,Staples,Office Supplies,West,4,43.92,146
2013-10-28,Avery Legal 4-Ring Binder,Office Supplies,West,4,67.14,127
2013-10-28,"Metal Folding Chairs, Beige, 4/Carton",Furniture,East,14,427.64,53
2013-10-29,Xerox 1939,Office Supplies,East,3,56.91,220
2013-10-29,Adtran 1202752G1,Technology,West,3,302.38,247
2013-10-29,Xerox 223,Office Supplies,East,5,32.4,147
2013-10-29,"Personal Filing Tote with Lid, Black/Gray",Office Supplies,West,6,93.06,28
2013-10-29,"Tennsco Stur-D-Stor Boltless Shelving, 5 Shelves, 24' Deep, Sand",Office Supplies,East,8,1082.48,23
2013-10-29,Canvas Sectional Post Binders,Office Supplies,South,5,38.19,81
2013-10-29,24-Hour Round Wall Clock,Furniture,South,3,47.95,62
2013-10-29,"Square Ring Data Binders, Rigid 75 Pt. Covers, 11' x 14-7/8'",Office Supplies,West,3,49.54,201
2013-10-29,Eldon Radial Chair Mat for Low to Medium Pile Carpets,Furniture,South,2,63.97,104
2013-10-29,Howard Miller 13-1/2' Diameter Rosebrook Wall Clock,Furniture,South,3,165.05,56
2013-10-29,"XtraLife ClearVue Slant-D Ring Binder, White, 3'",Office Supplies,South,4,17.62,135
2013-10-29,Southworth Structures Collection,Office Supplies,West,7,50.96,217
2013-10-29,"Floodlight Indoor Halogen Bulbs, 1 Bulb per Pack, 60 Watts",Furniture,East,4,77.6,61
2013-10-29,Avery Premier Heavy-Duty Binder with Round Locking Rings,Office Supplies,East,1,14.28,156
2013-10-29,BIC Brite Liner Highlighters,Office Supplies,East,3,12.42,201
2013-10-29,"Tenex Chairmat w/ Average Lip, 45' x 53'",Furniture,East,5,756.8,16
2013-10-29,Large Capacity Hanging Post Binders,Office Supplies,South,5,37.42,65
2013-10-30,Electrix 20W Halogen Replacement Bulb for Zoom-In Desk Lamp,Furniture,Central,5,67.0,5
2013-10-30,"XtraLife ClearVue Slant-D Ring Binder, White, 3'",Office Supplies,West,1,11.74,57
2013-10-30,"Commercial WindTunnel Clean Air Upright Vacuum, Replacement Belts, Filtration Bags",Office Supplies,East,3,11.67,68
2013-10-30,"Rogers Jumbo File, Granite",Office Supplies,East,3,40.74,155
2013-10-31,Boston KS Multi-Size Manual Pencil Sharpener,Office Supplies,East,5,114.95,61
2013-10-31,Newell 312,Office Supplies,Central,2,11.68,168
2013-10-31,Assorted Color Push Pins,Office Supplies,West,2,3.62,196
2013-10-31,GBC Personal VeloBind Strips,Office Supplies,East,3,28.75,81
2013-11-01,Office Star - Professional Matrix Back Chair with 2-to-1 Synchro Tilt and Mesh Fabric Seat,Furniture,West,5,1403.92,217
2013-11-01,"Carina Mini System Audio Rack, Model AR050B",Office Supplies,Central,3,332.94,211
2013-11-01,Newell 31,Office Supplies,Central,3,12.39,168
2013-11-01,"Dual Level, Single-Width Filing Carts",Office Supplies,West,7,1085.42,176
2013-11-01,Hon Mobius Operator's Chair,Furniture,Central,3,368.97,218
2013-11-01,Fiskars Softgrip Scissors,Office Supplies,Central,2,21.96,176
2013-11-01,Hon Olson Stacker Stools,Furniture,East,5,492.84,203
2013-11-01,Xerox 1898,Office Supplies,South,6,32.06,70
2013-11-02,"LF Elite 3D Dazzle Designer Hard Case Cover, Lf Stylus Pen and Wiper For Apple Iphone 5c Mini Lite",Technology,South,2,21.8,130
2013-11-02,Airmail Envelopes,Office Supplies,South,3,251.79,9
2013-11-02,"Tenex Personal Filing Tote With Secure Closure Lid, Black/Frost",Office Supplies,Central,9,111.67,97
2013-11-02,Maxell 4.7GB DVD-R,Technology,Central,3,68.11,88
2013-11-04,Holmes 99% HEPA Air Purifier,Office Supplies,West,2,43.32,34
2013-11-04,"Hunt PowerHouse Electric Pencil Sharpener, Blue",Office Supplies,Central,2,75.96,207
2013-11-04,Avery Durable Plastic 1' Binders,Office Supplies,Central,6,27.24,1
2013-11-04,Xerox 1978,Office Supplies,Central,2,9.25,123
2013-11-04,Newell 332,Office Supplies,West,3,8.82,23
2013-11-04,Advantus Plastic Paper Clips,Office Supplies,South,4,20.0,73
2013-11-04,Economy #2 Pencils,Office Supplies,South,3,7.98,165
2013-11-04,Magna Visual Magnetic Picture Hangers,Furniture,South,5,24.1,21
2013-11-04,Boston 16750 Black Compact Battery Pencil Sharpener,Office Supplies,South,1,8.75,153
2013-11-04,Global Adaptabilities Conference Tables,Furniture,South,3,842.94,170
2013-11-04,Stockwell Push Pins,Office Supplies,West,7,15.26,182
2013-11-04,Multicolor Computer Printout Paper,Office Supplies,West,3,314.55,38
2013-11-04,Avery Durable Plastic 1' Binders,Office Supplies,West,12,43.58,218
2013-11-04,Xerox 1892,Office Supplies,West,3,116.28,156
2013-11-04,Fellowes Black Plastic Comb Bindings,Office Supplies,West,2,9.3,238
2013-11-04,Avery 50,Office Supplies,West,7,87.71,229
2013-11-04,Global Deluxe High-Back Office Chair in Storm,Furniture,West,2,217.58,19
2013-11-04,Kensington K72356US Mouse-in-a-Box USB Desktop Mouse,Technology,West,5,82.95,218
2013-11-04,Honeywell Enviracaire Portable HEPA Air Cleaner for 16' x 20' Room,Office Supplies,West,4,1101.48,40
2013-11-04,Bevis Steel Folding Chairs,Furniture,East,7,470.16,181
2013-11-04,NETGEAR N750 Dual Band Wi-Fi Gigabit Router,Technology,East,1,72.0,147
2013-11-04,Okidata B401 Printer,Technology,West,3,179.99,107
2013-11-04,Avery Reinforcements for Hole-Punch Pages,Office Supplies,West,7,4.16,146
2013-11-04,Xerox 22,Office Supplies,West,3,19.44,83
2013-11-05,Okidata B400 Printer,Technology,West,2,686.4,226
2013-11-05,"Office Star - Contemporary Task Swivel chair with Loop Arms, Charcoal",Furniture,West,1,104.78,110
2013-11-05,Southworth 25% Cotton Premium Laser Paper and Envelopes,Office Supplies,West,3,47.95,65
2013-11-05,Global Enterprise Series Seating High-Back Swivel/Tilt Chairs,Furniture,West,3,650.35,157
2013-11-05,"OIC Colored Binder Clips, Assorted Sizes",Office Supplies,South,3,10.74,52
2013-11-05,Tenex 'The Solids' Textured Chair Mats,Furniture,West,3,209.88,33
2013-11-05,"Dot Matrix Printer Tape Reel Labels, White, 5000/Box",Office Supplies,West,8,629.18,149
2013-11-05,Xerox 1887,Office Supplies,West,1,15.18,66
2013-11-05,Acco Economy Flexible Poly Round Ring Binder,Office Supplies,West,1,4.18,133
2013-11-05,Tuff Stuff Recycled Round Ring Binders,Office Supplies,West,2,7.71,206
2013-11-05,Ultra Door Pull Handle,Furniture,South,6,50.5,26
2013-11-05,"Deflect-o EconoMat Studded, No Bevel Mat for Low Pile Carpeting",Furniture,Central,4,66.11,9
2013-11-05,"DAX Two-Tone Rosewood/Black Document Frame, Desktop, 5 x 7",Furniture,Central,3,11.38,72
2013-11-05,Boston Heavy-Duty Trimline Electric Pencil Sharpeners,Office Supplies,West,4,192.8,224
2013-11-05,Xerox 229,Office Supplies,West,6,38.88,95
2013-11-05,Advantus Panel Wall Acrylic Frame,Furniture,West,7,38.29,47
2013-11-05,Serrated Blade or Curved Handle Hand Letter Openers,Office Supplies,West,7,17.58,69
2013-11-05,Premier Electric Letter Opener,Office Supplies,South,2,185.38,232
2013-11-05,BPI Conference Tables,Furniture,South,10,876.3,186
2013-11-05,Eldon Portable Mobile Manager,Office Supplies,South,2,45.25,99
2013-11-06,GBC Twin Loop Wire Binding Elements,Office Supplies,West,2,53.25,58
2013-11-06,Laminate Occasional Tables,Furniture,Central,8,863.13,1
2013-11-06,"Tenex Chairmat w/ Average Lip, 45' x 53'",Furniture,South,5,756.8,156
2013-11-06,Microsoft Natural Ergonomic Keyboard 4000,Technology,South,3,89.97,195
2013-11-06,"3M Polarizing Task Lamp with Clamp Arm, Light Gray",Furniture,South,2,273.96,64
2013-11-06,Harbour Creations 67200 Series Stacking Chairs,Furniture,West,2,113.89,82
2013-11-06,Anker Astro Mini 3000mAh Ultra-Compact Portable Charger,Technology,East,2,23.99,153
2013-11-06,KeyTronic E03601U1 - Keyboard - Beige,Technology,West,4,72.0,216
2013-11-06,Cardinal Holdit Data Disk Pockets,Office Supplies,West,5,29.12,9
2013-11-06,Premium Transparent Presentation Covers by GBC,Office Supplies,Central,5,104.9,52
2013-11-06,Avery 490,Office Supplies,Central,1,11.84,78
2013-11-06,Prismacolor Color Pencil Set,Office Supplies,Central,2,39.68,58
2013-11-06,"Strathmore #10 Envelopes, Ultimate White",Office Supplies,West,3,158.13,149
2013-11-06,Cherry 142-key Programmable Keyboard,Technology,West,4,479.72,178
2013-11-06,Storex Dura Pro Binders,Office Supplies,Central,3,3.56,47
2013-11-06,Avery 503,Office Supplies,Central,5,51.75,148
2013-11-06,O'Sullivan Plantations 2-Door Library in Landvery Oak,Furniture,Central,7,956.66,122
2013-11-06,Logitech Wireless Headset H600 Over-The-Head Design,Technology,Central,5,171.96,247
2013-11-06,Premium Transparent Presentation Covers by GBC,Office Supplies,Central,3,12.59,21
2013-11-07,"Eaton Premium Continuous-Feed Paper, 25% Cotton, Letter Size, White, 1000 Shts/Box",Office Supplies,South,2,88.77,99
2013-11-07,Embossed Ink Jet Note Cards,Office Supplies,South,2,36.11,97
2013-11-07,Eldon Portable Mobile Manager,Office Supplies,West,3,84.84,157
2013-11-07,Executive Impressions 14' Contract Wall Clock,Furniture,South,2,35.57,24
2013-11-07,"Global Task Chair, Black",Furniture,West,2,81.42,236
2013-11-07,High-Back Leather Manager's Chair,Furniture,South,2,207.98,27
2013-11-07,Eldon Cleatmat Plus Chair Mats for High Pile Carpets,Furniture,West,3,238.56,192
2013-11-08,Global Troy Executive Leather Low-Back Tilter,Furniture,West,4,1603.14,112
2013-11-08,"C-Line Magnetic Cubicle Keepers, Clear Polypropylene",Furniture,West,3,14.82,44
2013-11-08,AT&T SB67148 SynJ,Technology,East,4,263.96,67
2013-11-08,Wilson Jones International Size A4 Ring Binders,Office Supplies,West,2,27.68,6
2013-11-08,Ibico EB-19 Dual Function Manual Binding System,Office Supplies,East,2,276.78,48
2013-11-08,"Mini 13-1/2 Capacity Data Binder Rack, Pearl",Office Supplies,Central,3,314.09,136
2013-11-08,Plantronics Audio 478 Stereo USB Headset,Technology,East,3,119.98,163
2013-11-08,GBC VeloBinder Manual Binding System,Office Supplies,West,2,57.58,82
2013-11-08,Acme Preferred Stainless Steel Scissors,Office Supplies,West,2,11.36,128
2013-11-08,Ibico Plastic and Wire Spiral Binding Combs,Office Supplies,West,4,26.98,137
2013-11-08,"Eldon Base for stackable storage shelf, platinum",Office Supplies,East,3,116.82,163
2013-11-08,Executive Impressions 14' Contract Wall Clock with Quartz Movement,Furniture,Central,5,44.46,72
2013-11-08,Xerox 23,Office Supplies,East,2,12.96,236
2013-11-08,Fellowes Binding Cases,Office Supplies,West,4,37.44,45
2013-11-08,Rubber Band Ball,Office Supplies,East,4,14.96,105
2013-11-08,Jabra Supreme Plus Driver Edition Headset,Technology,East,3,359.97,159
2013-11-08,"Wirebound Four 2-3/4 x 5 Forms per Page, 400 Sets per Book",Office Supplies,West,2,12.9,31
2013-11-08,Avery 486,Office Supplies,West,2,14.62,5
2013-11-08,NETGEAR AC1750 Dual Band Gigabit Smart WiFi Router,Technology,West,3,479.97,175
2013-11-09,"Hon Deluxe Fabric Upholstered Stacking Chairs, Rounded Back",Furniture,South,3,731.94,165
2013-11-09,Bush Somerset Collection Bookcase,Furniture,South,2,261.96,144
2013-11-10,Logitech Wireless Gaming Headset G930,Technology,West,3,479.97,73
2013-11-11,Belkin F9S820V06 8 Outlet Surge,Office Supplies,West,4,129.92,113
2013-11-11,"ACCOHIDE 3-Ring Binder, Blue, 1'",Office Supplies,West,4,13.22,26
2013-11-11,"Memorex 25GB 6X Branded Blu-Ray Recordable Disc, 30/Pack",Technology,East,7,178.92,53
2013-11-11,Xerox 1996,Office Supplies,West,5,32.4,177
2013-11-11,GBC Twin Loop Wire Binding Elements,Office Supplies,East,7,69.89,162
2013-11-11,Embossed Ink Jet Note Cards,Office Supplies,West,3,67.71,243
2013-11-11,Xerox 1933,Office Supplies,West,5,61.4,84
2013-11-11,Howard Miller 11-1/2' Diameter Ridgewood Wall Clock,Furniture,West,9,467.46,126
2013-11-11,BlackBerry Q10,Technology,East,7,881.93,152
2013-11-11,Standard Rollaway File with Lock,Office Supplies,West,4,720.76,155
2013-11-11,Newell 315,Office Supplies,South,7,41.86,110
2013-11-11,Canvas Sectional Post Binders,Office Supplies,East,1,20.37,14
2013-11-11,Wilson Jones Century Plastic Molded Ring Binders,Office Supplies,East,3,49.85,131
2013-11-11,Samsung Convoy 3,Technology,Central,2,221.98,92
2013-11-11,"Sauder Facets Collection Library, Sky Alder Finish",Furniture,Central,2,341.96,122
2013-11-11,Presstex Flexible Ring Binders,Office Supplies,East,1,3.64,72
2013-11-11,"Eldon Expressions Wood and Plastic Desk Accessories, Oak",Furniture,West,1,9.98,154
2013-11-11,Acco Perma 4000 Stacking Storage Drawers,Office Supplies,East,3,38.98,153
2013-11-11,Acco Perma 2700 Stacking Storage Drawers,Office Supplies,West,1,29.74,146
2013-11-11,Kensington SlimBlade Notebook Wireless Mouse with Nano Receiver ,Technology,Central,7,279.94,247
2013-11-11,3M Polarizing Light Filter Sleeves,Furniture,Central,2,37.3,91
2013-11-11,Xerox 1924,Office Supplies,East,1,4.62,16
2013-11-11,File Shuttle I and Handi-File,Office Supplies,West,7,155.82,42
2013-11-11,Binding Machine Supplies,Office Supplies,West,3,70.01,120
2013-11-11,"Wilson Jones Ledger-Size, Piano-Hinge Binder, 2', Blue",Office Supplies,Central,2,81.96,40
2013-11-11,Staples,Office Supplies,East,5,14.72,169
2013-11-11,Avery File Folder Labels,Office Supplies,East,4,9.22,177
2013-11-11,Newell 338,Office Supplies,West,5,14.7,211
2013-11-11,Square Credit Card Reader,Technology,East,7,41.96,236
2013-11-11,Xerox 227,Office Supplies,East,6,31.1,167
2013-11-11,Xerox 1882,Office Supplies,East,2,89.57,38
2013-11-11,"Wirebound Message Books, Four 2 3/4' x 5' Forms per Page, 600 Sets per Book",Office Supplies,East,3,22.25,112
2013-11-11,"Eureka The Boss Plus 12-Amp Hard Box Upright Vacuum, Red",Office Supplies,East,4,334.88,244
2013-11-11,DAX Natural Wood-Tone Poster Frame,Furniture,East,7,148.29,150
2013-11-11,Peel & Stick Add-On Corner Pockets,Office Supplies,West,3,5.18,110
2013-11-12,Ibico Standard Transparent Covers,Office Supplies,South,2,9.89,223
2013-11-12,Safco Steel Mobile File Cart,Office Supplies,East,1,83.36,179
2013-11-12,Balt Solid Wood Round Tables,Furniture,Central,6,2678.94,46
2013-11-12,Micropad Numeric Keypads,Technology,East,3,59.97,62
2013-11-12,Sanyo 2.5 Cubic Foot Mid-Size Office Refrigerators,Office Supplies,South,3,671.54,224
2013-11-12,"XtraLife ClearVue Slant-D Ring Binder, White, 3'",Office Supplies,East,3,35.23,248
2013-11-12,Avery Poly Binder Pockets,Office Supplies,West,11,31.5,109
2013-11-12,Staples,Office Supplies,East,3,28.14,68
2013-11-12,KeyTronic E03601U1 - Keyboard - Beige,Technology,East,2,36.0,42
2013-11-12,"Boston School Pro Electric Pencil Sharpener, 1670",Office Supplies,East,3,92.94,175
2013-11-12,"Global Wood Trimmed Manager's Task Chair, Khaki",Furniture,East,3,245.65,33
2013-11-12,Belkin F8E887 USB Wired Ergonomic Keyboard,Technology,Central,4,95.97,39
2013-11-12,Deluxe Heavy-Duty Vinyl Round Ring Binder,Office Supplies,East,3,55.01,202
2013-11-12,Newell 332,Office Supplies,Central,6,14.11,60
2013-11-12,Global Chrome Stack Chair,Furniture,Central,2,47.99,177
2013-11-12,Hon Every-Day Series Multi-Task Chairs,Furniture,West,3,451.15,194
2013-11-12,Digium D40 VoIP phone,Technology,Central,2,257.98,61
2013-11-12,Magnifier Swing Arm Lamp,Furniture,West,2,41.96,57
2013-11-12,"Eldon Regeneration Recycled Desk Accessories, Smoke",Furniture,West,4,6.96,160
2013-11-13,Round Ring Binders,Office Supplies,West,7,4.37,74
2013-11-13,OIC Bulk Pack Metal Binder Clips,Office Supplies,East,6,16.75,15
2013-11-13,Avery Durable Slant Ring Binders With Label Holder,Office Supplies,West,5,6.27,81
2013-11-13,Hon 4070 Series Pagoda Round Back Stacking Chairs,Furniture,East,2,449.37,93
2013-11-13,Newell 332,Office Supplies,Central,7,20.58,47
2013-11-13,"Holmes Replacement Filter for HEPA Air Cleaner, Very Large Room, HEPA Filter",Office Supplies,East,2,110.1,246
2013-11-13,"Global Leather and Oak Executive Chair, Black",Furniture,East,7,1474.8,137
2013-11-13,Micropad Numeric Keypads,Technology,West,2,31.98,81
2013-11-13,"DAX Charcoal/Nickel-Tone Document Frame, 5 x 7",Furniture,Central,6,22.75,37
2013-11-13,"Tyvek  Top-Opening Peel & Seel  Envelopes, Gray",Office Supplies,Central,8,287.52,126
2013-11-13,Belkin F9H710-06 7 Outlet SurgeMaster Surge Protector,Office Supplies,Central,2,37.68,18
2013-11-13,Xerox 1896,Office Supplies,Central,2,19.98,163
2013-11-13,Cardinal Slant-D Ring Binders,Office Supplies,Central,2,17.38,186
2013-11-13,Panasonic KX TS3282W Corded phone,Technology,West,3,203.98,62
2013-11-13,Global Adaptabilities Conference Tables,Furniture,West,3,674.35,76
2013-11-13,"Hon Deluxe Fabric Upholstered Stacking Chairs, Rounded Back",Furniture,East,9,1537.07,247
2013-11-14,Portable Personal File Box,Office Supplies,East,3,36.63,173
2013-11-14,"Boston Electric Pencil Sharpener, Model 1818, Charcoal Black",Office Supplies,East,5,140.75,130
2013-11-14,Eldon Simplefile Box Office,Office Supplies,East,2,24.88,201
2013-11-14,"Tenex File Box, Personal Filing Tote with Lid, Black",Office Supplies,East,5,77.55,101
2013-11-14,White Computer Printout Paper by Universal,Office Supplies,East,7,217.06,64
2013-11-14,XtraLife ClearVue Slant-D Ring Binders by Cardinal,Office Supplies,Central,2,3.14,246
2013-11-14,Acme Forged Steel Scissors with Black Enamel Handles,Office Supplies,South,7,52.14,119
2013-11-14,DAX Solid Wood Frames,Furniture,West,2,19.54,90
2013-11-14,Boston 16801 Nautilus Battery Pencil Sharpener,Office Supplies,West,2,44.02,237
2013-11-14,"Eldon Image Series Desk Accessories, Burgundy",Furniture,West,1,4.18,7
2013-11-14,Xiaomi Mi3,Technology,East,4,2279.96,178
2013-11-14,Avery 499,Office Supplies,East,3,14.94,237
2013-11-14,"Master Giant Foot Doorstop, Safety Yellow",Furniture,Central,4,30.36,233
2013-11-15,Boston Home & Office Model 2000 Electric Pencil Sharpeners,Office Supplies,East,1,23.65,208
2013-11-15,Stacking Trays by OIC,Furniture,East,4,19.92,72
2013-11-15,"BlueLounge Milo Smartphone Stand, White/Metallic",Technology,East,3,89.97,133
2013-11-15,Logitech diNovo Edge Keyboard,Technology,South,2,499.98,106
2013-11-15,"Tenex Personal Project File with Scoop Front Design, Black",Office Supplies,East,3,40.44,88
2013-11-15,Global Ergonomic Managers Chair,Furniture,East,3,380.06,38
2013-11-15,"SmartStand Mobile Device Holder, Assorted Colors",Technology,East,2,13.98,112
2013-11-15,Hon GuestStacker Chair,Furniture,East,2,408.01,187
2013-11-15,Sharp AL-1530CS Digital Copier,Technology,East,4,1199.98,27
2013-11-15,Xerox 4200 Series MultiUse Premium Copy Paper (20Lb. and 84 Bright),Office Supplies,South,1,5.28,96
2013-11-15,Avery 52,Office Supplies,West,2,7.38,181
2013-11-15,Newell 35,Office Supplies,West,3,9.84,36
2013-11-15,"ACCOHIDE 3-Ring Binder, Blue, 1'",Office Supplies,South,2,8.26,136
2013-11-15,"DAX Contemporary Wood Frame with Silver Metal Mat, Desktop, 11 x 14 Size",Furniture,East,3,48.58,81
2013-11-15,Binder Posts,Office Supplies,Central,2,2.3,55
2013-11-15,Tops Wirebound Message Log Books,Office Supplies,East,5,16.45,186
2013-11-16,Polycom SoundPoint IP 450 VoIP phone,Technology,West,2,361.38,84
2013-11-16,Hon Racetrack Conference Tables,Furniture,South,4,630.02,1
2013-11-16,Avery Self-Adhesive Photo Pockets for Polaroid Photos,Office Supplies,West,7,38.14,188
2013-11-16,Fellowes PB500 Electric Punch Plastic Comb Binding Machine with Manual Bind,Office Supplies,West,1,1016.79,57
2013-11-16,Imation 16GB Mini TravelDrive USB 2.0 Flash Drive,Technology,West,3,99.39,106
2013-11-17,Staples,Office Supplies,West,5,28.4,122
2013-11-17,Round Ring Binders,Office Supplies,West,5,8.32,187
2013-11-18,Acme Tagit Stainless Steel Antibacterial Scissors,Office Supplies,West,5,49.5,229
2013-11-18,Apple EarPods with Remote and Mic,Technology,Central,3,67.18,249
2013-11-18,"TOPS Voice Message Log Book, Flash Format",Office Supplies,Central,4,15.23,167
2013-11-18,Avery Non-Stick Binders,Office Supplies,West,3,10.78,163
2013-11-19,Recycled Premium Regency Composition Covers,Office Supplies,West,5,61.12,113
2013-11-19,Holmes 99% HEPA Air Purifier,Office Supplies,East,6,103.97,106
2013-11-19,Logitech Z-906 Speaker sys - home theater - 5.1-CH,Technology,South,4,1319.96,36
2013-11-19,"Global Value Steno Chair, Gray",Furniture,Central,6,255.11,78
2013-11-19,Xerox 1881,Office Supplies,Central,2,19.65,91
2013-11-19,"Avery 4027 File Folder Labels for Dot Matrix Printers, 5000 Labels per Box, White",Office Supplies,Central,2,48.85,17
2013-11-19,4009 Highlighters by Sanford,Office Supplies,Central,2,6.37,97
2013-11-19,"Tennsco Snap-Together Open Shelving Units, Starter Sets and Add-On Units",Office Supplies,Central,4,1117.92,62
2013-11-19,Novimex Swivel Fabric Task Chair,Furniture,Central,2,301.96,149
2013-11-19,Grandstream GXP2100 Mainstream Business Phone,Technology,West,1,61.19,138
2013-11-19,Fellowes Command Center 5-outlet power strip,Office Supplies,West,1,67.84,185
2013-11-19,WD My Passport Ultra 2TB Portable External Hard Drive,Technology,West,5,595.0,184
2013-11-20,Avery Hidden Tab Dividers for Binding Systems,Office Supplies,Central,2,1.19,204
2013-11-20,Xerox 1905,Office Supplies,Central,2,10.37,3
2013-11-20,Newell 340,Office Supplies,East,6,17.28,213
2013-11-20,"Recycled Interoffice Envelopes with Re-Use-A-Seal Closure, 10 x 13",Office Supplies,Central,3,40.97,134
2013-11-20,Staples,Office Supplies,Central,12,58.37,60
2013-11-20,GBC Plastic Binding Combs,Office Supplies,East,3,17.71,106
2013-11-20,"GE General Purpose, Extra Long Life, Showcase & Floodlight Incandescent Bulbs",Furniture,Central,2,2.33,53
2013-11-20,Tenex Chairmats For Use With Carpeted Floors,Furniture,West,2,31.96,87
2013-11-20,Avery Hanging File Binders,Office Supplies,East,3,14.35,67
2013-11-20,Fellowes Neat Ideas Storage Cubes,Office Supplies,East,2,64.96,219
2013-11-20,Advantus Rolling Storage Box,Office Supplies,East,4,68.6,206
2013-11-20,Acco 6 Outlet Guardian Premium Plus Surge Suppressor,Office Supplies,Central,3,54.96,128
2013-11-20,"Tennsco Lockers, Gray",Office Supplies,Central,6,100.7,54
2013-11-20,"GBC Standard Recycled Report Covers, Clear Plastic Sheets",Office Supplies,Central,5,10.78,2
2013-11-20,invisibleSHIELD by ZAGG Smudge-Free Screen Protector,Technology,Central,5,71.96,205
2013-11-20,Disposable Triple-Filter Dust Bags,Office Supplies,East,2,8.74,165
2013-11-20,Deluxe Chalkboard Eraser Cleaner,Office Supplies,South,2,18.48,241
2013-11-20,"Recycled Desk Saver Line 'While You Were Out' Book, 5 1/2' X 4'",Office Supplies,East,5,44.75,120
2013-11-21,"Bravo II Megaboss 12-Amp Hard Body Upright, Replacement Belts, 2 Belts per Pack",Office Supplies,West,12,39.0,128
2013-11-21,Avery 519,Office Supplies,Central,2,14.62,101
2013-11-21,Avaya 5420 Digital phone,Technology,Central,7,944.93,37
2013-11-21,Avery Recycled Flexi-View Covers for Binding Systems,Office Supplies,East,3,14.43,84
2013-11-21,Wireless Extenders zBoost YX545 SOHO Signal Booster,Technology,Central,1,151.19,239
2013-11-21,Advantus SlideClip Paper Clips,Office Supplies,East,7,19.1,156
2013-11-21,"Bush Westfield Collection Bookcases, Medium Cherry Finish",Furniture,East,3,86.97,132
2013-11-21,Logitech Wireless Gaming Headset G930,Technology,East,2,255.98,240
2013-11-21,Acco 3-Hole Punch,Office Supplies,East,2,2.63,201
2013-11-21,"Wilson Jones Elliptical Ring 3 1/2' Capacity Binders, 800 sheets",Office Supplies,East,3,128.4,91
2013-11-21,Southworth 25% Cotton Granite Paper & Envelopes,Office Supplies,East,3,15.7,20
2013-11-21,O'Sullivan 2-Door Barrister Bookcase in Odessa Pine,Furniture,South,2,289.57,241
2013-11-21,Grandstream GXP2100 Mainstream Business Phone,Technology,South,4,244.77,198
2013-11-21,Sony Micro Vault Click 4 GB USB 2.0 Flash Drive,Technology,West,2,27.88,194
2013-11-21,Avery 512,Office Supplies,East,8,18.5,108
2013-11-21,Akro-Mils 12-Gallon Tote,Office Supplies,South,5,39.72,46
2013-11-21,Xerox 189,Office Supplies,Central,3,314.55,83
2013-11-21,Eldon Wave Desk Accessories,Furniture,Central,3,7.07,82
2013-11-21,Samsung HM1900 Bluetooth Headset,Technology,Central,7,122.92,34
2013-11-21,"Ampad Poly Cover Wirebound Steno Book, 6' x 9' Assorted Colors, Gregg Ruled",Office Supplies,Central,2,9.08,195
2013-11-21,"Pressboard Covers with Storage Hooks, 9 1/2' x 11', Light Blue",Office Supplies,Central,1,4.91,68
2013-11-21,"Global Wood Trimmed Manager's Task Chair, Khaki",Furniture,Central,5,318.43,128
2013-11-22,Novimex Fabric Task Chair,Furniture,West,4,195.14,195
2013-11-22,Logitech Mobile Speakerphone P710e - speaker phone,Technology,Central,3,404.94,139
2013-11-22,Xerox 1910,Office Supplies,Central,1,38.43,187
2013-11-22,"Hon Metal Bookcases, Putty",Furniture,East,2,113.57,26
2013-11-22,"Tenex Personal Project File with Scoop Front Design, Black",Office Supplies,Central,2,21.57,55
2013-11-22,Xerox 1987,Office Supplies,Central,7,40.46,233
2013-11-22,Xerox 1975,Office Supplies,East,2,12.96,22
2013-11-22,Lenovo 17-Key USB Numeric Keypad,Technology,Central,3,81.58,152
2013-11-22,"Computer Room Manger, 14'",Furniture,East,3,77.95,20
2013-11-22,"Global Value Steno Chair, Gray",Furniture,East,3,127.55,60
2013-11-22,Texas Instrument TI-15 Fraction Calculator,Technology,East,7,30.34,62
2013-11-22,Xerox 222,Office Supplies,West,5,32.4,121
2013-11-23,"Acco Pressboard Covers with Storage Hooks, 9 1/2' x 11', Executive Red",Office Supplies,East,4,12.19,51
2013-11-23,Luxo Economy Swing Arm Lamp,Furniture,East,2,39.88,87
2013-11-23,GBC Premium Transparent Covers with Diagonal Lined Pattern,Office Supplies,East,8,134.27,152
2013-11-23,Ibico Standard Transparent Covers,Office Supplies,Central,3,49.44,236
2013-11-23,BIC Liqua Brite Liner,Office Supplies,East,3,20.82,54
2013-11-23,Avery 494,Office Supplies,Central,1,2.09,45
2013-11-23,Wilson Jones Impact Binders,Office Supplies,Central,6,6.22,31
2013-11-23,Newell 348,Office Supplies,Central,9,23.62,54
2013-11-23,KeyTronic KT800P2 - Keyboard - Black,Technology,Central,2,24.03,95
2013-11-23,Accohide Poly Flexible Ring Binders,Office Supplies,Central,6,4.49,132
2013-11-24,Advantus Map Pennant Flags and Round Head Tacks,Office Supplies,East,5,15.8,35
2013-11-24,Nu-Dell Float Frame 11 x 14 1/2,Furniture,East,2,14.37,109
2013-11-24,"DAX Executive Solid Wood Document Frame, Desktop or Hang, Mahogany, 5 x 7",Furniture,East,7,70.45,233
2013-11-25,Plantronics CS510 - Over-the-Head monaural Wireless Headset System,Technology,West,2,659.9,176
2013-11-25,Colored Push Pins,Office Supplies,Central,3,4.34,105
2013-11-25,Logitech G500s Laser Gaming Mouse with Adjustable Weight Tuning,Technology,West,8,559.92,57
2013-11-25,Logitech G19 Programmable Gaming Keyboard,Technology,Central,3,297.58,38
2013-11-25,"IBM Multi-Purpose Copy Paper, 8 1/2 x 11', Case",Office Supplies,West,1,24.78,79
2013-11-25,Howard Miller Distant Time Traveler Alarm Clock,Furniture,West,3,82.26,96
2013-11-25,"Dixon My First Ticonderoga Pencil, #2",Office Supplies,Central,3,14.04,112
2013-11-25,Tops Wirebound Message Log Books,Office Supplies,South,4,10.53,212
2013-11-25,AT&T 1080 Phone,Technology,Central,6,657.55,60
2013-11-25,V7 USB Numeric Keypad,Technology,East,5,139.96,136
2013-11-25,Xerox 196,Office Supplies,East,2,11.56,5
2013-11-25,Xerox 1925,Office Supplies,Central,3,74.35,242
2013-11-25,Brown Kraft Recycled Envelopes,Office Supplies,East,3,40.75,108
2013-11-25,Logitech G105 Gaming Keyboard,Technology,Central,2,94.99,34
2013-11-25,Fellowes Advanced Computer Series Surge Protectors,Office Supplies,South,2,42.38,38
2013-11-25,O'Sullivan Cherrywood Estates Traditional Bookcase,Furniture,South,5,339.92,149
2013-11-25,Global Leather Executive Chair,Furniture,West,6,1684.75,168
2013-11-25,"Acco PRESSTEX Data Binder with Storage Hooks, Light Blue, 9 1/2' X 11'",Office Supplies,East,4,17.22,117
2013-11-25,Sterilite Officeware Hinged File Box,Office Supplies,Central,5,41.92,4
2013-11-25,SanDisk Ultra 32 GB MicroSDHC Class 10 Memory Card,Technology,East,4,88.4,169
2013-11-25,Xerox 217,Office Supplies,East,1,6.48,86
2013-11-25,Howard Miller 11-1/2' Diameter Ridgewood Wall Clock,Furniture,East,4,207.76,208
2013-11-25,"iKross Bluetooth Portable Keyboard + Cell Phone Stand Holder + Brush for Apple iPhone 5S 5C 5, 4S 4",Technology,West,2,33.52,75
2013-11-25,Elite 5' Scissors,Office Supplies,West,3,25.35,214
2013-11-25,"DAX Value U-Channel Document Frames, Easel Back",Furniture,West,2,9.94,207
2013-11-25,Ibico Hi-Tech Manual Binding System,Office Supplies,West,5,1219.96,194
2013-11-25,Stockwell Gold Paper Clips,Office Supplies,East,3,4.42,157
2013-11-26,"Padded Folding Chairs, Black, 4/Carton",Furniture,West,3,194.35,56
2013-11-26,"Fellowes Strictly Business Drawer File, Letter/Legal Size",Office Supplies,East,4,563.4,126
2013-11-26,OtterBox Defender Series Case - Samsung Galaxy S4,Technology,South,2,59.98,213
2013-11-26,"Telephone Message Books with Fax/Mobile Section, 5 1/2' x 3 3/16'",Office Supplies,South,1,5.08,200
2013-11-26,Konica Minolta magicolor 1690MF Multifunction Printer,Technology,East,8,319.92,28
2013-11-26,Chromcraft Round Conference Tables,Furniture,Central,9,1568.61,238
2013-11-26,GBC Ibimaster 500 Manual ProClick Binding System,Office Supplies,East,2,456.59,164
2013-11-26,Sterilite Officeware Hinged File Box,Office Supplies,South,7,73.36,86
2013-11-26,Wilson Jones International Size A4 Ring Binders,Office Supplies,Central,1,17.3,140
2013-11-26,NETGEAR RangeMax WNR1000 Wireless Router,Technology,East,3,59.98,159
2013-11-26,Cubify CubeX 3D Printer Double Head Print,Technology,East,5,4499.98,45
2013-11-26,Memorex Mini Travel Drive 32 GB USB 2.0 Flash Drive,Technology,Central,8,160.0,115
2013-11-27,"GE 48' Fluorescent Tube, Cool White Energy Saver, 34 Watts, 30/Box",Furniture,West,6,595.38,238
2013-11-27,Newell 31,Office Supplies,West,9,37.17,111
2013-11-27,Binding Machine Supplies,Office Supplies,East,9,78.76,150
2013-11-27,Micropad Numeric Keypads,Technology,East,3,59.97,44
2013-11-27,DMI Eclipse Executive Suite Bookcases,Furniture,West,8,3406.66,144
2013-11-27,Newell 3-Hole Punched Plastic Slotted Magazine Holders for Binders,Office Supplies,West,2,7.31,246
2013-11-27,Staples,Office Supplies,South,7,70.98,103
2013-11-27,Xerox 1959,Office Supplies,East,2,13.36,84
2013-11-27,"Bevis Oval Conference Table, Walnut",Furniture,East,2,313.18,193
2013-11-27,Wilson Jones DublLock D-Ring Binders,Office Supplies,South,5,33.75,228
2013-11-27,DIXON Ticonderoga Erasable Checking Pencils,Office Supplies,Central,4,17.86,133
2013-11-27,Hewlett-Packard Deskjet 3050a All-in-One Color Inkjet Printer,Technology,South,8,3040.0,107
2013-11-27,Zipper Ring Binder Pockets,Office Supplies,South,4,3.74,17
2013-11-27,Mitel MiVoice 5330e IP Phone,Technology,East,3,494.98,93
2013-11-27,Belkin F9S820V06 8 Outlet Surge,Office Supplies,West,2,64.96,149
2013-11-27,Surelock Post Binders,Office Supplies,South,3,91.68,245
2013-11-28,Ibico Plastic Spiral Binding Combs,Office Supplies,Central,5,152.0,32
2013-11-28,"Verbatim 25 GB 6x Blu-ray Single Layer Recordable Disc, 3/Pack",Technology,Central,5,34.95,157
2013-11-28,Wi-Ex zBoost YX540 Cellular Phone Signal Booster,Technology,South,1,116.76,208
2013-11-28,"GBC Pre-Punched Binding Paper, Plastic, White, 8-1/2' x 11'",Office Supplies,East,5,79.95,125
2013-11-28,Ultra Door Pull Handle,Furniture,East,3,31.56,234
2013-11-28,KI Adjustable-Height Table,Furniture,South,7,331.02,159
2013-11-28,Euro-Pro Shark Turbo Vacuum,Office Supplies,Central,6,167.29,169
2013-11-28,Eldon Simplefile Box Office,Office Supplies,West,4,39.81,242
2013-11-28,Memorex Micro Travel Drive 8 GB,Technology,Central,6,62.4,205
2013-11-28,Motorola Moto X,Technology,West,1,271.99,121
2013-11-28,Xerox 1945,Office Supplies,East,5,204.95,137
2013-11-28,Newell 324,Office Supplies,East,3,34.65,238
2013-11-28,Xerox 215,Office Supplies,East,4,25.92,114
2013-11-28,"SAFCO Commercial Wire Shelving, 72h",Office Supplies,Central,2,97.98,163
2013-11-29,"Global Push Button Manager's Chair, Indigo",Furniture,South,3,182.67,161
2013-11-29,Kingston Digital DataTraveler 32GB USB 2.0,Technology,South,6,101.7,200
2013-11-29,"Situations Contoured Folding Chairs, 4/Set",Furniture,East,7,347.8,233
2013-11-29,Tennsco Single-Tier Lockers,Office Supplies,South,3,1126.02,27
2013-11-29,Translucent Push Pins by OIC,Office Supplies,East,8,12.67,10
2013-11-29,Wireless Extenders zBoost YX545 SOHO Signal Booster,Technology,East,3,340.18,205
2013-11-29,"24 Capacity Maxi Data Binder Racks, Pearl",Office Supplies,South,6,1263.3,166
2013-11-29,Avery Poly Binder Pockets,Office Supplies,East,2,7.16,246
2013-11-29,Tennsco Commercial Shelving,Office Supplies,East,2,32.54,46
2013-11-29,ACCOHIDE Binder by Acco,Office Supplies,South,6,7.43,245
2013-11-29,GBC Plasticlear Binding Covers,Office Supplies,East,2,6.89,126
2013-11-30,"Tenex Chairmat w/ Average Lip, 45' x 53'",Furniture,Central,4,242.18,146
2013-11-30,Memorex Micro Travel Drive 32 GB,Technology,Central,2,58.42,117
2013-12-01,High-Back Leather Manager's Chair,Furniture,Central,3,389.97,142
2013-12-01,Sensible Storage WireTech Storage Systems,Office Supplies,Central,7,496.86,125
2013-12-01,AT&T 17929 Lendline Telephone,Technology,South,1,36.19,155
2013-12-01,"Adams Phone Message Book, 200 Message Capacity, 8 1/16 x 11",Office Supplies,Central,2,13.76,151
2013-12-01,"REDIFORM Incoming/Outgoing Call Register, 11' X 8 1/2', 100 Messages",Office Supplies,Central,4,33.36,71
2013-12-02,"Sauder Facets Collection Locker/File Cabinet, Sky Alder Finish",Office Supplies,West,3,1112.94,106
2013-12-02,Universal Premium White Copier/Laser Paper (20Lb. and 87 Bright),Office Supplies,Central,4,23.92,136
2013-12-02,#10- 4 1/8' x 9 1/2' Security-Tint Envelopes,Office Supplies,West,3,22.92,174
2013-12-02,"Sanford Colorific Colored Pencils, 12/Box",Office Supplies,West,8,23.04,32
2013-12-02,Westinghouse Clip-On Gooseneck Lamps,Furniture,West,2,16.74,189
2013-12-02,DAX Cubicle Frames - 8x10,Furniture,Central,3,17.31,224
2013-12-02,Hon Every-Day Series Multi-Task Chairs,Furniture,East,4,751.92,18
2013-12-02,Xerox 1886,Office Supplies,West,1,47.9,194
2013-12-02,JBL Micro Wireless Portable Bluetooth Speaker,Technology,East,3,179.97,73
2013-12-02,Honeywell Enviracaire Portable HEPA Air Cleaner for 17' x 22' Room,Office Supplies,East,3,901.95,167
2013-12-02,Newell 343,Office Supplies,South,2,4.7,174
2013-12-02,"Situations Contoured Folding Chairs, 4/Set",Furniture,Central,5,248.43,233
2013-12-02,Tenex Chairmats For Use With Carpeted Floors,Furniture,West,2,31.96,192
2013-12-02,Acco 6 Outlet Guardian Premium Surge Suppressor,Office Supplies,Central,4,11.65,156
2013-12-02,Jabra Supreme Plus Driver Edition Headset,Technology,South,9,863.93,177
2013-12-02,Harbour Creations Steel Folding Chair,Furniture,East,2,172.5,97
2013-12-02,Chromcraft Round Conference Tables,Furniture,East,3,366.01,242
2013-12-02,Honeywell Enviracaire Portable HEPA Air Cleaner for 17' x 22' Room,Office Supplies,South,7,2104.55,140
2013-12-02,Acme Softgrip Scissors,Office Supplies,South,5,40.7,245
2013-12-02,"XtraLife ClearVue Slant-D Ring Binder, White, 3'",Office Supplies,East,6,88.08,128
2013-12-02,Executive Impressions 14',Furniture,East,5,111.15,161
2013-12-02,Jensen SMPS-640 - speaker phone,Technology,East,3,137.94,92
2013-12-02,"Global Push Button Manager's Chair, Indigo",Furniture,Central,2,85.25,175
2013-12-03,"GBC White Gloss Covers, Plain Front",Office Supplies,Central,8,115.84,238
2013-12-03,Xerox 1962,Office Supplies,Central,9,30.82,204
2013-12-03,Sauder Camden County Collection Library,Furniture,Central,10,781.86,47
2013-12-03,Eldon 500 Class Desk Accessories,Furniture,East,6,72.42,176
2013-12-03,Xerox 192,Office Supplies,West,4,25.92,244
2013-12-03,HP Office Recycled Paper (20Lb. and 87 Bright),Office Supplies,West,7,40.46,63
2013-12-03,Deluxe Rollaway Locking File with Drawer,Office Supplies,East,5,2079.4,60
2013-12-03,VTech DS6151,Technology,East,5,629.95,156
2013-12-03,X-Rack File for Hanging Folders,Office Supplies,West,3,33.87,38
2013-12-03,WD My Passport Ultra 1TB Portable External Hard Drive,Technology,West,3,165.6,127
2013-12-03,Green Bar Computer Printout Paper,Office Supplies,East,1,54.96,87
2013-12-03,GBC VeloBind Cover Sets,Office Supplies,West,2,24.7,25
2013-12-03,"Holmes Cool Mist Humidifier for the Whole House with 8-Gallon Output per Day, Extended Life Filter",Office Supplies,West,3,59.7,16
2013-12-03,"XtraLife ClearVue Slant-D Ring Binder, White, 3'",Office Supplies,East,3,35.23,70
2013-12-03,"Eldon Regeneration Recycled Desk Accessories, Black",Furniture,West,3,14.52,12
2013-12-03,Ibico EB-19 Dual Function Manual Binding System,Office Supplies,East,3,415.18,68
2013-12-03,Satellite Sectional Post Binders,Office Supplies,West,3,104.18,25
2013-12-04,"GBC Clear Cover, 8-1/2 x 11, unpunched, 25 covers per pack",Office Supplies,East,4,18.19,48
2013-12-04,Honeywell Enviracaire Portable HEPA Air Cleaner for up to 10 x 16 Room,Office Supplies,East,4,394.82,194
2013-12-04,Logitech Z-906 Speaker sys - home theater - 5.1-CH,Technology,West,5,1649.95,6
2013-12-04,3M Polarizing Light Filter Sleeves,Furniture,West,6,111.9,57
2013-12-04,Xerox 1964,Office Supplies,East,8,182.72,48
2013-12-04,"Bevis Traditional Conference Table Top, Plinth Base",Furniture,East,2,400.03,102
2013-12-04,"Personal Folder Holder, Ebony",Office Supplies,East,3,33.63,52
2013-12-04,"Global Leather Highback Executive Chair with Pneumatic Height Adjustment, Black",Furniture,East,3,542.65,192
2013-12-04,Avery 520,Office Supplies,East,2,6.3,240
2013-12-04,Hon 5100 Series Wood Tables,Furniture,Central,2,581.96,61
2013-12-04,"Global Stack Chair with Arms, Black",Furniture,Central,1,29.98,16
2013-12-04,Rogers Handheld Barrel Pencil Sharpener,Office Supplies,West,8,21.92,170
2013-12-04,Hon 4060 Series Tables,Furniture,West,3,268.7,24
2013-12-04,O'Sullivan Living Dimensions 2-Shelf Bookcases,Furniture,West,2,205.67,130
2013-12-04,Fellowes Staxonsteel Drawer Files,Office Supplies,West,4,772.68,206
2013-12-04,Acco Perma 4000 Stacking Storage Drawers,Office Supplies,West,3,48.72,28
2013-12-05,Carina Media Storage Towers in Natural & Black,Office Supplies,East,3,182.94,116
2013-12-05,Staples,Office Supplies,East,4,40.56,234
2013-12-05,Peel & Stick Add-On Corner Pockets,Office Supplies,East,1,1.73,159
2013-12-05,Enermax Aurora Lite Keyboard,Technology,East,1,78.15,25
2013-12-05,"Eldon Delta Triangular Chair Mat, 52' x 58', Clear",Furniture,East,3,113.79,123
2013-12-05,Fellowes Econo/Stor Drawers,Office Supplies,East,2,193.86,143
2013-12-05,Xerox 1915,Office Supplies,West,1,104.85,24
2013-12-05,Belkin OmniView SE Rackmount Kit,Office Supplies,East,6,212.88,53
2013-12-05,GBC Instant Report Kit,Office Supplies,East,3,15.53,155
2013-12-06,O'Sullivan 5-Shelf Heavy-Duty Bookcases,Furniture,East,1,81.94,72
2013-12-06,"Hon Deluxe Fabric Upholstered Stacking Chairs, Rounded Back",Furniture,Central,8,1951.84,119
2013-12-06,Newell 311,Office Supplies,Central,2,3.54,55
2013-12-06,"#10 White Business Envelopes,4 1/8 x 9 1/2",Office Supplies,East,7,109.69,64
2013-12-06,GBC Prestige Therm-A-Bind Covers,Office Supplies,Central,5,171.55,92
2013-12-06,Avery 483,Office Supplies,Central,3,11.95,248
2013-12-06,Electrix 20W Halogen Replacement Bulb for Zoom-In Desk Lamp,Furniture,East,1,13.4,85
2013-12-06,Staples,Office Supplies,East,1,4.98,79
2013-12-06,Fellowes Bankers Box Staxonsteel Drawer File/Stacking System,Office Supplies,South,9,584.82,168
2013-12-06,Samsung Galaxy S III - 16GB - pebble blue (T-Mobile),Technology,South,2,699.98,242
2013-12-06,Plantronics Cordless Phone Headset with In-line Volume - M214C,Technology,Central,11,384.45,107
2013-12-06,Anker Astro 15000mAh USB Portable Charger,Technology,Central,3,149.97,178
2013-12-06,"BIC Brite Liner Grip Highlighters, Assorted, 5/Pack",Office Supplies,East,8,33.92,117
2013-12-06,Fellowes PB200 Plastic Comb Binding Machine,Office Supplies,West,3,407.98,232
2013-12-06,"Dual Level, Single-Width Filing Carts",Office Supplies,East,3,465.18,198
2013-12-06,Howard Miller 16' Diameter Gallery Wall Clock,Furniture,South,3,191.82,205
2013-12-07,Blackstonian Pencils,Office Supplies,West,7,18.69,156
2013-12-07,Avaya 5410 Digital phone,Technology,West,5,271.96,82
2013-12-07,GBC Standard Therm-A-Bind Covers,Office Supplies,West,3,59.81,146
2013-12-07,"Snap-A-Way Black Print Carbonless Ruled Speed Letter, Triplicate",Office Supplies,West,5,189.7,193
2013-12-07,Xerox 1977,Office Supplies,West,2,13.36,168
2013-12-07,Plantronics Calisto P620-M USB Wireless Speakerphone System,Technology,West,1,156.79,172
2013-12-07,Ibico Plastic and Wire Spiral Binding Combs,Office Supplies,West,7,47.21,14
2013-12-07,Jet-Pak Recycled Peel 'N' Seal Padded Mailers,Office Supplies,West,1,35.89,130
2013-12-07,Cisco SPA301,Technology,West,2,249.58,138
2013-12-07,Google Nexus 5,Technology,West,3,431.98,180
2013-12-07,"Alliance Big Bands Rubber Bands, 12/Pack",Office Supplies,West,7,13.86,173
2013-12-07,Avery Durable Slant Ring Binders With Label Holder,Office Supplies,West,4,13.38,29
2013-12-07,Brother DCP1000 Digital 3 in 1 Multifunction Machine,Technology,East,2,479.98,56
2013-12-07,Trimflex Flexible Post Binders,Office Supplies,East,13,222.35,231
2013-12-07,Ibico EB-19 Dual Function Manual Binding System,Office Supplies,East,7,968.74,145
2013-12-07,Xerox 216,Office Supplies,West,3,19.44,178
2013-12-07,Xerox 1880,Office Supplies,West,7,248.08,127
2013-12-07,Ibico Recycled Linen-Style Covers,Office Supplies,West,14,437.47,47
2013-12-09,"SimpliFile Personal File, Black Granite, 15w x 6-15/16d x 11-1/4h",Office Supplies,West,3,34.05,193
2013-12-09,Fellowes High-Stak Drawer Files,Office Supplies,West,2,352.38,223
2013-12-09,"Electrix Architect's Clamp-On Swing Arm Lamp, Black",Furniture,Central,5,190.92,135
2013-12-09,GE 30524EE4,Technology,Central,7,1097.54,21
2013-12-09,Xerox 204,Office Supplies,West,7,45.36,5
2013-12-09,"Universal Recycled Hanging Pressboard Report Binders, Letter Size",Office Supplies,East,7,12.96,203
2013-12-09,Cisco SPA301,Technology,South,2,249.58,238
2013-12-09,Hon GuestStacker Chair,Furniture,Central,3,680.01,184
2013-12-09,Newell 341,Office Supplies,West,2,8.56,103
2013-12-09,"Bush Westfield Collection Bookcases, Dark Cherry Finish",Furniture,Central,7,405.86,35
2013-12-09,Hon 94000 Series Round Tables,Furniture,West,6,1421.66,78
2013-12-09,"Ampad Gold Fibre Wirebound Steno Books, 6' x 9', Gregg Ruled",Office Supplies,East,3,10.58,219
2013-12-09,Motorola HK250 Universal Bluetooth Headset,Technology,Central,5,114.95,115
2013-12-09,Imation 30456 USB Flash Drive 8GB,Technology,South,3,16.56,56
2013-12-09,Maxell 4.7GB DVD-R,Technology,South,3,68.11,48
2013-12-10,Acme Office Executive Series Stainless Steel Trimmers,Office Supplies,Central,3,20.57,172
2013-12-10,Newell 318,Office Supplies,Central,7,19.46,81
2013-12-10,"Acco Six-Outlet Power Strip, 4' Cord Length",Office Supplies,Central,7,60.34,65
2013-12-10,"Wilson Jones Elliptical Ring 3 1/2' Capacity Binders, 800 sheets",Office Supplies,West,8,273.92,76
2013-12-10,Kingston Digital DataTraveler 8GB USB 2.0,Technology,Central,4,19.04,44
2013-12-10,Avery 517,Office Supplies,East,1,3.69,245
2013-12-10,Avery 477,Office Supplies,East,4,122.12,78
2013-12-10,"Holmes Replacement Filter for HEPA Air Cleaner, Very Large Room, HEPA Filter",Office Supplies,Central,1,61.93,19
2013-12-10,Logitech Trackman Marble Mouse,Technology,Central,2,59.98,191
2013-12-10,"Hunt BOSTON Vista Battery-Operated Pencil Sharpener, Black",Office Supplies,Central,1,9.33,220
2013-12-10,Things To Do Today Pad,Office Supplies,Central,2,9.39,122
2013-12-10,"LF Elite 3D Dazzle Designer Hard Case Cover, Lf Stylus Pen and Wiper For Apple Iphone 5c Mini Lite",Technology,Central,1,10.9,233
2013-12-10,Belkin 6 Outlet Metallic Surge Strip,Office Supplies,Central,2,4.36,220
2013-12-10,"Acco Pressboard Covers with Storage Hooks, 14 7/8' x 11', Light Blue",Office Supplies,South,2,2.95,66
2013-12-10,Hon 61000 Series Interactive Training Tables,Furniture,South,3,79.97,82
2013-12-10,ARKON Windshield Dashboard Air Vent Car Mount Holder,Technology,South,3,40.68,2
2013-12-10,Iceberg OfficeWorks 42' Round Tables,Furniture,South,7,1056.86,181
2013-12-11,Xerox 1988,Office Supplies,West,4,123.92,205
2013-12-11,Fellowes PB200 Plastic Comb Binding Machine,Office Supplies,East,5,679.96,63
2013-12-11,Xerox 221,Office Supplies,East,1,6.48,39
2013-12-11,"Global Leather Highback Executive Chair with Pneumatic Height Adjustment, Black",Furniture,West,2,321.57,58
2013-12-11,Harmony HEPA Quiet Air Purifiers,Office Supplies,West,3,35.1,182
2013-12-11,GBC DocuBind P50 Personal Binding Machine,Office Supplies,West,3,153.55,61
2013-12-11,Global Commerce Series High-Back Swivel/Tilt Chairs,Furniture,Central,5,1424.9,131
2013-12-11,"Wirebound Message Books, Four 2 3/4' x 5' Forms per Page, 600 Sets per Book",Office Supplies,East,2,18.54,59
2013-12-11,Kingston Digital DataTraveler 16GB USB 2.0,Technology,West,5,44.75,115
2013-12-11,"Wirebound Message Books, Four 2 3/4 x 5 White Forms per Page",Office Supplies,West,12,80.28,74
2013-12-11,Holmes HEPA Air Purifier,Office Supplies,West,3,65.34,121
2013-12-11,"Fellowes Personal Hanging Folder Files, Navy",Office Supplies,East,6,80.58,222
2013-12-11,Tyvek Side-Opening Peel & Seel Expanding Envelopes,Office Supplies,East,4,361.92,106
2013-12-11,"Adams Phone Message Book, Professional, 400 Message Capacity, 5 3/6 x 11",Office Supplies,East,9,62.82,95
2013-12-12,Belkin F5C206VTEL 6 Outlet Surge,Office Supplies,East,4,73.54,90
2013-12-12,Advantus Push Pins,Office Supplies,East,7,15.26,157
2013-12-12,AT&T CL83451 4-Handset Telephone,Technology,East,5,1029.95,234
2013-12-12,"Global Wood Trimmed Manager's Task Chair, Khaki",Furniture,West,5,363.92,129
2013-12-12,"Belkin 325VA UPS Surge Protector, 6'",Office Supplies,East,4,387.14,61
2013-12-12,Acco Perma 4000 Stacking Storage Drawers,Office Supplies,East,5,64.96,48
2013-12-12,Tennsco Regal Shelving Units,Office Supplies,West,3,243.38,136
2013-12-12,Imation 32GB Pocket Pro USB 3.0 Flash Drive - 32 GB - Black - 1 P ...,Technology,West,5,119.8,91
2013-12-12,Jabra SPEAK 410,Technology,West,4,300.77,158
2013-12-12,3M Hangers With Command Adhesive,Furniture,West,4,14.8,123
2013-12-12,AT&T TR1909W,Technology,West,3,302.38,225
2013-12-12,Prang Drawing Pencil Set,Office Supplies,South,3,6.67,60
2013-12-12,"Office Star - Contemporary Task Swivel chair with Loop Arms, Charcoal",Furniture,East,5,458.43,247
2013-12-12,First Data FD10 PIN Pad,Technology,West,4,316.0,206
2013-12-12,Fellowes 8 Outlet Superior Workstation Surge Protector,Office Supplies,West,2,83.42,47
2013-12-12,GBC Recycled VeloBinder Covers,Office Supplies,West,9,122.69,152
2013-12-12,Elite 5' Scissors,Office Supplies,East,2,13.52,163
2013-12-12,Steel Personal Filing/Posting Tote,Office Supplies,South,3,85.22,135
2013-12-12,Recycled Easel Ring Binders,Office Supplies,West,3,35.81,200
2013-12-12,Rogers Profile Extra Capacity Storage Tub,Office Supplies,West,3,50.22,249
2013-12-12,"Lesro Round Back Collection Coffee Table, End Table",Furniture,East,3,328.59,57
2013-12-12,Hon Non-Folding Utility Tables,Furniture,West,7,892.14,100
2013-12-12,"Black Avery Memo-Size 3-Ring Binder, 5 1/2' x 8 1/2'",Office Supplies,West,2,5.87,111
2013-12-12,"IBM Multi-Purpose Copy Paper, 8 1/2 x 11', Case",Office Supplies,West,1,30.98,172
2013-12-12,Microsoft Natural Ergonomic Keyboard 4000,Technology,West,4,119.96,61
2013-12-12,Boston 16765 Mini Stand Up Battery Pencil Sharpener,Office Supplies,West,2,23.32,38
2013-12-12,Ibico Laser Imprintable Binding System Covers,Office Supplies,West,5,209.6,223
2013-12-12,"Global Fabric Manager's Chair, Dark Gray",Furniture,West,5,403.92,57
2013-12-13,Jabra SPEAK 410,Technology,Central,7,657.93,243
2013-12-13,Belkin F9H710-06 7 Outlet SurgeMaster Surge Protector,Office Supplies,West,3,56.52,208
2013-12-13,Xerox 1907,Office Supplies,South,4,49.12,98
2013-12-13,Eldon 500 Class Desk Accessories,Furniture,East,5,60.35,228
2013-12-13,Wilson Jones Century Plastic Molded Ring Binders,Office Supplies,East,3,18.69,210
2013-12-13,Case Logic 2.4GHz Wireless Keyboard,Technology,South,5,249.95,191
2013-12-13,Logitech G602 Wireless Gaming Mouse,Technology,East,6,383.95,43
2013-12-13,Westinghouse Clip-On Gooseneck Lamps,Furniture,Central,4,33.48,28
2013-12-13,Newell 333,Office Supplies,Central,5,13.9,58
2013-12-13,Fiskars Home & Office Scissors,Office Supplies,East,4,35.52,70
2013-12-13,Howard Miller 14-1/2' Diameter Chrome Round Wall Clock,Furniture,West,6,383.64,91
2013-12-13,Fellowes Desktop Hanging File Manager,Office Supplies,Central,2,26.86,8
2013-12-13,Sanford Pocket Accent Highlighters,Office Supplies,East,7,11.2,126
2013-12-14,Crayola Colored Pencils,Office Supplies,West,3,9.84,219
2013-12-14,"Acco Pressboard Covers with Storage Hooks, 14 7/8' x 11', Dark Blue",Office Supplies,West,2,6.1,133
2013-12-14,Bretford CR4500 Series Slim Rectangular Table,Furniture,West,4,1114.27,156
2013-12-14,Memorex Mini Travel Drive 16 GB USB 2.0 Flash Drive,Technology,Central,4,63.88,185
2013-12-15,"Global Task Chair, Black",Furniture,West,2,81.42,144
2013-12-15,Executive Impressions 14',Furniture,South,6,133.38,143
2013-12-15,"Tenex Personal Project File with Scoop Front Design, Black",Office Supplies,West,10,134.8,214
2013-12-15,Acco Recycled 2' Capacity Laser Printer Hanging Data Binders,Office Supplies,East,2,23.12,222
2013-12-15,Advantus Rolling Storage Box,Office Supplies,East,1,17.15,130
2013-12-15,"GE 48' Fluorescent Tube, Cool White Energy Saver, 34 Watts, 30/Box",Furniture,East,4,396.92,20
2013-12-15,"OIC Colored Binder Clips, Assorted Sizes",Office Supplies,East,6,21.48,63
2013-12-15,Strathmore Photo Frame Cards,Office Supplies,East,2,14.62,89
2013-12-15,Avery 474,Office Supplies,East,2,5.76,35
2013-12-16,Belkin 5 Outlet SurgeMaster Power Centers,Office Supplies,West,2,87.17,233
2013-12-16,Bretford Rectangular Conference Table Tops,Furniture,West,3,564.2,228
2013-12-16,"Recycled Data-Pak for Archival Bound Computer Printouts, 12-1/2 x 12-1/2 x 16",Office Supplies,Central,3,296.37,244
2013-12-16,Xerox 1958,Office Supplies,South,3,19.44,213
2013-12-16,"Avery Triangle Shaped Sheet Lifters, Black, 2/Pack",Office Supplies,East,3,2.21,61
2013-12-16,"Eldon Expressions Wood Desk Accessories, Oak",Furniture,West,2,14.76,169
2013-12-16,Chromcraft Bull-Nose Wood Oval Conference Tables & Bases,Furniture,Central,3,1652.94,75
2013-12-17,Office Star - Contemporary Swivel Chair with Padded Adjustable Arms and Flex Back,Furniture,West,5,563.92,169
2013-12-17,Acco 6 Outlet Guardian Premium Surge Suppressor,Office Supplies,South,3,34.94,188
2013-12-17,Cardinal Hold-It CD Pocket,Office Supplies,Central,3,4.79,12
2013-12-17,Stockwell Gold Paper Clips,Office Supplies,East,2,3.68,10
2013-12-17,Imation USB 2.0 Swivel Flash Drive USB flash drive - 4 GB - Pink,Technology,West,7,21.21,53
2013-12-18,"Personal Filing Tote with Lid, Black/Gray",Office Supplies,West,3,46.53,15
2013-12-18,Bretford Just In Time Height-Adjustable Multi-Task Work Tables,Furniture,West,6,2003.52,7
2013-12-18,"GBC Laser Imprintable Binding System Covers, Desert Sand",Office Supplies,West,1,11.42,103
2013-12-18,WD My Passport Ultra 1TB Portable External Hard Drive,Technology,Central,3,165.6,58
2013-12-18,Ibico Plastic and Wire Spiral Binding Combs,Office Supplies,West,2,13.49,56
2013-12-18,GBC Ibimaster 500 Manual ProClick Binding System,Office Supplies,Central,13,9892.74,39
2013-12-18,Xerox 214,Office Supplies,Central,10,51.84,236
2013-12-19,SanDisk Cruzer 64 GB USB Flash Drive,Technology,West,2,72.64,186
2013-12-19,Eldon 200 Class Desk Accessories,Furniture,Central,3,18.84,129
2013-12-19,Macally Suction Cup Mount,Technology,West,3,28.68,93
2013-12-19,"Eldon Expressions Wood and Plastic Desk Accessories, Oak",Furniture,West,4,39.92,221
2013-12-19,Vinyl Sectional Post Binders,Office Supplies,West,4,45.24,203
2013-12-19,Premier Automatic Letter Opener,Office Supplies,South,5,961.48,137
2013-12-19,Newell 312,Office Supplies,West,4,18.69,43
2013-12-19,I Need's 3d Hello Kitty Hybrid Silicone Case Cover for HTC One X 4g with 3d Hello Kitty Stylus Pen Green/pink,Technology,West,7,66.98,138
2013-12-19,Tennsco Double-Tier Lockers,Office Supplies,East,4,900.08,206
2013-12-19,Avery White Multi-Purpose Labels,Office Supplies,West,4,15.94,79
2013-12-19,"Acco 7-Outlet Masterpiece Power Center, Wihtout Fax/Phone Line Protection",Office Supplies,South,2,194.53,80
2013-12-19,GBC VeloBinder Electric Binding Machine,Office Supplies,South,7,254.06,217
2013-12-19,Hon Every-Day Series Multi-Task Chairs,Furniture,Central,3,563.94,1
2013-12-19,Seth Thomas 12' Clock w/ Goldtone Case,Furniture,West,8,183.84,177
2013-12-19,"Eureka Recycled Copy Paper 8 1/2' x 11', Ream",Office Supplies,West,6,38.88,139
2013-12-19,Sony Micro Vault Click 8 GB USB 2.0 Flash Drive,Technology,West,3,112.78,114
2013-12-19,Black Print Carbonless 8 1/2' x 8 1/4' Rapid Memo Book,Office Supplies,West,2,11.65,89
2013-12-19,Logitech P710e Mobile Speakerphone,Technology,West,3,772.47,22
2013-12-19,GBC DocuBind TL300 Electric Binding System,Office Supplies,East,2,1793.98,145
2013-12-19,Premier Electric Letter Opener,Office Supplies,West,5,579.3,61
2013-12-19,Iceberg OfficeWorks 42' Round Tables,Furniture,West,5,377.45,223
2013-12-20,"Cardinal Slant-D Ring Binder, Heavy Gauge Vinyl",Office Supplies,West,2,5.21,112
2013-12-20,"SAFCO PlanMaster Boards, 60w x 37-1/2d, White Melamine",Furniture,West,6,455.97,127
2013-12-20,Wilson Jones Easy Flow II Sheet Lifters,Office Supplies,Central,5,1.8,61
2013-12-20,"Wilson Jones Clip & Carry Folder Binder Tool for Ring Binders, Clear",Office Supplies,West,6,10.44,37
2013-12-20,"GBC Laser Imprintable Binding System Covers, Desert Sand",Office Supplies,East,3,34.25,248
2013-12-20,Eldon 'L' Workstation Diamond Chairmat,Furniture,East,5,303.92,238
2013-12-20,Newell 326,Office Supplies,East,2,3.52,194
2013-12-21,SanDisk Ultra 32 GB MicroSDHC Class 10 Memory Card,Technology,South,3,66.3,165
2013-12-21,Strathmore Photo Mount Cards,Office Supplies,Central,5,33.9,194
2013-12-21,C-Line Cubicle Keepers Polyproplyene Holder With Velcro Backings,Furniture,South,4,18.92,221
2013-12-21,DXL Angle-View Binders with Locking Rings by Samsill,Office Supplies,South,2,15.42,60
2013-12-23,Wilson Jones International Size A4 Ring Binders,Office Supplies,West,4,55.36,128
2013-12-23,Texas Instrument TI-15 Fraction Calculator,Technology,West,1,11.56,221
2013-12-23,Deflect-o DuraMat Antistatic Studded Beveled Mat for Medium Pile Carpeting,Furniture,West,8,842.72,172
2013-12-23,3M Hangers With Command Adhesive,Furniture,West,4,11.84,223
2013-12-23,"GBC Pre-Punched Binding Paper, Plastic, White, 8-1/2' x 11'",Office Supplies,East,2,25.58,155
2013-12-23,Seth Thomas 14' Day/Date Wall Clock,Furniture,West,1,22.78,148
2013-12-23,"Avery 3 1/2' Diskette Storage Pages, 10/Pack",Office Supplies,West,10,31.32,121
2013-12-23,Magnifier Swing Arm Lamp,Furniture,West,2,41.96,109
2013-12-24,"Electrix Architect's Clamp-On Swing Arm Lamp, Black",Furniture,South,6,572.76,12
2013-12-24,Cisco SPA112 2 Port Phone Adapter,Technology,Central,3,131.88,154
2013-12-24,"Tennsco Snap-Together Open Shelving Units, Starter Sets and Add-On Units",Office Supplies,West,4,1117.92,99
2013-12-24,Staples,Office Supplies,West,2,61.96,134
2013-12-24,Xerox 1911,Office Supplies,West,1,47.9,21
2013-12-24,"Electrix Architect's Clamp-On Swing Arm Lamp, Black",Furniture,South,3,286.38,73
2013-12-24,"Sanford EarthWrite Recycled Pencils, Medium Soft, #2",Office Supplies,West,2,4.2,230
2013-12-24,"Bush Westfield Collection Bookcases, Fully Assembled",Furniture,Central,2,141.37,180
2013-12-24,"Permanent Self-Adhesive File Folder Labels for Typewriters, 1 1/8 x 3 1/2, White",Office Supplies,Central,9,45.36,206
2013-12-24,Computer Printout Paper with Letter-Trim Perforations,Office Supplies,West,2,37.94,206
2013-12-24,Wireless Extenders zBoost YX545 SOHO Signal Booster,Technology,Central,3,453.58,131
2013-12-24,Newell 317,Office Supplies,West,3,8.82,223
2013-12-24,Cisco SPA 502G IP Phone,Technology,Central,3,287.88,22
2013-12-24,SAFCO Boltless Steel Shelving,Office Supplies,West,2,227.28,118
2013-12-24,"Acco Clips to Go Binder Clips, 24 Clips in Two Sizes",Office Supplies,Central,7,24.85,69
2013-12-24,LG G2,Technology,East,5,1499.97,215
2013-12-24,Hewlett Packard 610 Color Digital Copier / Printer,Technology,East,4,1999.96,83
2013-12-24,"GE General Purpose, Extra Long Life, Showcase & Floodlight Incandescent Bulbs",Furniture,Central,2,2.33,249
2013-12-24,Xerox 1952,Office Supplies,East,2,7.97,100
2013-12-24,"Universal Recycled Hanging Pressboard Report Binders, Letter Size",Office Supplies,East,3,5.55,83
2013-12-25,Tennsco Double-Tier Lockers,Office Supplies,South,3,540.05,203
2013-12-25,GBC Linen Binding Covers,Office Supplies,South,3,27.88,160
2013-12-25,Luxo Adjustable Task Clamp Lamp,Furniture,East,9,799.56,27
2013-12-25,Microsoft Sculpt Comfort Mouse,Technology,South,8,255.68,135
2013-12-25,Samsung Rugby III,Technology,East,3,197.97,0
2013-12-25,Staples,Office Supplies,West,7,39.76,164
2013-12-25,"Eldon 200 Class Desk Accessories, Smoke",Furniture,West,7,43.96,62
2013-12-25,Xerox 1898,Office Supplies,West,5,33.4,21
2013-12-26,"Global Stack Chair with Arms, Black",Furniture,West,2,47.97,69
2013-12-26,Razer Tiamat Over Ear 7.1 Surround Sound PC Gaming Headset,Technology,South,2,399.98,124
2013-12-26,Newell 327,Office Supplies,South,9,19.89,148
2013-12-26,Panasonic KX MC6040 Color Laser Multifunction Printer,Technology,West,2,269.97,95
2013-12-26,KI Conference Tables,Furniture,West,1,35.44,162
2013-12-26,"SAFCO PlanMaster Heigh-Adjustable Drafting Table Base, 43w x 30d x 30-37h, Black",Furniture,West,5,1747.25,78
2013-12-26,Global Executive Mid-Back Manager's Chair,Furniture,West,3,698.35,4
2013-12-26,GBC Premium Transparent Covers with Diagonal Lined Pattern,Office Supplies,East,2,33.57,59
2013-12-26,Hypercom P1300 Pinpad,Technology,West,2,100.8,119
2013-12-26,Howard Miller 13-1/2' Diameter Rosebrook Wall Clock,Furniture,South,5,343.85,45
2013-12-26,Hon 4070 Series Pagoda Round Back Stacking Chairs,Furniture,East,3,866.65,177
2013-12-26,"Master Big Foot Doorstop, Beige",Furniture,East,4,21.12,175
2013-12-26,Samsung Galaxy Note 2,Technology,West,7,2575.94,133
2013-12-26,Xerox 225,Office Supplies,West,7,45.36,216
2013-12-26,Hon 4700 Series Mobuis Mid-Back Task Chairs with Adjustable Arms,Furniture,East,8,2563.06,55
2013-12-26,Xerox 1906,Office Supplies,South,3,106.32,109
2013-12-26,SanDisk Cruzer 64 GB USB Flash Drive,Technology,West,7,254.24,186
2013-12-26,"Bevis Oval Conference Table, Walnut",Furniture,East,2,313.18,247
2013-12-26,Imation Clip USB flash drive - 8 GB,Technology,West,3,45.12,231
2013-12-27,Novimex Turbo Task Chair,Furniture,East,3,212.94,156
2013-12-27,Belkin F8E887 USB Wired Ergonomic Keyboard,Technology,East,3,89.97,198
2013-12-27,Fellowes Advanced Computer Series Surge Protectors,Office Supplies,East,1,26.49,103
2013-12-27,SANFORD Major Accent Highlighters,Office Supplies,West,2,11.33,76
2013-12-27,Round Ring Binders,Office Supplies,East,3,4.99,229
2013-12-27,Strathmore Photo Mount Cards,Office Supplies,West,5,33.9,145
2013-12-27,Bretford Rectangular Conference Table Tops,Furniture,West,3,902.71,1
2013-12-27,Model L Table or Wall-Mount Pencil Sharpener,Office Supplies,West,3,53.97,7
2013-12-27,"Global Armless Task Chair, Royal Blue",Furniture,West,3,146.35,74
2013-12-27,Fiskars Home & Office Scissors,Office Supplies,West,2,17.76,224
2013-12-27,"Hoover Replacement Belts For Soft Guard & Commercial Ltweight Upright Vacs, 2/Pk",Office Supplies,West,2,7.9,181
2013-12-27,Harmony HEPA Quiet Air Purifiers,Office Supplies,West,2,18.72,124
2013-12-27,Mitel 5320 IP Phone VoIP phone,Technology,West,2,302.38,37
2013-12-28,"OIC Colored Binder Clips, Assorted Sizes",Office Supplies,East,6,17.18,175
2013-12-28,Avery 479,Office Supplies,South,1,2.61,26
2013-12-28,Avery File Folder Labels,Office Supplies,West,7,20.16,19
2013-12-28,Xerox 214,Office Supplies,Central,2,10.37,139
2013-12-28,"Global Manager's Adjustable Task Chair, Storm",Furniture,Central,8,845.49,42
2013-12-28,Micro Innovations USB RF Wireless Keyboard with Mouse,Technology,East,2,40.0,188
2013-12-28,"It's Hot Message Books with Stickers, 2 3/4' x 5'",Office Supplies,Central,4,23.68,30
2013-12-30,Astroparche Fine Business Paper,Office Supplies,South,6,25.34,90
2013-12-30,Project Tote Personal File,Office Supplies,West,1,14.03,223
2013-12-30,White Computer Printout Paper by Universal,Office Supplies,Central,6,186.05,60
2013-12-30,Acco Translucent Poly Ring Binders,Office Supplies,West,3,11.23,201
2013-12-30,Fiskars Spring-Action Scissors,Office Supplies,West,2,27.96,194
2013-12-30,Xerox 1898,Office Supplies,South,7,37.41,108
2013-12-30,Executive Impressions 10' Spectator Wall Clock,Furniture,Central,6,70.56,90
2013-12-30,Belkin 8 Outlet Surge Protector,Office Supplies,Central,2,81.96,162
2013-12-30,"Peel & Seel Recycled Catalog Envelopes, Brown",Office Supplies,West,3,27.79,94
2013-12-30,GBC Wire Binding Strips,Office Supplies,South,4,38.09,142
2013-12-30,Zipper Ring Binder Pockets,Office Supplies,South,3,2.81,143
2013-12-30,"Global Leather & Oak Executive Chair, Burgundy",Furniture,Central,5,754.45,12
2013-12-31,Avery Binding System Hidden Tab Executive Style Index Sets,Office Supplies,Central,6,6.92,112
2013-12-31,Cardinal Hold-It CD Pocket,Office Supplies,West,1,6.38,34
2013-12-31,"Hon Deluxe Fabric Upholstered Stacking Chairs, Rounded Back",Furniture,East,1,170.79,243
2013-12-31,Newell 31,Office Supplies,East,5,16.52,202
2013-12-31,Embossed Ink Jet Note Cards,Office Supplies,South,4,72.22,186
2013-12-31,Iceberg Mobile Mega Data/Printer Cart ,Office Supplies,West,4,481.32,148
2013-12-31,Acme Office Executive Series Stainless Steel Trimmers,Office Supplies,East,2,13.71,242
2013-12-31,Avery 487,Office Supplies,East,2,5.9,181
2014-01-01,Lock-Up Easel 'Spel-Binder',Office Supplies,West,7,159.77,202
2014-01-01,Tennsco Industrial Shelving,Office Supplies,East,4,156.51,157
2014-01-01,Things To Do Today Pad,Office Supplies,South,5,23.48,47
2014-01-01,Adtran 1202752G1,Technology,West,3,302.38,244
2014-01-01,Newell 345,Office Supplies,South,3,47.62,34
2014-01-01,"Crayola Anti Dust Chalk, 12/Pack",Office Supplies,West,2,3.64,85
2014-01-01,"GBC Pre-Punched Binding Paper, Plastic, White, 8-1/2' x 11'",Office Supplies,West,3,38.38,165
2014-01-02,Wilson Jones Easy Flow II Sheet Lifters,Office Supplies,Central,2,3.6,158
2014-01-02,"Linden 10' Round Wall Clock, Black",Furniture,East,4,48.9,205
2014-01-02,Howard Miller 11-1/2' Diameter Brentwood Wall Clock,Furniture,West,11,474.43,151
2014-01-02,Office Star - Contemporary Task Swivel Chair,Furniture,Central,4,310.74,113
2014-01-02,Fluorescent Highlighters by Dixon,Office Supplies,Central,4,12.74,176
2014-01-02,"Tenex Carpeted, Granite-Look or Clear Contemporary Contour Shape Chair Mats",Furniture,Central,5,141.42,223
2014-01-02,Fellowes Superior 10 Outlet Split Surge Protector,Office Supplies,Central,2,15.22,99
2014-01-02,"Pressboard Covers with Storage Hooks, 9 1/2' x 11', Light Blue",Office Supplies,Central,14,13.75,159
2014-01-02,GBC Instant Report Kit,Office Supplies,Central,5,6.47,182
2014-01-02,SAFCO Boltless Steel Shelving,Office Supplies,Central,5,454.56,206
2014-01-03,Hoover Commercial SteamVac,Office Supplies,Central,2,5.43,234
2014-01-03,"Bevis Oval Conference Table, Walnut",Furniture,Central,5,913.43,185
2014-01-03,Kensington K72356US Mouse-in-a-Box USB Desktop Mouse,Technology,West,1,16.59,98
2014-01-03,"Dual Level, Single-Width Filing Carts",Office Supplies,Central,3,372.14,2
2014-01-03,"Avery 3 1/2' Diskette Storage Pages, 10/Pack",Office Supplies,South,5,15.66,207
2014-01-03,Cisco CP-7937G Unified IP Conference Station Phone,Technology,South,2,695.7,196
2014-01-03,Newell 319,Office Supplies,Central,2,31.74,84
2014-01-03,Avery Recycled Flexi-View Covers for Binding Systems,Office Supplies,South,6,28.85,124
2014-01-04,Xerox 1905,Office Supplies,West,6,38.88,137
2014-01-04,GBC ProClick 150 Presentation Binding System,Office Supplies,West,8,2022.27,82
2014-01-04,Manco Dry-Lighter Erasable Highlighter,Office Supplies,West,3,9.12,24
2014-01-07,Wilson Jones Turn Tabs Binder Tool for Ring Binders,Office Supplies,South,7,33.74,67
2014-01-08,Eldon Fold 'N Roll Cart System,Office Supplies,West,11,153.78,60
2014-01-08,Zipper Ring Binder Pockets,Office Supplies,South,3,2.81,28
2014-01-08,Staples,Office Supplies,West,1,7.89,126
2014-01-08,Acme Galleria Hot Forged Steel Scissors with Colored Handles,Office Supplies,West,7,110.11,18
2014-01-08,Tennsco Commercial Shelving,Office Supplies,West,3,61.02,170
2014-01-08,Lexmark MX611dhe Monochrome Laser Printer,Technology,Central,2,3059.98,193
2014-01-09,Balt Solid Wood Round Tables,Furniture,West,2,892.98,73
2014-01-10,Ibico Hi-Tech Manual Binding System,Office Supplies,East,3,274.49,60
2014-01-13,Flat Face Poster Frame,Furniture,East,2,37.68,170
2014-01-13,Xerox 195,Office Supplies,East,6,40.08,152
2014-01-13,Staples,Office Supplies,West,1,9.78,19
2014-01-13,GBC Ibimaster 500 Manual ProClick Binding System,Office Supplies,Central,5,760.98,47
2014-01-14,"Hon Metal Bookcases, Black",Furniture,Central,3,212.94,210
2014-01-14,Martin Yale Chadless Opener Electric Letter Opener,Office Supplies,Central,5,4164.05,86
2014-01-14,Hunt Boston Vacuum Mount KS Pencil Sharpener,Office Supplies,Central,6,209.94,151
2014-01-14,Xerox 23,Office Supplies,Central,5,32.4,138
2014-01-15,"Tyvek  Top-Opening Peel & Seel Envelopes, Plain White",Office Supplies,South,1,21.74,109
2014-01-15,Imation USB 2.0 Swivel Flash Drive USB flash drive - 4 GB - Pink,Technology,Central,4,12.12,225
2014-01-15,Staples,Office Supplies,Central,2,18.76,182
2014-01-15,Avery Durable Slant Ring Binders With Label Holder,Office Supplies,South,2,2.51,27
2014-01-15,Ibico Presentation Index for Binding Systems,Office Supplies,South,5,5.97,196
2014-01-15,iHome FM Clock Radio with Lightning Dock,Technology,South,2,111.98,190
2014-01-15,Xerox 1931,Office Supplies,South,7,36.29,58
2014-01-15,Microsoft Sculpt Comfort Mouse,Technology,Central,4,159.8,132
2014-01-15,Xerox 188,Office Supplies,Central,1,11.34,50
2014-01-15,Sannysis Cute Owl Design Soft Skin Case Cover for Samsung Galaxy S4,Technology,South,5,7.92,148
2014-01-15,"DAX Charcoal/Nickel-Tone Document Frame, 5 x 7",Furniture,Central,2,18.96,11
2014-01-15,#10- 4 1/8' x 9 1/2' Security-Tint Envelopes,Office Supplies,South,3,18.34,49
2014-01-15,Xerox 19,Office Supplies,West,5,154.9,131
2014-01-15,Imation 8GB Mini TravelDrive USB 2.0 Flash Drive,Technology,West,7,169.06,245
2014-01-15,Mobile Personal File Cube,Office Supplies,West,9,168.62,112
2014-01-15,ARKON Windshield Dashboard Air Vent Car Mount Holder,Technology,Central,4,67.8,169
2014-01-15,"Tenex Personal Project File with Scoop Front Design, Black",Office Supplies,Central,5,67.4,211
2014-01-15,Bagged Rubber Bands,Office Supplies,Central,2,2.52,165
2014-01-16,"Telephone Message Books with Fax/Mobile Section, 5 1/2' x 3 3/16'",Office Supplies,East,2,12.7,152
2014-01-16,Honeywell Enviracaire Portable HEPA Air Cleaner for 17' x 22' Room,Office Supplies,East,8,1924.16,13
2014-01-16,Acco D-Ring Binder w/DublLock,Office Supplies,Central,1,4.28,202
2014-01-16,"Maxell 74 Minute CDR, 10/Pack",Technology,Central,8,62.59,31
2014-01-16,Logitech 910-002974 M325 Wireless Mouse for Web Scrolling,Technology,Central,2,47.98,138
2014-01-16,"Wilson Jones Ledger-Size, Piano-Hinge Binder, 2', Blue",Office Supplies,Central,4,32.78,188
2014-01-16,Newell 347,Office Supplies,West,5,21.4,145
2014-01-16,Belkin F9M820V08 8 Outlet Surge,Office Supplies,East,1,34.38,154
2014-01-17,"Lesro Sheffield Collection Coffee Table, End Table, Center Table, Corner Table",Furniture,West,7,399.67,54
2014-01-17,GBC DocuBind P400 Electric Binding System,Office Supplies,Central,4,5443.96,181
2014-01-17,Office Star Flex Back Scooter Chair with Aluminum Finish Frame,Furniture,Central,3,302.67,209
2014-01-17,"Eldon Expressions Wood and Plastic Desk Accessories, Cherry Wood",Furniture,West,4,27.92,119
2014-01-17,"TOPS Money Receipt Book, Consecutively Numbered in Red,",Office Supplies,Central,7,56.07,214
2014-01-20,Avanti 4.4 Cu. Ft. Refrigerator,Office Supplies,East,3,542.94,74
2014-01-20,Xerox 1881,Office Supplies,East,1,12.28,20
2014-01-20,Xerox 191,Office Supplies,East,4,79.92,171
2014-01-20,Avery 510,Office Supplies,Central,2,6.0,132
2014-01-20,Strathmore Photo Mount Cards,Office Supplies,East,4,21.7,86
2014-01-20,Poly String Tie Envelopes,Office Supplies,East,1,2.04,168
2014-01-20,Global Comet Stacking Arm Chair,Furniture,East,3,887.27,58
2014-01-20,12-1/2 Diameter Round Wall Clock,Furniture,East,2,31.97,88
2014-01-20,Wilson Electronics DB Pro Signal Booster,Technology,East,2,429.6,232
2014-01-21,RCA Visys Integrated PBX 8-Line Router,Technology,West,3,160.78,181
2014-01-21,Panasonic KX-TG9541B DECT 6.0 Digital 2-Line Expandable Cordless Phone With Digital Answering System,Technology,West,3,359.98,201
2014-01-21,Staples,Office Supplies,West,5,24.2,149
2014-01-21,Avery File Folder Labels,Office Supplies,Central,5,11.52,82
2014-01-21,Newell 326,Office Supplies,East,2,3.52,64
2014-01-21,Global Deluxe Steno Chair,Furniture,East,3,207.85,63
2014-01-22,Logitech Illuminated - Keyboard,Technology,West,3,179.97,70
2014-01-22,Acco Translucent Poly Ring Binders,Office Supplies,West,5,18.72,3
2014-01-22,O'Sullivan Cherrywood Estates Traditional Bookcase,Furniture,West,1,84.98,192
2014-01-22,Airmail Envelopes,Office Supplies,Central,4,268.58,142
2014-01-22,Wilson Jones Leather-Like Binders with DublLock Round Rings,Office Supplies,West,4,27.94,103
2014-01-22,Wilson Jones Century Plastic Molded Ring Binders,Office Supplies,West,6,99.7,203
2014-01-22,GBC Recycled VeloBinder Covers,Office Supplies,South,7,35.78,149
2014-01-22,Avery Durable Binders,Office Supplies,Central,5,14.4,213
2014-01-22,Logitech G19 Programmable Gaming Keyboard,Technology,Central,5,619.95,241
2014-01-22,"Avery Flip-Chart Easel Binder, Black",Office Supplies,Central,4,89.52,174
2014-01-22,Carina Double Wide Media Storage Towers in Natural & Black,Office Supplies,West,3,242.94,208
2014-01-22,I.R.I.S IRISCard Anywhere 5 Card Scanner,Technology,Central,3,350.97,92
2014-01-22,"Ativa D5772 2-Line 5.8GHz Digital Expandable Corded/Cordless Phone System with Answering & Caller ID/Call Waiting, Black/Silver",Technology,Central,1,164.99,173
2014-01-22,"Fellowes Mobile File Cart, Black",Office Supplies,South,7,348.21,141
2014-01-23,Canon Image Class D660 Copier,Technology,West,5,2999.95,177
2014-01-23,Newell 348,Office Supplies,Central,3,7.87,147
2014-01-23,Tennsco Single-Tier Lockers,Office Supplies,West,3,1126.02,177
2014-01-23,Great White Multi-Use Recycled Paper (20Lb. and 84 Bright),Office Supplies,West,2,11.96,111
2014-01-23,Advantus Rolling Storage Box,Office Supplies,West,3,51.45,160
2014-01-23,Staples,Office Supplies,Central,5,15.12,118
2014-01-24,Balt Solid Wood Rectangular Table,Furniture,Central,2,210.98,58
2014-01-24,Xerox 212,Office Supplies,West,4,25.92,42
2014-01-24,Pressboard Hanging Data Binders for Unburst Sheets,Office Supplies,West,5,19.68,206
2014-01-24,Xerox 192,Office Supplies,West,1,6.48,11
2014-01-24,Griffin GC17055 Auxiliary Audio Cable,Technology,West,6,86.35,39
2014-01-24,Wilson Jones data.warehouse D-Ring Binders with DublLock,Office Supplies,West,2,4.94,117
2014-01-24,Logitech Wireless Anywhere Mouse MX for PC and Mac,Technology,West,2,95.98,19
2014-01-25,Jensen SMPS-640 - speaker phone,Technology,West,3,110.35,221
2014-01-25,Ibico EB-19 Dual Function Manual Binding System,Office Supplies,West,2,276.78,165
2014-01-25,"Acco Six-Outlet Power Strip, 4' Cord Length",Office Supplies,West,3,25.86,130
2014-01-25,Revere Boxed Rubber Bands by Revere,Office Supplies,South,3,5.67,155
2014-01-27,Samsung Galaxy Mega 6.3,Technology,South,7,2939.93,183
2014-01-27,"SimpliFile Personal File, Black Granite, 15w x 6-15/16d x 11-1/4h",Office Supplies,Central,2,18.16,89
2014-01-27,Binder Clips by OIC,Office Supplies,West,8,11.84,93
2014-01-27,Artistic Insta-Plaque,Furniture,South,4,62.72,12
2014-01-27,Avery Poly Binder Pockets,Office Supplies,South,2,7.16,204
2014-01-27,Newell 311,Office Supplies,South,7,15.47,65
2014-01-28,Newell 312,Office Supplies,East,3,14.02,36
2014-01-28,Anker Ultrathin Bluetooth Wireless Keyboard Aluminum Cover with Stand ,Technology,East,3,71.98,176
2014-01-28,JBL Micro Wireless Portable Bluetooth Speaker,Technology,East,3,107.98,229
2014-01-28,Jensen SMPS-640 - speaker phone,Technology,East,3,137.94,65
2014-01-29,Plantronics Audio 478 Stereo USB Headset,Technology,East,9,449.91,35
2014-01-29,"DAX Executive Solid Wood Document Frame, Desktop or Hang, Mahogany, 5 x 7",Furniture,West,3,37.74,181
2014-01-29,Xerox 1934,Office Supplies,Central,5,279.9,25
2014-01-29,Logitech G13 Programmable Gameboard with LCD Display,Technology,West,3,239.97,74
2014-01-30,Clear Mylar Reinforcing Strips,Office Supplies,West,8,119.62,199
2014-01-30,Xerox 1887,Office Supplies,Central,5,94.85,107
2014-01-30,Xerox 1997,Office Supplies,Central,2,12.96,167
2014-01-30,"Premium Writing Pencils, Soft, #2 by Central Association for the Blind",Office Supplies,East,2,4.77,42
2014-01-30,Newell 339,Office Supplies,West,3,8.34,149
2014-01-30,"DAX Value U-Channel Document Frames, Easel Back",Furniture,Central,3,14.91,147
2014-01-30,Permanent Self-Adhesive File Folder Labels for Typewriters by Universal,Office Supplies,East,2,5.22,7
2014-01-30,"GBC Clear Cover, 8-1/2 x 11, unpunched, 25 covers per pack",Office Supplies,Central,4,12.13,28
2014-01-30,"Tenex Personal Project File with Scoop Front Design, Black",Office Supplies,Central,1,13.48,39
2014-01-30,Acme Office Executive Series Stainless Steel Trimmers,Office Supplies,West,1,8.57,217
2014-01-31,Space Solutions Commercial Steel Shelving,Office Supplies,West,2,129.3,157
2014-01-31,"Office Star - Contemporary Task Swivel chair with 2-way adjustable arms, Plum",Furniture,South,4,419.14,208
2014-01-31,Balt Split Level Computer Training Table,Furniture,Central,1,69.38,127
2014-01-31,"Quartet Omega Colored Chalk, 12/Pack",Office Supplies,Central,2,9.34,83
2014-01-31,Samsung Galaxy S4,Technology,Central,4,2003.17,115
2014-01-31,Acme Tagit Stainless Steel Antibacterial Scissors,Office Supplies,Central,4,31.68,182
2014-01-31,Novimex Swivel Fabric Task Chair,Furniture,West,1,120.78,143
2014-01-31,Newell 338,Office Supplies,West,3,8.82,173
2014-01-31,"C-Line Magnetic Cubicle Keepers, Clear Polypropylene",Furniture,Central,7,34.58,61
2014-01-31,"Crayola Anti Dust Chalk, 12/Pack",Office Supplies,West,7,12.74,234
2014-01-31,DXL Angle-View Binders with Locking Rings by Samsill,Office Supplies,Central,1,7.71,6
2014-01-31,AT&T 841000 Phone,Technology,Central,3,207.0,207
2014-01-31,Boston 19500 Mighty Mite Electric Pencil Sharpener,Office Supplies,Central,2,40.3,44
2014-01-31,GBC Instant Report Kit,Office Supplies,Central,5,32.35,186
2014-01-31,Cardinal EasyOpen D-Ring Binders,Office Supplies,Central,2,18.28,238
2014-01-31,Mitel 5320 IP Phone VoIP phone,Technology,West,4,604.77,183
2014-02-03,Eldon Antistatic Chair Mats for Low to Medium Pile Carpets,Furniture,West,2,210.58,175
2014-02-03,"HP Officejet Pro 8600 e-All-In-One Printer, Copier, Scanner, Fax",Technology,West,2,239.98,154
2014-02-03,Howard Miller 11-1/2' Diameter Grantwood Wall Clock,Furniture,West,2,86.26,180
2014-02-03,Staples,Office Supplies,East,9,21.46,214
2014-02-03,GBC Durable Plastic Covers,Office Supplies,West,2,30.96,87
2014-02-03,Harmony HEPA Quiet Air Purifiers,Office Supplies,West,4,46.8,72
2014-02-03,Xerox 1916,Office Supplies,East,2,78.3,162
2014-02-03,"Multi-Use Personal File Cart and Caster Set, Three Stacking Bins",Office Supplies,West,4,139.04,178
2014-02-03,Anker 36W 4-Port USB Wall Charger Travel Power Adapter for iPhone 5s 5c 5,Technology,East,5,59.97,211
2014-02-04,GBC Instant Report Kit,Office Supplies,South,2,3.88,36
2014-02-04,Xerox 189,Office Supplies,Central,5,419.4,233
2014-02-04,Xerox 2,Office Supplies,Central,1,5.18,208
2014-02-04,Xerox 1893,Office Supplies,Central,2,65.58,238
2014-02-04,Eldon Cleatmat Chair Mats for Medium Pile Carpets,Furniture,Central,1,22.2,222
2014-02-04,"Hot File 7-Pocket, Floor Stand",Office Supplies,East,2,285.55,118
2014-02-04,Fellowes Black Plastic Comb Bindings,Office Supplies,East,3,5.23,56
2014-02-04,14-7/8 x 11 Blue Bar Computer Printout Paper,Office Supplies,South,3,115.3,7
2014-02-05,Belkin 6 Outlet Metallic Surge Strip,Office Supplies,East,3,32.67,206
2014-02-06,Staples,Office Supplies,Central,5,7.12,94
2014-02-06,Geemarc AmpliPOWER60,Technology,West,5,371.2,116
2014-02-06,"Sanyo Counter Height Refrigerator with Crisper, 3.6 Cubic Foot, Stainless Steel/Black",Office Supplies,West,5,1640.7,221
2014-02-06,Ibico Hi-Tech Manual Binding System,Office Supplies,Central,4,243.99,109
2014-02-07,"Bush Andora Bookcase, Maple/Graphite Gray Finish",Furniture,South,3,359.97,19
2014-02-07,"Atlantic Metals Mobile 5-Shelf Bookcases, Custom Colors",Furniture,East,1,240.78,123
2014-02-07,Acco Recycled 2' Capacity Laser Printer Hanging Data Binders,Office Supplies,East,4,46.24,230
2014-02-07,Xerox 1947,Office Supplies,West,5,29.9,52
2014-02-07,Grandstream GXP1160 VoIP phone,Technology,East,6,227.46,118
2014-02-10,Sensible Storage WireTech Storage Systems,Office Supplies,West,5,354.9,11
2014-02-10,GBC ProClick 150 Presentation Binding System,Office Supplies,Central,4,252.78,176
2014-02-10,"Master Big Foot Doorstop, Beige",Furniture,West,4,21.12,16
2014-02-10,Belkin F9S820V06 8 Outlet Surge,Office Supplies,Central,2,12.99,63
2014-02-10,Razer Kraken PRO Over Ear PC and Music Headset,Technology,Central,2,127.98,41
2014-02-10,Stacking Trays by OIC,Furniture,Central,2,3.98,93
2014-02-11,"Bush Andora Bookcase, Maple/Graphite Gray Finish",Furniture,West,2,203.98,156
2014-02-11,HP Office Recycled Paper (20Lb. and 87 Bright),Office Supplies,East,4,23.12,146
2014-02-12,"Global Leather and Oak Executive Chair, Black",Furniture,West,4,963.14,237
2014-02-12,Avery 473,Office Supplies,East,2,20.7,10
2014-02-12,"Logitech B530 USB Headset - headset - Full size, Binaural",Technology,West,3,88.78,97
2014-02-12,"Acco Pressboard Covers with Storage Hooks, 14 7/8' x 11', Dark Blue",Office Supplies,West,7,21.34,177
2014-02-12,"Deflect-o RollaMat Studded, Beveled Mat for Medium Pile Carpeting",Furniture,East,2,147.57,70
2014-02-14,Razer Tiamat Over Ear 7.1 Surround Sound PC Gaming Headset,Technology,West,4,799.96,107
2014-02-14,Newell 311,Office Supplies,West,3,6.63,57
2014-02-14,"Holmes Replacement Filter for HEPA Air Cleaner, Medium Room",Office Supplies,Central,8,90.64,33
2014-02-14,Barrel Sharpener,Office Supplies,East,3,10.71,19
2014-02-14,Xerox 1903,Office Supplies,East,3,17.94,49
2014-02-14,Acme Elite Stainless Steel Scissors,Office Supplies,East,3,25.02,101
2014-02-14,"Tenex Contemporary Contur Chairmats for Low and Medium Pile Carpet, Computer, 39' x 49'",Furniture,West,1,107.53,215
2014-02-17,"Tennsco Lockers, Gray",Office Supplies,Central,3,50.35,137
2014-02-17,Global Deluxe High-Back Manager's Chair,Furniture,Central,3,600.56,159
2014-02-17,"Vinyl Coated Wire Paper Clips in Organizer Box, 800/Box",Office Supplies,Central,2,18.37,51
2014-02-17,Executive Impressions 13' Clairmont Wall Clock,Furniture,Central,1,7.69,14
2014-02-17,Newell 312,Office Supplies,Central,6,28.03,228
2014-02-17,Xerox 1912,Office Supplies,East,2,37.94,83
2014-02-17,"Belkin SportFit Armband For iPhone 5s/5c, Fuchsia",Technology,East,1,14.99,130
2014-02-17,Fellowes Staxonsteel Drawer Files,Office Supplies,East,3,579.51,36
2014-02-18,"Adams Telephone Message Book W/Dividers/Space For Phone Numbers, 5 1/4'X8 1/2', 300/Messages",Office Supplies,East,2,11.76,125
2014-02-18,"Acco Pressboard Covers with Storage Hooks, 14 7/8' x 11', Executive Red",Office Supplies,East,5,5.72,248
2014-02-18,Vtech CS6719,Technology,East,1,57.59,39
2014-02-18,Flat Face Poster Frame,Furniture,East,2,30.14,71
2014-02-18,"Sauder Mission Library with Doors, Fruitwood Finish",Furniture,Central,1,89.07,39
2014-02-18,"Dixon Ticonderoga Core-Lock Colored Pencils, 48-Color Set",Office Supplies,Central,6,175.44,235
2014-02-18,LG Exalt,Technology,Central,1,124.79,55
2014-02-18,Global Commerce Series Low-Back Swivel/Tilt Chairs,Furniture,East,5,899.43,150
2014-02-18,Jawbone MINI JAMBOX Wireless Bluetooth Speaker,Technology,Central,4,438.34,103
2014-02-18,Chromcraft 48' x 96' Racetrack Double Pedestal Table,Furniture,Central,3,480.96,138
2014-02-18,KLD Oscar II Style Snap-on Ultra Thin Side Flip Synthetic Leather Cover Case for HTC One HTC M7,Technology,South,3,29.16,109
2014-02-18,"SAFCO PlanMaster Boards, 60w x 37-1/2d, White Melamine",Furniture,East,5,455.97,191
2014-02-18,Fellowes Bases and Tops For Staxonsteel/High-Stak Systems,Office Supplies,East,5,166.45,135
2014-02-19,Memorex Micro Travel Drive 32 GB,Technology,West,3,109.53,92
2014-02-19,Avery 493,Office Supplies,West,2,9.82,93
2014-02-19,iHome FM Clock Radio with Lightning Dock,Technology,West,3,167.98,55
2014-02-20,Rubber Band Ball,Office Supplies,West,3,11.22,59
2014-02-20,Kensington 7 Outlet MasterPiece Power Center,Office Supplies,South,7,1245.86,137
2014-02-20,Tensor Computer Mounted Lamp,Furniture,West,3,44.67,38
2014-02-20,Newell 320,Office Supplies,West,3,12.84,27
2014-02-21,Disposable Triple-Filter Dust Bags,Office Supplies,Central,3,13.11,48
2014-02-21,Staples,Office Supplies,West,3,9.43,163
2014-02-21,Toshiba IPT2010-SD IP Telephone,Technology,West,3,333.58,124
2014-02-21,Microsoft Wireless Mobile Mouse 4000,Technology,West,1,31.99,12
2014-02-21,Letter or Legal Size Expandable Poly String Tie Envelopes,Office Supplies,West,5,10.64,223
2014-02-21,Howard Miller 13' Diameter Pewter Finish Round Wall Clock,Furniture,West,2,68.7,35
2014-02-21,KI Adjustable-Height Table,Furniture,West,9,386.91,100
2014-02-21,Logitech Mobile Speakerphone P710e - speaker phone,Technology,West,2,215.97,25
2014-02-21,Executive Impressions 14' Contract Wall Clock,Furniture,West,1,22.23,85
2014-02-21,Newell 351,Office Supplies,Central,2,6.56,3
2014-02-21,Fellowes Bankers Box Stor/Drawer Steel Plus,Office Supplies,West,2,51.17,222
2014-02-22,Microsoft Natural Keyboard Elite,Technology,Central,1,47.9,81
2014-02-24,"Ampad Phone Message Book, Recycled, 400 Message Capacity, 5 ¾ x 11",Office Supplies,West,6,37.44,191
2014-02-24,invisibleSHIELD by ZAGG Smudge-Free Screen Protector,Technology,West,5,71.96,165
2014-02-24,Alliance Rubber Bands,Office Supplies,West,5,8.4,126
2014-02-25,Plantronics CS510 - Over-the-Head monaural Wireless Headset System,Technology,East,5,1319.8,87
2014-02-25,"ACCOHIDE 3-Ring Binder, Blue, 1'",Office Supplies,East,4,4.96,126
2014-02-25,Xerox 1988,Office Supplies,East,5,123.92,119
2014-02-26,Avery Hidden Tab Dividers for Binding Systems,Office Supplies,Central,3,1.79,214
2014-02-26,"Bush Westfield Collection Bookcases, Medium Cherry Finish",Furniture,South,5,231.92,21
2014-02-26,"Global High-Back Leather Tilter, Burgundy",Furniture,South,2,196.78,129
2014-02-27,Xerox 1924,Office Supplies,West,4,23.12,30
2014-02-27,Xerox 1908,Office Supplies,West,4,223.92,118
2014-02-27,GuestStacker Chair with Chrome Finish Legs,Furniture,West,3,892.22,10
2014-02-27,Toshiba IPT2010-SD IP Telephone,Technology,West,8,889.54,219
2014-02-27,Kensington 6 Outlet Guardian Standard Surge Protector,Office Supplies,West,4,81.92,45
2014-02-27,Tripp Lite TLP810NET Broadband Surge for Modem/Fax,Office Supplies,West,7,356.79,95
2014-02-27,Tenex B1-RE Series Chair Mats for Low Pile Carpets,Furniture,West,2,91.96,189
2014-02-27,"It's Hot Message Books with Stickers, 2 3/4' x 5'",Office Supplies,West,4,29.6,196
2014-02-27,Aastra 57i VoIP phone,Technology,West,2,258.58,191
2014-03-01,Pressboard Hanging Data Binders for Unburst Sheets,Office Supplies,East,2,9.84,229
2014-03-01,"Southworth 100% Résumé Paper, 24lb.",Office Supplies,East,1,7.78,9
2014-03-03,Panasonic KX TS3282B Corded phone,Technology,West,3,196.78,167
2014-03-03,Logitech G13 Programmable Gameboard with LCD Display,Technology,West,6,479.94,127
2014-03-03,Newell 34,Office Supplies,East,3,59.52,237
2014-03-03,Catalog Binders with Expanding Posts,Office Supplies,West,2,107.65,151
2014-03-03,Staples,Office Supplies,East,6,68.04,98
2014-03-03,"Bush Cubix Collection Bookcases, Fully Assembled",Furniture,East,2,441.96,171
2014-03-03,Acco Suede Grain Vinyl Round Ring Binder,Office Supplies,Central,1,0.56,111
2014-03-03,Wilson Jones Leather-Like Binders with DublLock Round Rings,Office Supplies,Central,7,12.22,59
2014-03-03,Staples,Office Supplies,Central,4,6.98,189
2014-03-03,GBC VeloBind Cover Sets,Office Supplies,East,4,18.53,86
2014-03-03,Staples,Office Supplies,East,7,57.96,144
2014-03-04,Imation Bio 2GB USB Flash Drive Imation Corp,Technology,West,8,1049.44,64
2014-03-04,Novimex Turbo Task Chair,Furniture,West,3,170.35,246
2014-03-04,Global Ergonomic Managers Chair,Furniture,Central,1,180.98,222
2014-03-04,Acco 6 Outlet Guardian Premium Surge Suppressor,Office Supplies,South,5,72.8,222
2014-03-04,"Important Message Pads, 50 4-1/4 x 5-1/2 Forms per Pad",Office Supplies,Central,8,26.88,233
2014-03-04,"Lesro Sheffield Collection Coffee Table, End Table, Center Table, Corner Table",Furniture,West,7,399.67,56
2014-03-04,Logitech Wireless Marathon Mouse M705,Technology,Central,2,99.98,182
2014-03-05,Howard Miller 13-3/4' Diameter Brushed Chrome Round Wall Clock,Furniture,Central,5,103.5,105
2014-03-05,Xerox 1934,Office Supplies,Central,2,89.57,180
2014-03-05,"White Envelopes, White Envelopes with Clear Poly Window",Office Supplies,West,1,15.25,183
2014-03-05,Avery 497,Office Supplies,Central,1,2.46,225
2014-03-05,Crate-A-Files,Office Supplies,Central,1,8.72,8
2014-03-05,American Pencil,Office Supplies,West,4,9.32,21
2014-03-06,Avery 515,Office Supplies,Central,2,25.06,140
2014-03-06,Advantus Map Pennant Flags and Round Head Tacks,Office Supplies,Central,2,7.9,88
2014-03-06,GBC ProClick Punch Binding System,Office Supplies,Central,2,127.96,175
2014-03-06,Avery Hole Reinforcements,Office Supplies,Central,3,18.69,17
2014-03-06,Ibico Recycled Linen-Style Covers,Office Supplies,South,6,234.36,114
2014-03-06,Laser & Ink Jet Business Envelopes,Office Supplies,South,4,42.68,203
2014-03-06,Kensington 7 Outlet MasterPiece HOMEOFFICE Power Control Center,Office Supplies,South,2,262.24,167
2014-03-06,Recycled Steel Personal File for Standard File Folders,Office Supplies,Central,4,221.16,144
2014-03-06,Logitech G700s Rechargeable Gaming Mouse,Technology,South,3,299.97,142
2014-03-07,Newell 345,Office Supplies,Central,4,63.49,105
2014-03-07,Avery 511,Office Supplies,Central,2,4.93,14
2014-03-07,Xerox 1883,Office Supplies,East,1,26.38,206
2014-03-07,"Westinghouse Floor Lamp with Metal Mesh Shade, Black",Furniture,East,3,71.97,62
2014-03-07,Fluorescent Highlighters by Dixon,Office Supplies,West,6,23.88,246
2014-03-07,Avery 49,Office Supplies,West,4,11.52,166
2014-03-07,Xerox 1893,Office Supplies,West,7,286.93,12
2014-03-07,"File Shuttle II and Handi-File, Black",Office Supplies,West,2,67.78,80
2014-03-07,Digium D40 VoIP phone,Technology,West,2,206.38,31
2014-03-07,Economy Binders,Office Supplies,West,9,14.98,136
2014-03-08,Logitech Desktop MK120 Mouse and keyboard Combo,Technology,East,3,49.08,39
2014-03-08,3M Organizer Strips,Office Supplies,East,6,25.92,147
2014-03-08,"Avery 4027 File Folder Labels for Dot Matrix Printers, 5000 Labels per Box, White",Office Supplies,East,3,91.59,217
2014-03-09,Newell 323,Office Supplies,West,2,3.36,218
2014-03-09,"Avery Address/Shipping Labels for Typewriters, 4' x 2'",Office Supplies,South,2,20.7,212
2014-03-09,Green Canvas Binder for 8-1/2' x 14' Sheets,Office Supplies,West,5,171.2,81
2014-03-09,Belkin 8 Outlet SurgeMaster II Gold Surge Protector with Phone Protection,Office Supplies,South,8,647.84,76
2014-03-10,DXL Angle-View Binders with Locking Rings by Samsill,Office Supplies,West,5,30.84,207
2014-03-10,Hewlett Packard 310 Color Digital Copier,Technology,West,2,479.98,200
2014-03-10,Logitech Wireless Headset h800,Technology,West,2,199.98,190
2014-03-11,"Bevis Traditional Conference Table Top, Plinth Base",Furniture,Central,4,933.41,75
2014-03-11,Euro Pro Shark Stick Mini Vacuum,Office Supplies,South,1,48.78,171
2014-03-11,Cisco SPA525G2 IP Phone - Wireless,Technology,East,3,35.91,37
2014-03-11,Maxell LTO Ultrium - 800 GB,Technology,West,4,111.96,210
2014-03-11,Nokia Lumia 521 (T-Mobile),Technology,East,3,53.98,187
2014-03-11,Howard Miller Distant Time Traveler Alarm Clock,Furniture,East,2,43.87,70
2014-03-11,Westinghouse Clip-On Gooseneck Lamps,Furniture,East,1,6.7,248
2014-03-11,Heavy-Duty E-Z-D Binders,Office Supplies,South,4,13.09,226
2014-03-11,Newell 337,Office Supplies,East,2,5.25,47
2014-03-12,"Avery Trapezoid Ring Binder, 3' Capacity, Black, 1040 sheets",Office Supplies,East,1,12.29,17
2014-03-12,KI Adjustable-Height Table,Furniture,East,3,154.76,143
2014-03-12,Desktop 3-Pocket Hot File,Office Supplies,East,1,43.28,182
2014-03-12,Executive Impressions 16-1/2' Circular Wall Clock,Furniture,East,1,26.72,38
2014-03-12,GBC DocuBind TL200 Manual Binding Machine,Office Supplies,Central,4,895.92,195
2014-03-12,Memorex Mini Travel Drive 16 GB USB 2.0 Flash Drive,Technology,East,4,63.88,186
2014-03-12,Nortel Meridian M5316 Digital phone,Technology,East,5,776.85,88
2014-03-13,Carina Double Wide Media Storage Towers in Natural & Black,Office Supplies,West,3,242.94,223
2014-03-13,Avery Non-Stick Binders,Office Supplies,South,9,40.41,61
2014-03-13,PowerGen Dual USB Car Charger,Technology,East,7,69.93,231
2014-03-14,Panasonic KX T7736-B Digital phone,Technology,East,2,299.9,140
2014-03-14,Martin Yale Chadless Opener Electric Letter Opener,Office Supplies,West,2,1332.5,108
2014-03-14,Multicolor Computer Printout Paper,Office Supplies,West,3,314.55,80
2014-03-14,Col-Erase Pencils with Erasers,Office Supplies,Central,4,19.46,240
2014-03-14,Avery Arch Ring Binders,Office Supplies,East,3,174.3,228
2014-03-14,Hoover Commercial Lightweight Upright Vacuum with E-Z Empty Dirt Cup,Office Supplies,East,2,465.16,133
2014-03-14,Xerox 230,Office Supplies,West,7,45.36,210
2014-03-14,OtterBox Commuter Series Case - iPhone 5 & 5s,Technology,West,8,140.74,76
2014-03-14,Xerox 1885,Office Supplies,West,6,288.24,248
2014-03-14,"HP Officejet Pro 8600 e-All-In-One Printer, Copier, Scanner, Fax",Technology,Central,2,209.99,187
2014-03-14,Plantronics MX500i Earset,Technology,Central,1,34.36,89
2014-03-14,Xerox 1993,Office Supplies,Central,3,15.55,13
2014-03-14,Logitech Wireless Headset H600 Over-The-Head Design,Technology,West,5,214.95,94
2014-03-14,Hewlett Packard LaserJet 3310 Copier,Technology,Central,2,959.98,53
2014-03-14,SAFCO Folding Chair Trolley,Furniture,Central,1,89.77,131
2014-03-14,Eberhard Faber 3 1/2' Golf Pencils,Office Supplies,Central,5,29.76,38
2014-03-14,"SimpliFile Personal File, Black Granite, 15w x 6-15/16d x 11-1/4h",Office Supplies,West,8,90.8,71
2014-03-14,Strathmore Photo Mount Cards,Office Supplies,East,4,27.12,24
2014-03-14,GBC VeloBind Cover Sets,Office Supplies,East,2,30.88,76
2014-03-14,PowerGen Dual USB Car Charger,Technology,Central,1,7.99,159
2014-03-15,Seidio BD2-HK3IPH5-BK DILEX Case and Holster Combo for Apple iPhone 5/5s - Black,Technology,Central,2,49.62,186
2014-03-17,Mitel MiVoice 5330e IP Phone,Technology,West,3,659.98,229
2014-03-17,Logitech G700s Rechargeable Gaming Mouse,Technology,East,2,159.98,190
2014-03-17,"File Shuttle II and Handi-File, Black",Office Supplies,East,2,54.22,165
2014-03-17,OtterBox Defender Series Case - iPhone 5c,Technology,East,2,44.38,119
2014-03-17,Nu-Dell Oak Frame,Furniture,East,6,51.26,219
2014-03-17,Xerox 214,Office Supplies,West,1,6.48,52
2014-03-17,Avery Binding System Hidden Tab Executive Style Index Sets,Office Supplies,East,3,5.19,221
2014-03-17,Geemarc AmpliPOWER60,Technology,East,8,445.44,194
2014-03-17,Safco Commercial Shelving,Office Supplies,West,1,46.51,155
2014-03-17,Bionaire Personal Warm Mist Humidifier/Vaporizer,Office Supplies,West,3,140.67,130
2014-03-17,Pressboard Hanging Data Binders for Unburst Sheets,Office Supplies,West,5,19.68,236
2014-03-17,"Dual Level, Single-Width Filing Carts",Office Supplies,West,2,310.12,245
2014-03-17,"XtraLife ClearVue Slant-D Ring Binder, White, 3'",Office Supplies,West,6,70.46,225
2014-03-18,Xerox 1900,Office Supplies,Central,3,10.27,207
2014-03-18,SanDisk Cruzer 32 GB USB Flash Drive,Technology,East,3,57.06,149
2014-03-18,"Acco Pressboard Covers with Storage Hooks, 9 1/2' x 11', Executive Red",Office Supplies,East,3,9.14,95
2014-03-18,Avery 486,Office Supplies,East,1,7.31,165
2014-03-18,Lumber Crayons,Office Supplies,East,6,59.1,199
2014-03-18,Heavy-Duty E-Z-D Binders,Office Supplies,West,2,17.46,246
2014-03-18,Cisco SPA525G2 IP Phone - Wireless,Technology,East,6,119.7,71
2014-03-18,Avery 474,Office Supplies,South,2,4.61,61
2014-03-18,GBC Plasticlear Binding Covers,Office Supplies,Central,6,13.78,184
2014-03-18,Avery 496,Office Supplies,East,5,18.75,5
2014-03-18,Kingston Digital DataTraveler 16GB USB 2.0,Technology,East,8,71.6,205
2014-03-18,"Tenex File Box, Personal Filing Tote with Lid, Black",Office Supplies,East,3,46.53,31
2014-03-18,"Neat Ideas Personal Hanging Folder Files, Black",Office Supplies,East,8,107.44,98
2014-03-19,Pyle PMP37LED,Technology,Central,7,537.54,137
2014-03-19,Deluxe Chalkboard Eraser Cleaner,Office Supplies,West,4,46.2,130
2014-03-19,Howard Miller 13-1/2' Diameter Rosebrook Wall Clock,Furniture,Central,3,82.52,186
2014-03-19,"Verbatim 25 GB 6x Blu-ray Single Layer Recordable Disc, 10/Pack",Technology,Central,3,27.82,75
2014-03-19,Hoover Portapower Portable Vacuum,Office Supplies,Central,3,2.69,176
2014-03-19,Fellowes Basic Home/Office Series Surge Protectors,Office Supplies,West,7,90.86,58
2014-03-19,Ibico Hi-Tech Manual Binding System,Office Supplies,Central,3,182.99,30
2014-03-19,Peel-Off China Markers,Office Supplies,Central,3,23.83,92
2014-03-19,Peel & Seel Envelopes,Office Supplies,West,5,19.4,68
2014-03-19,Prang Drawing Pencil Set,Office Supplies,West,5,13.9,189
2014-03-20,"Pressboard Covers with Storage Hooks, 9 1/2' x 11', Light Blue",Office Supplies,West,7,27.5,51
2014-03-20,SpineVue Locking Slant-D Ring Binders by Cardinal,Office Supplies,West,2,14.62,88
2014-03-20,Chromcraft Round Conference Tables,Furniture,West,5,697.16,126
2014-03-20,Avery 506,Office Supplies,East,7,28.91,168
2014-03-20,"Advantus Employee of the Month Certificate Frame, 11 x 13-1/2",Furniture,West,1,30.93,30
2014-03-20,Belkin 5 Outlet SurgeMaster Power Centers,Office Supplies,West,7,381.36,212
2014-03-20,Dixon Ticonderoga Pencils,Office Supplies,East,3,8.94,249
2014-03-20,"ACCOHIDE 3-Ring Binder, Blue, 1'",Office Supplies,West,6,19.82,83
2014-03-20,Jawbone MINI JAMBOX Wireless Bluetooth Speaker,Technology,West,6,657.5,230
2014-03-20,Logitech K350 2.4Ghz Wireless Keyboard,Technology,West,2,99.54,126
2014-03-20,Logitech Wireless Marathon Mouse M705,Technology,West,4,199.96,149
2014-03-21,Xerox 1916,Office Supplies,Central,7,274.06,131
2014-03-21,"GE General Purpose, Extra Long Life, Showcase & Floodlight Incandescent Bulbs",Furniture,Central,1,2.91,12
2014-03-21,Imation Secure Drive + Hardware Encrypted USB flash drive - 16 GB,Technology,West,7,265.93,44
2014-03-21,Staples,Office Supplies,Central,2,56.7,126
2014-03-21,WD My Passport Ultra 2TB Portable External Hard Drive,Technology,East,2,238.0,169
2014-03-21,Xerox 1988,Office Supplies,East,2,61.96,113
2014-03-22,Avery Durable Plastic 1' Binders,Office Supplies,West,3,10.9,176
2014-03-22,Colored Envelopes,Office Supplies,East,3,8.86,19
2014-03-22,"C-Line Peel & Stick Add-On Filing Pockets, 8-3/4 x 5-1/8, 10/Pack",Office Supplies,West,6,30.58,243
2014-03-22,"Super Bands, 12/Pack",Office Supplies,West,7,13.02,204
2014-03-22,"Eldon Expressions Wood Desk Accessories, Oak",Furniture,West,3,22.14,80
2014-03-22,Fellowes Officeware Wire Shelving,Office Supplies,West,4,359.32,181
2014-03-22,Xerox 196,Office Supplies,Central,1,5.78,163
2014-03-22,"Global Leather and Oak Executive Chair, Black",Furniture,Central,6,1805.88,224
2014-03-22,Pressboard Data Binders by Wilson Jones,Office Supplies,West,2,8.54,128
2014-03-22,Adjustable Depth Letter/Legal Cart,Office Supplies,West,4,725.84,142
2014-03-22,APC 7 Outlet Network SurgeArrest Surge Protector,Office Supplies,South,1,64.38,204
2014-03-22,"Eaton Premium Continuous-Feed Paper, 25% Cotton, Letter Size, White, 1000 Shts/Box",Office Supplies,Central,5,277.4,16
2014-03-24,Fellowes Officeware Wire Shelving,Office Supplies,Central,2,143.73,151
2014-03-24,Premier Electric Letter Opener,Office Supplies,East,3,347.58,57
2014-03-24,Canon imageCLASS 2200 Advanced Copier,Technology,West,4,13999.96,71
2014-03-24,Xerox 1898,Office Supplies,West,3,20.04,241
2014-03-24,DAX Natural Wood-Tone Poster Frame,Furniture,West,8,211.84,218
2014-03-24,"Cardinal Slant-D Ring Binder, Heavy Gauge Vinyl",Office Supplies,West,5,34.76,108
2014-03-24,Xerox 1980,Office Supplies,East,6,25.68,22
2014-03-24,Acco Perma 4000 Stacking Storage Drawers,Office Supplies,West,2,32.48,173
2014-03-25,Iris Project Case,Office Supplies,Central,2,12.77,71
2014-03-25,Xerox 1888,Office Supplies,East,4,221.92,7
2014-03-25,"Global Airflow Leather Mesh Back Chair, Black",Furniture,East,2,271.76,58
2014-03-25,"#10 White Business Envelopes,4 1/8 x 9 1/2",Office Supplies,East,3,47.01,217
2014-03-25,Samsung Galaxy S4 Mini,Technology,East,1,469.99,110
2014-03-25,Memorex Micro Travel Drive 8 GB,Technology,East,2,26.0,186
2014-03-25,Global Deluxe Steno Chair,Furniture,East,3,207.85,12
2014-03-26,Global Highback Leather Tilter in Burgundy,Furniture,Central,1,90.99,166
2014-03-26,"Lifetime Advantage Folding Chairs, 4/Carton",Furniture,Central,7,1526.56,228
2014-03-26,Panasonic KX-TG9471B,Technology,Central,3,470.38,240
2014-03-26,"Global High-Back Leather Tilter, Burgundy",Furniture,Central,3,368.97,155
2014-03-26,Newell 309,Office Supplies,West,2,23.1,216
2014-03-26,Hewlett Packard 310 Color Digital Copier,Technology,West,2,479.98,188
2014-03-26,Xerox 1953,Office Supplies,Central,2,6.85,15
2014-03-26,Avery Arch Ring Binders,Office Supplies,West,4,185.92,118
2014-03-26,Staples,Office Supplies,West,9,16.02,1
2014-03-26,Acco Smartsocket Color-Coded Six-Outlet AC Adapter Model Surge Protectors,Office Supplies,West,4,176.04,245
2014-03-26,Clearsounds A400,Technology,West,4,211.17,209
2014-03-26,Newell 311,Office Supplies,East,5,11.05,144
2014-03-27,Canon PC1080F Personal Copier,Technology,Central,5,2399.96,29
2014-03-27,Sony 64GB Class 10 Micro SDHC R40 Memory Card,Technology,Central,5,143.96,102
2014-03-27,"Neat Ideas Personal Hanging Folder Files, Black",Office Supplies,Central,3,32.23,12
2014-03-27,Belkin 5 Outlet SurgeMaster Power Centers,Office Supplies,Central,8,87.17,95
2014-03-27,Nokia Lumia 521 (T-Mobile),Technology,East,4,119.96,241
2014-03-27,"Sauder Forest Hills Library with Doors, Woodland Oak Finish",Furniture,East,2,257.57,220
2014-03-27,"Career Cubicle Clock, 8 1/4', Black",Furniture,Central,3,60.84,237
2014-03-27,Xerox 1951,Office Supplies,Central,3,74.35,93
2014-03-27,Staples,Office Supplies,South,2,3.76,81
2014-03-27,Memorex Froggy Flash Drive 8 GB,Technology,South,3,53.25,12
2014-03-27,"Boston 1827 Commercial Additional Cutter, Drive Gear & Gear Rack for 1606",Office Supplies,West,1,19.83,170
2014-03-28,"Global Leather & Oak Executive Chair, Burgundy",Furniture,Central,2,211.25,212
2014-03-28,Kensington SlimBlade Notebook Wireless Mouse with Nano Receiver ,Technology,Central,1,39.99,93
2014-03-28,Global Deluxe High-Back Manager's Chair,Furniture,Central,3,600.56,148
2014-03-28,"Atlantic Metals Mobile 5-Shelf Bookcases, Custom Colors",Furniture,Central,5,1023.33,111
2014-03-28,"Ampad Gold Fibre Wirebound Steno Books, 6' x 9', Gregg Ruled",Office Supplies,South,4,17.64,54
2014-03-28,Panasonic KX - TS880B Telephone,Technology,South,5,206.1,80
2014-03-28,BPI Conference Tables,Furniture,South,2,292.1,167
2014-03-28,"Carina Mini System Audio Rack, Model AR050B",Office Supplies,South,3,332.94,210
2014-03-28,"Avery 05222 Permanent Self-Adhesive File Folder Labels for Typewriters, on Rolls, White, 250/Roll",Office Supplies,South,2,8.26,115
2014-03-28,GBC Instant Index System for Binding Systems,Office Supplies,South,2,17.76,142
2014-03-28,"Eldon Expressions Punched Metal & Wood Desk Accessories, Black & Cherry",Furniture,East,2,15.01,200
2014-03-28,Xerox 1982,Office Supplies,West,2,45.68,179
2014-03-28,Xerox 1913,Office Supplies,West,2,110.96,201
2014-03-28,Unpadded Memo Slips,Office Supplies,West,3,11.94,107
2014-03-29,Xerox 1975,Office Supplies,West,2,12.96,222
2014-03-29,StarTech.com 10/100 VDSL2 Ethernet Extender Kit,Technology,West,2,532.72,52
2014-03-29,Xerox 1968,Office Supplies,West,4,26.72,214
2014-03-29,Xerox 1977,Office Supplies,West,3,20.04,127
2014-03-29,Canvas Sectional Post Binders,Office Supplies,South,9,68.74,179
2014-03-29,SAFCO Boltless Steel Shelving,Office Supplies,West,7,795.48,157
2014-03-29,Stackable Trays,Furniture,West,7,21.56,160
2014-03-29,DAX Black Cherry Wood-Tone Poster Frame,Furniture,West,1,26.48,56
2014-03-30,Adjustable Personal File Tote,Office Supplies,Central,5,81.4,51
2014-03-31,Flat Face Poster Frame,Furniture,West,5,94.2,136
2014-03-31,AT&T CL83451 4-Handset Telephone,Technology,West,1,164.79,181
2014-03-31,Manco Dry-Lighter Erasable Highlighter,Office Supplies,West,2,6.08,110
2014-03-31,"Advantus 10-Drawer Portable Organizer, Chrome Metal Frame, Smoke Drawers",Office Supplies,South,1,59.76,0
2014-03-31,Multimedia Mailers,Office Supplies,Central,2,325.86,43
2014-03-31,"Acco Pressboard Covers with Storage Hooks, 14 7/8' x 11', Executive Red",Office Supplies,East,5,5.72,226
2014-04-01,Vtech CS6719,Technology,South,7,671.93,74
2014-04-01,Hewlett Packard LaserJet 3310 Copier,Technology,South,5,2999.95,97
2014-04-01,Ibico Recycled Grain-Textured Covers,Office Supplies,South,1,34.54,207
2014-04-01,Fellowes 8 Outlet Superior Workstation Surge Protector w/o Phone/Fax/Modem Protection,Office Supplies,Central,5,33.62,8
2014-04-01,Acme Tagit Stainless Steel Antibacterial Scissors,Office Supplies,West,3,29.7,31
2014-04-01,"SlimView Poly Binder, 3/8'",Office Supplies,Central,13,13.47,14
2014-04-01,Avery Recycled Flexi-View Covers for Binding Systems,Office Supplies,South,4,64.12,139
2014-04-01,Advantus Panel Wall Certificate Holder - 8.5x11,Furniture,South,5,61.0,224
2014-04-01,Spigen Samsung Galaxy S5 Case Wallet,Technology,East,5,84.95,236
2014-04-01,Tensor Computer Mounted Lamp,Furniture,East,2,29.78,205
2014-04-01,"Rediform S.O.S. 1-Up Phone Message Bk, 4-1/4x3-1/16 Bk, 1 Form/Pg, 40 Messages/Bk, 3/Pk",Office Supplies,East,8,75.04,248
2014-04-01,Bush Mission Pointe Library,Furniture,Central,2,205.33,184
2014-04-01,Polycom SoundPoint IP 450 VoIP phone,Technology,East,3,677.58,135
2014-04-02,Staples,Office Supplies,South,3,20.81,71
2014-04-02,"Deflect-o DuraMat Lighweight, Studded, Beveled Mat for Low Pile Carpeting",Furniture,South,3,127.95,154
2014-04-02,"Global Wood Trimmed Manager's Task Chair, Khaki",Furniture,South,3,218.35,189
2014-04-02,Fellowes Binding Cases,Office Supplies,West,13,121.68,11
2014-04-02,Mediabridge Sport Armband iPhone 5s,Technology,South,3,23.98,64
2014-04-02,Hanging Personal Folder File,Office Supplies,Central,6,94.2,106
2014-04-02,Avery 498,Office Supplies,West,2,5.78,231
2014-04-02,"Wirebound Message Books, Four 2 3/4 x 5 Forms per Page, 200 Sets per Book",Office Supplies,East,9,42.93,41
2014-04-02,Avery 494,Office Supplies,South,3,6.26,189
2014-04-02,Cubify CubeX 3D Printer Double Head Print,Technology,West,2,4799.98,114
2014-04-02,"Safco Value Mate Steel Bookcase, Baked Enamel Finish on Steel, Black",Furniture,West,8,482.66,138
2014-04-02,Staples,Office Supplies,Central,5,28.4,102
2014-04-03,Avery 499,Office Supplies,South,3,14.94,170
2014-04-03,Bevis 44 x 96 Conference Tables,Furniture,South,2,411.8,94
2014-04-03,NETGEAR N750 Dual Band Wi-Fi Gigabit Router,Technology,South,4,360.0,16
2014-04-03,Newell 318,Office Supplies,East,4,11.12,224
2014-04-03,Westinghouse Clip-On Gooseneck Lamps,Furniture,West,3,25.11,159
2014-04-04,Staples,Furniture,East,4,25.47,249
2014-04-04,Prang Colored Pencils,Office Supplies,Central,3,7.06,220
2014-04-05,Cisco SPA 502G IP Phone,Technology,Central,4,383.84,212
2014-04-05,Panasonic KX - TS880B Telephone,Technology,East,1,41.22,84
2014-04-05,Premier Automatic Letter Opener,Office Supplies,East,1,240.37,167
2014-04-05,LG Electronics Tone+ HBS-730 Bluetooth Headset,Technology,East,2,119.02,150
2014-04-05,Newell 326,Office Supplies,East,4,7.04,55
2014-04-05,Brown Kraft Recycled Envelopes,Office Supplies,East,1,16.98,133
2014-04-07,Staples,Office Supplies,Central,3,106.32,85
2014-04-07,3M Organizer Strips,Office Supplies,South,5,8.1,177
2014-04-08,Logitech P710e Mobile Speakerphone,Technology,South,3,617.98,101
2014-04-08,Bush Advantage Collection Round Conference Table,Furniture,South,2,233.86,164
2014-04-08,Bretford Rectangular Conference Table Tops,Furniture,South,3,620.61,236
2014-04-08,GBC Instant Index System for Binding Systems,Office Supplies,South,2,5.33,191
2014-04-08,AT&T 1080 Corded phone,Technology,South,2,219.18,242
2014-04-08,"Tenex Contemporary Contur Chairmats for Low and Medium Pile Carpet, Computer, 39' x 49'",Furniture,South,3,258.07,53
2014-04-08,50 Colored Long Pencils,Office Supplies,South,2,16.26,199
2014-04-09,"3M Polarizing Task Lamp with Clamp Arm, Light Gray",Furniture,Central,2,273.96,232
2014-04-09,GBC DocuBind TL300 Electric Binding System,Office Supplies,South,3,2690.97,176
2014-04-09,Luxo Professional Combination Clamp-On Lamps,Furniture,Central,3,306.9,226
2014-04-09,Xerox 1942,Office Supplies,West,4,195.76,114
2014-04-09,Xerox 1891,Office Supplies,West,5,244.55,138
2014-04-09,"Eldon Expressions Punched Metal & Wood Desk Accessories, Black & Cherry",Furniture,South,6,56.28,87
2014-04-09,Tennsco 16-Compartment Lockers with Coat Rack,Office Supplies,East,4,2591.56,48
2014-04-09,Black & Decker Filter for Double Action Dustbuster Cordless Vac BLDV7210,Office Supplies,East,5,41.95,148
2014-04-10,Xerox 1893,Office Supplies,East,2,65.58,114
2014-04-10,Xerox 1915,Office Supplies,South,3,251.64,193
2014-04-10,Tuf-Vin Binders,Office Supplies,East,4,37.9,62
2014-04-10,Computer Printout Paper with Letter-Trim Fine Perforations,Office Supplies,East,4,191.6,103
2014-04-10,Office Impressions Heavy Duty Welded Shelving & Multimedia Storage Drawers,Office Supplies,East,3,501.81,82
2014-04-10,Xerox 212,Office Supplies,East,2,12.96,102
2014-04-10,Avery Arch Ring Binders,Office Supplies,South,1,17.43,155
2014-04-10,Bulldog Vacuum Base Pencil Sharpener,Office Supplies,East,3,35.97,16
2014-04-10,Avery File Folder Labels,Office Supplies,East,3,8.64,5
2014-04-10,Color-Coded Legal Exhibit Labels,Office Supplies,East,2,9.82,146
2014-04-10,GBC Recycled Regency Composition Covers,Office Supplies,Central,8,478.24,183
2014-04-10,Avery 48,Office Supplies,South,3,15.12,229
2014-04-11,"Acco Pressboard Covers with Storage Hooks, 14 7/8' x 11', Light Blue",Office Supplies,South,3,4.42,27
2014-04-11,OIC Binder Clips,Office Supplies,East,2,7.16,193
2014-04-11,"Wirebound Message Books, Two 4 1/4' x 5' Forms per Page",Office Supplies,East,1,7.61,37
2014-04-11,"Linden 10' Round Wall Clock, Black",Furniture,East,3,36.67,118
2014-04-11,Stackable Trays,Furniture,South,5,12.32,36
2014-04-11,Tripp Lite Isotel 6 Outlet Surge Protector with Fax/Modem Protection,Office Supplies,East,4,195.1,114
2014-04-11,Logitech G700s Rechargeable Gaming Mouse,Technology,East,1,99.99,243
2014-04-11,Recycled Steel Personal File for Hanging File Folders,Office Supplies,East,5,286.15,67
2014-04-11,Xerox 1894,Office Supplies,Central,2,10.37,213
2014-04-11,Logitech MX Performance Wireless Mouse,Technology,Central,3,95.74,217
2014-04-12,Sterilite Officeware Hinged File Box,Office Supplies,East,2,16.77,176
2014-04-12,Kingston Digital DataTraveler 32GB USB 2.0,Technology,East,2,27.12,42
2014-04-12,SanDisk Ultra 64 GB MicroSDHC Class 10 Memory Card,Technology,West,5,199.95,163
2014-04-12,Newell 321,Office Supplies,South,8,20.99,57
2014-04-12,"Dixon Ticonderoga Erasable Colored Pencil Set, 12-Color",Office Supplies,West,7,41.86,12
2014-04-12,Flexible Leather- Look Classic Collection Ring Binder,Office Supplies,Central,3,11.36,51
2014-04-12,Pencil and Crayon Sharpener,Office Supplies,South,1,1.75,57
2014-04-13,Xerox 1948,Office Supplies,East,4,39.96,31
2014-04-13,Storex Dura Pro Binders,Office Supplies,East,5,29.7,208
2014-04-14,Xerox 4200 Series MultiUse Premium Copy Paper (20Lb. and 84 Bright),Office Supplies,West,1,5.28,104
2014-04-14,"Global Wood Trimmed Manager's Task Chair, Khaki",Furniture,West,6,436.7,227
2014-04-14,GBC DocuBind TL200 Manual Binding Machine,Office Supplies,West,5,895.92,246
2014-04-14,Translucent Push Pins by OIC,Office Supplies,East,5,7.92,187
2014-04-15,"Bush Westfield Collection Bookcases, Fully Assembled",Furniture,East,3,242.35,237
2014-04-15,Avery Non-Stick Binders,Office Supplies,East,3,10.78,82
2014-04-15,Zebra Zazzle Fluorescent Highlighters,Office Supplies,East,3,14.59,185
2014-04-15,Xerox 196,Office Supplies,East,3,13.87,98
2014-04-15,"Sanford Prismacolor Professional Thick Lead Art Pencils, 36-Color Set",Office Supplies,East,3,89.86,237
2014-04-15,Sauder Cornerstone Collection Library,Furniture,South,8,198.27,103
2014-04-15,Tensor Computer Mounted Lamp,Furniture,East,5,74.45,183
2014-04-15,Acco 3-Hole Punch,Office Supplies,Central,2,8.76,27
2014-04-16,Faber Castell Col-Erase Pencils,Office Supplies,South,1,4.89,128
2014-04-16,VariCap6 Expandable Binder,Office Supplies,South,3,15.57,169
2014-04-16,Howard Miller 12' Round Wall Clock,Furniture,West,5,196.45,209
2014-04-16,Xerox 1883,Office Supplies,West,3,79.14,47
2014-04-16,Xerox 1967,Office Supplies,South,3,15.55,39
2014-04-16,Xerox 207,Office Supplies,Central,4,20.74,96
2014-04-17,SpineVue Locking Slant-D Ring Binders by Cardinal,Office Supplies,East,5,13.71,190
2014-04-17,Hoover Commercial SteamVac,Office Supplies,West,3,40.74,203
2014-04-17,Compact Automatic Electric Letter Opener,Office Supplies,South,4,477.24,199
2014-04-17,SanDisk Ultra 16 GB MicroSDHC Class 10 Memory Card,Technology,South,2,25.98,215
2014-04-17,"GBC White Gloss Covers, Plain Front",Office Supplies,Central,1,2.9,207
2014-04-17,O'Sullivan Living Dimensions 2-Shelf Bookcases,Furniture,West,1,102.83,113
2014-04-17,Tennsco Commercial Shelving,Office Supplies,Central,2,32.54,131
2014-04-17,"Belkin 19' Vented Equipment Shelf, Black",Office Supplies,West,4,205.92,165
2014-04-17,Satellite Sectional Post Binders,Office Supplies,Central,3,26.05,235
2014-04-17,Newell 325,Office Supplies,Central,5,16.52,154
2014-04-18,"Rediform S.O.S. 1-Up Phone Message Bk, 4-1/4x3-1/16 Bk, 1 Form/Pg, 40 Messages/Bk, 3/Pk",Office Supplies,West,3,28.14,136
2014-04-18,"Eldon Executive Woodline II Desk Accessories, Mahogany",Furniture,East,3,60.31,110
2014-04-18,Avery 517,Office Supplies,West,2,7.38,143
2014-04-18,Avery 474,Office Supplies,West,8,23.04,183
2014-04-18,Cardinal Holdit Business Card Pockets,Office Supplies,West,6,8.96,75
2014-04-18,Stockwell Push Pins,Office Supplies,West,5,10.9,30
2014-04-18,GBC VeloBinder Manual Binding System,Office Supplies,West,2,21.59,215
2014-04-18,"Global Wood Trimmed Manager's Task Chair, Khaki",Furniture,West,3,218.35,118
2014-04-18,Logitech Wireless Touch Keyboard K400,Technology,West,11,274.89,141
2014-04-18,Carina Media Storage Towers in Natural & Black,Office Supplies,Central,4,195.14,236
2014-04-18,Lexmark MX611dhe Monochrome Laser Printer,Technology,West,5,2549.98,24
2014-04-18,Insertable Tab Post Binder Dividers,Office Supplies,West,5,12.03,33
2014-04-18,Xerox 225,Office Supplies,West,4,20.74,66
2014-04-21,Premium Transparent Presentation Covers by GBC,Office Supplies,Central,7,146.86,249
2014-04-21,Executive Impressions 12' Wall Clock,Furniture,East,3,42.41,151
2014-04-21,Deluxe Rollaway Locking File with Drawer,Office Supplies,East,1,332.7,117
2014-04-21,Cardinal EasyOpen D-Ring Binders,Office Supplies,Central,4,36.56,233
2014-04-21,"Sortfiler Multipurpose Personal File Organizer, Black",Office Supplies,East,3,51.34,72
2014-04-21,"Computer Room Manger, 14'",Furniture,East,2,51.97,25
2014-04-21,Eldon Cleatmat Chair Mats for Medium Pile Carpets,Furniture,Central,2,44.4,147
2014-04-21,"Master Caster Door Stop, Large Neon Orange",Furniture,Central,5,14.56,191
2014-04-21,Avaya 5410 Digital phone,Technology,East,3,122.38,103
2014-04-21,Lumber Crayons,Office Supplies,Central,2,15.76,9
2014-04-21,"Wilson Jones Clip & Carry Folder Binder Tool for Ring Binders, Clear",Office Supplies,East,5,8.7,210
2014-04-21,Tennsco 6- and 18-Compartment Lockers,Office Supplies,East,4,848.54,66
2014-04-21,DMI Arturo Collection Mission-style Design Wood Chair,Furniture,Central,3,317.06,151
2014-04-22,Avery Non-Stick Binders,Office Supplies,Central,3,2.69,4
2014-04-22,"Acco 7-Outlet Masterpiece Power Center, Wihtout Fax/Phone Line Protection",Office Supplies,Central,4,97.26,194
2014-04-22,Eldon Advantage Foldable Chair Mats for Low Pile Carpets,Furniture,West,3,162.6,185
2014-04-22,"Global Fabric Manager's Chair, Dark Gray",Furniture,East,9,908.82,26
2014-04-22,Logitech LS21 Speaker System - PC Multimedia - 2.1-CH - Wired,Technology,Central,3,47.98,207
2014-04-22,Xerox 230,Office Supplies,Central,4,20.74,112
2014-04-22,"Verbatim Slim CD and DVD Storage Cases, 50/Pack",Technology,West,1,11.54,14
2014-04-22,UniKeep View Case Binders,Office Supplies,Central,3,2.93,162
2014-04-23,"Tenex 46' x 60' Computer Anti-Static Chairmat, Rectangular Shaped",Furniture,East,3,254.35,203
2014-04-23,"Eldon Stackable Tray, Side-Load, Legal, Smoke",Furniture,West,2,18.28,104
2014-04-23,Tennsco Double-Tier Lockers,Office Supplies,South,3,675.06,180
2014-04-24,Tenex Chairmats For Use with Hard Floors,Furniture,South,3,77.95,43
2014-04-24,Avery 496,Office Supplies,South,1,3.0,25
2014-04-24,Maxell 4.7GB DVD-R,Technology,South,2,45.41,174
2014-04-24,O'Sullivan 4-Shelf Bookcase in Odessa Pine,Furniture,South,4,387.14,161
2014-04-24,Fiskars Softgrip Scissors,Office Supplies,East,5,54.9,214
2014-04-24,"TRENDnet 56K USB 2.0 Phone, Internet and Fax Modem",Technology,Central,6,155.34,94
2014-04-24,XtraLife ClearVue Slant-D Ring Binders by Cardinal,Office Supplies,East,5,11.76,177
2014-04-24,Xerox 195,Office Supplies,East,1,5.34,83
2014-04-24,Tripp Lite Isotel 6 Outlet Surge Protector with Fax/Modem Protection,Office Supplies,East,2,121.94,139
2014-04-24,Eldon 500 Class Desk Accessories,Furniture,West,2,24.14,214
2014-04-24,"DAX Two-Tone Rosewood/Black Document Frame, Desktop, 5 x 7",Furniture,West,7,66.36,131
2014-04-24,Acme 10' Easy Grip Assistive Scissors,Office Supplies,East,7,122.71,86
2014-04-24,GBC Durable Plastic Covers,Office Supplies,West,6,92.88,175
2014-04-24,Staples,Office Supplies,West,2,18.69,182
2014-04-24,"Eldon Imàge Series Desk Accessories, Clear",Furniture,West,3,11.66,111
2014-04-25,GBC ProClick Spines for 32-Hole Punch,Office Supplies,East,2,7.52,128
2014-04-25,Sensible Storage WireTech Storage Systems,Office Supplies,South,2,113.57,245
2014-04-25,AT&T 841000 Phone,Technology,West,10,552.0,88
2014-04-25,Safco Industrial Wire Shelving System,Office Supplies,Central,1,72.78,65
2014-04-25,"Acco Smartsocket Table Surge Protector, 6 Color-Coded Adapter Outlets",Office Supplies,East,2,99.28,157
2014-04-25,V7 USB Numeric Keypad,Technology,East,2,69.98,130
2014-04-25,"Acco Data Flex Cable Posts For Top & Bottom Load Binders, 6' Capacity",Office Supplies,Central,5,10.43,121
2014-04-25,Colored Push Pins,Office Supplies,West,1,1.81,148
2014-04-25,Avery Reinforcements for Hole-Punch Pages,Office Supplies,East,2,1.19,216
2014-04-26,Sony 64GB Class 10 Micro SDHC R40 Memory Card,Technology,West,3,107.97,83
2014-04-26,Surelock Post Binders,Office Supplies,West,3,73.34,176
2014-04-26,Newell 318,Office Supplies,West,4,8.9,115
2014-04-26,Stanley Bostitch Contemporary Electric Pencil Sharpeners,Office Supplies,South,5,67.92,213
2014-04-26,Newell 312,Office Supplies,South,9,42.05,212
2014-04-26,"Telephone Message Books with Fax/Mobile Section, 5 1/2' x 3 3/16'",Office Supplies,West,3,19.05,189
2014-04-26,"Cardinal Slant-D Ring Binder, Heavy Gauge Vinyl",Office Supplies,West,2,13.9,224
2014-04-26,"Bush Westfield Collection Bookcases, Medium Cherry Finish",Furniture,West,7,344.98,115
2014-04-27,Strathmore Photo Mount Cards,Office Supplies,West,3,20.34,37
2014-04-27,Avery 478,Office Supplies,West,8,39.28,142
2014-04-27,"DAX Value U-Channel Document Frames, Easel Back",Furniture,Central,1,1.99,249
2014-04-28,Sauder Barrister Bookcases,Furniture,Central,4,220.27,249
2014-04-28,"Avery Address/Shipping Labels for Typewriters, 4' x 2'",Office Supplies,Central,4,33.12,109
2014-04-28,Luxo Economy Swing Arm Lamp,Furniture,West,7,139.58,179
2014-04-28,"Boston School Pro Electric Pencil Sharpener, 1670",Office Supplies,West,4,123.92,206
2014-04-28,Newell Chalk Holder,Office Supplies,West,3,12.39,45
2014-04-28,Boston Home & Office Model 2000 Electric Pencil Sharpeners,Office Supplies,West,2,47.3,24
2014-04-29,Sterilite Officeware Hinged File Box,Office Supplies,East,1,8.38,20
2014-04-29,Newell 341,Office Supplies,East,2,6.85,215
2014-04-29,Harmony HEPA Quiet Air Purifiers,Office Supplies,South,3,28.08,120
2014-04-29,Samsung Galaxy S4 Mini,Technology,South,2,751.98,121
2014-04-30,"SAFCO PlanMaster Heigh-Adjustable Drafting Table Base, 43w x 30d x 30-37h, Black",Furniture,East,5,1048.35,132
2014-04-30,Color-Coded Legal Exhibit Labels,Office Supplies,East,1,4.91,69
2014-05-01,Fellowes Black Plastic Comb Bindings,Office Supplies,West,5,23.24,112
2014-05-01,3M Hangers With Command Adhesive,Furniture,South,8,23.68,106
2014-05-01,Maxell 4.7GB DVD+R 5/Pack,Technology,South,3,2.38,111
2014-05-01,#10- 4 1/8' x 9 1/2' Security-Tint Envelopes,Office Supplies,West,4,30.56,107
2014-05-01,Seth Thomas 16' Steel Case Clock,Furniture,West,2,64.96,46
2014-05-01,Tenex B1-RE Series Chair Mats for Low Pile Carpets,Furniture,South,6,220.7,214
2014-05-01,Polycom SoundPoint IP 450 VoIP phone,Technology,East,5,677.58,195
2014-05-01,Xerox 222,Office Supplies,East,2,10.37,90
2014-05-01,#10-4 1/8' x 9 1/2' Premium Diagonal Seam Envelopes,Office Supplies,East,4,62.96,17
2014-05-01,Avery 5,Office Supplies,East,2,5.76,148
2014-05-01,Faber Castell Col-Erase Pencils,Office Supplies,West,2,9.78,219
2014-05-01,GBC Linen Binding Covers,Office Supplies,Central,7,43.37,226
2014-05-01,Xerox 1919,Office Supplies,West,4,163.96,213
2014-05-01,GBC VeloBind Cover Sets,Office Supplies,East,3,13.9,103
2014-05-01,Avery 474,Office Supplies,South,2,4.61,150
2014-05-01,Staples,Office Supplies,South,3,15.53,191
2014-05-01,"Acco PRESSTEX Data Binder with Storage Hooks, Light Blue, 9 1/2' X 11'",Office Supplies,South,3,4.84,194
2014-05-01,Avery 499,Office Supplies,South,3,11.95,39
2014-05-02,Bush Somerset Collection Bookcase,Furniture,South,3,314.35,241
2014-05-02,HON 5400 Series Task Chairs for Big and Tall,Furniture,South,5,2803.92,137
2014-05-02,Bush Advantage Collection Racetrack Conference Table,Furniture,South,4,933.26,88
2014-05-02,Kleencut Forged Office Shears by Acme United Corporation,Office Supplies,South,2,3.33,179
2014-05-02,"Maxell 74 Minute CDR, 10/Pack",Technology,South,5,48.9,240
2014-05-02,Avery 492,Office Supplies,South,2,4.61,199
2014-05-03,Eldon Advantage Chair Mats for Low to Medium Pile Carpets,Furniture,East,3,129.93,246
2014-05-03,Adams 'While You Were Out' Message Pads,Office Supplies,West,5,15.7,202
2014-05-03,"Adams Phone Message Book, 200 Message Capacity, 8 1/16 x 11",Office Supplies,West,5,34.4,60
2014-05-03,Logitech MX Performance Wireless Mouse,Technology,West,4,159.56,191
2014-05-03,Newell 34,Office Supplies,West,3,59.52,4
2014-05-04,Wilson Jones Legal Size Ring Binders,Office Supplies,East,4,26.39,121
2014-05-04,Xerox 2,Office Supplies,West,4,25.92,236
2014-05-04,Bevis 36 x 72 Conference Tables,Furniture,East,5,373.47,180
2014-05-04,"Wilson Jones Elliptical Ring 3 1/2' Capacity Binders, 800 sheets",Office Supplies,East,5,64.2,54
2014-05-04,Fellowes Stor/Drawer Steel Plus Storage Drawers,Office Supplies,West,8,763.44,36
2014-05-04,"Multi-Use Personal File Cart and Caster Set, Three Stacking Bins",Office Supplies,West,2,69.52,55
2014-05-04,Newell 350,Office Supplies,West,7,22.96,186
2014-05-04,Advantus Plastic Paper Clips,Office Supplies,East,2,8.0,236
2014-05-04,"Career Cubicle Clock, 8 1/4', Black",Furniture,East,2,32.45,101
2014-05-05,"Black Avery Memo-Size 3-Ring Binder, 5 1/2' x 8 1/2'",Office Supplies,East,2,2.2,92
2014-05-05,"Acco 7-Outlet Masterpiece Power Center, Wihtout Fax/Phone Line Protection",Office Supplies,West,2,243.16,196
2014-05-05,Motorola L804,Technology,West,5,183.96,72
2014-05-05,"Tenex Personal Self-Stacking Standard File Box, Black/Gray",Office Supplies,South,1,16.91,58
2014-05-05,Letter Size Cart,Office Supplies,South,4,571.44,239
2014-05-05,"Black Print Carbonless Snap-Off Rapid Letter, 8 1/2' x 7'",Office Supplies,South,1,9.11,1
2014-05-05,Xerox 23,Office Supplies,South,5,32.4,192
2014-05-05,Things To Do Today Pad,Office Supplies,West,3,17.61,103
2014-05-05,"Avery 3 1/2' Diskette Storage Pages, 10/Pack",Office Supplies,East,3,9.4,187
2014-05-05,Bretford Rectangular Conference Table Tops,Furniture,West,1,300.9,50
2014-05-05,DXL Angle-View Binders with Locking Rings by Samsill,Office Supplies,East,1,2.31,29
2014-05-06,Xerox 1923,Office Supplies,East,1,6.68,10
2014-05-06,Ibico Covers for Plastic or Wire Binding Elements,Office Supplies,South,3,34.5,219
2014-05-06,"Redi-Strip #10 Envelopes, 4 1/8 x 9 1/2",Office Supplies,West,9,21.24,107
2014-05-06,"Peel & Seel Recycled Catalog Envelopes, Brown",Office Supplies,West,2,23.16,75
2014-05-06,Bestar Classic Bookcase,Furniture,West,3,89.99,166
2014-05-06,"Avery Durable Slant Ring Binders, No Labels",Office Supplies,West,8,9.55,89
2014-05-07,Avery Durable Poly Binders,Office Supplies,Central,10,11.06,204
2014-05-07,"Sauder Mission Library with Doors, Fruitwood Finish",Furniture,Central,7,623.46,122
2014-05-07,Fellowes Staxonsteel Drawer Files,Office Supplies,Central,5,772.68,199
2014-05-07,Avery 505,Office Supplies,East,4,59.2,190
2014-05-07,Imation Secure+ Hardware Encrypted USB 2.0 Flash Drive; 16GB,Technology,Central,7,408.74,191
2014-05-07,Eureka The Boss Cordless Rechargeable Stick Vac,Office Supplies,West,3,152.94,188
2014-05-07,Kensington Orbit Wireless Mobile Trackball for PC and Mac,Technology,Central,4,191.97,124
2014-05-07,Dixon Ticonderoga Core-Lock Colored Pencils,Office Supplies,South,6,54.66,181
2014-05-07,Wilson Jones Century Plastic Molded Ring Binders,Office Supplies,South,11,68.54,219
2014-05-07,GE 30524EE4,Technology,South,4,627.17,121
2014-05-07,"Avery 4027 File Folder Labels for Dot Matrix Printers, 5000 Labels per Box, White",Office Supplies,South,5,122.12,93
2014-05-07,Blackstonian Pencils,Office Supplies,Central,3,6.41,200
2014-05-07,Xerox 1883,Office Supplies,West,4,84.42,102
2014-05-08,Blue Parrot B250XT Professional Grade Wireless Bluetooth Headset with,Technology,West,7,419.94,222
2014-05-08,Logitech G600 MMO Gaming Mouse,Technology,West,1,79.99,185
2014-05-08,Belkin Premiere Surge Master II 8-outlet surge protector,Office Supplies,Central,2,87.44,212
2014-05-08,Safco Contoured Stacking Chairs,Furniture,Central,2,476.8,183
2014-05-08,SAFCO Optional Arm Kit for Workspace Cribbage Stacking Chair,Furniture,Central,1,26.64,238
2014-05-08,Hon 4070 Series Pagoda Armless Upholstered Stacking Chairs,Furniture,Central,5,1458.65,161
2014-05-09,"Global Armless Task Chair, Royal Blue",Furniture,East,3,128.06,246
2014-05-09,Fellowes Mighty 8 Compact Surge Protector,Office Supplies,West,4,81.08,30
2014-05-09,Canon Imageclass D680 Copier / Fax,Technology,West,6,3359.95,51
2014-05-09,Xerox 1997,Office Supplies,Central,8,41.47,88
2014-05-09,Global Chrome Stack Chair,Furniture,East,2,47.99,75
2014-05-10,"GBC Velobind Prepunched Cover Sets, Regency Series",Office Supplies,West,5,147.92,128
2014-05-10,Home/Office Personal File Carts,Office Supplies,West,3,104.28,182
2014-05-10,"Riverside Furniture Oval Coffee Table, Oval End Table, End Table with Drawer",Furniture,West,1,286.85,21
2014-05-10,Rogers Profile Extra Capacity Storage Tub,Office Supplies,West,4,66.96,39
2014-05-10,Razer Kraken 7.1 Surround Sound Over Ear USB Gaming Headset,Technology,West,2,199.98,100
2014-05-10,"Tyvek  Top-Opening Peel & Seel Envelopes, Plain White",Office Supplies,South,3,65.23,110
2014-05-10,Harbour Creations Steel Folding Chair,Furniture,South,3,207.0,128
2014-05-12,Bestar Classic Bookcase,Furniture,West,7,209.98,64
2014-05-12,Newell 348,Office Supplies,Central,2,5.25,248
2014-05-12,"Ampad Phone Message Book, Recycled, 400 Message Capacity, 5 ¾ x 11",Office Supplies,West,6,37.44,190
2014-05-12,Safco Commercial Shelving,Office Supplies,Central,2,74.42,233
2014-05-12,"Acco Flexible ACCOHIDE Square Ring Data Binder, Dark Blue, 11 1/2' X 14' 7/8'",Office Supplies,West,2,26.03,181
2014-05-12,Xerox 1927,Office Supplies,Central,2,6.85,169
2014-05-12,Telescoping Adjustable Floor Lamp,Furniture,Central,1,8.0,148
2014-05-12,Avery 50,Office Supplies,West,3,37.59,78
2014-05-12,Panasonic KP-4ABK Battery-Operated Pencil Sharpener,Office Supplies,East,3,43.92,208
2014-05-13,Fellowes Bankers Box Stor/Drawer Steel Plus,Office Supplies,Central,5,127.92,21
2014-05-13,"Wilson Jones Elliptical Ring 3 1/2' Capacity Binders, 800 sheets",Office Supplies,Central,4,34.24,165
2014-05-13,Hoover Commercial Soft Guard Upright Vacuum And Disposable Filtration Bags,Office Supplies,West,1,7.77,98
2014-05-13,"Lesro Sheffield Collection Coffee Table, End Table, Center Table, Corner Table",Furniture,West,5,285.48,236
2014-05-13,"DXL Angle-View Binders with Locking Rings, Black",Office Supplies,West,4,19.17,207
2014-05-13,"Maxell Pro 80 Minute CD-R, 10/Pack",Technology,East,5,87.4,7
2014-05-13,Compact Automatic Electric Letter Opener,Office Supplies,West,2,238.62,189
2014-05-13,Newell 347,Office Supplies,East,3,10.27,174
2014-05-13,"TOPS Carbonless Receipt Book, Four 2-3/4 x 7-1/4 Money Receipts per Page",Office Supplies,East,5,87.6,16
2014-05-13,Smead Alpha-Z Color-Coded Second Alphabetical Labels and Starter Set,Office Supplies,East,2,6.16,16
2014-05-13,Avery 501,Office Supplies,East,2,5.9,245
2014-05-13,"DAX Cubicle Frames, 8-1/2 x 11",Furniture,East,5,42.85,89
2014-05-13,Acme Titanium Bonded Scissors,Office Supplies,East,2,17.0,140
2014-05-14,Hammermill CopyPlus Copy Paper (20Lb. and 84 Bright),Office Supplies,Central,3,14.94,144
2014-05-14,Tennsco 6- and 18-Compartment Lockers,Office Supplies,Central,2,530.34,165
2014-05-14,Plantronics Calisto P620-M USB Wireless Speakerphone System,Technology,Central,3,587.97,80
2014-05-14,GBC Twin Loop Wire Binding Elements,Office Supplies,East,9,299.52,239
2014-05-14,Tyvek Side-Opening Peel & Seel Expanding Envelopes,Office Supplies,Central,2,180.96,77
2014-05-14,Ibico Hi-Tech Manual Binding System,Office Supplies,Central,3,914.97,172
2014-05-14,Fellowes Basic Home/Office Series Surge Protectors,Office Supplies,South,2,20.77,5
2014-05-14,Office Star - Mesh Screen back chair with Vinyl seat,Furniture,East,5,458.43,162
2014-05-14,Self-Adhesive Address Labels for Typewriters by Universal,Office Supplies,West,8,58.48,109
2014-05-15,Razer Tiamat Over Ear 7.1 Surround Sound PC Gaming Headset,Technology,West,7,1399.93,13
2014-05-15,Avery 505,Office Supplies,East,5,74.0,238
2014-05-15,"Office Star - Contemporary Task Swivel chair with Loop Arms, Charcoal",Furniture,East,2,261.96,71
2014-05-15,Belkin F8E887 USB Wired Ergonomic Keyboard,Technology,East,3,89.97,188
2014-05-15,Xerox 1937,Office Supplies,Central,2,76.86,142
2014-05-15,Eberhard Faber 3 1/2' Golf Pencils,Office Supplies,East,5,37.2,53
2014-05-15,Prang Colored Pencils,Office Supplies,East,5,14.7,26
2014-05-15,PayAnywhere Card Reader,Technology,Central,1,7.99,12
2014-05-15,Xerox 1936,Office Supplies,Central,3,47.95,240
2014-05-15,X-Rack File for Hanging Folders,Office Supplies,East,2,22.58,158
2014-05-15,Newell 309,Office Supplies,Central,5,46.2,244
2014-05-15,Global Commerce Series Low-Back Swivel/Tilt Chairs,Furniture,Central,5,899.43,247
2014-05-15,Martin-Yale Premier Letter Opener,Office Supplies,West,5,64.4,162
2014-05-15,"OIC #2 Pencils, Medium Soft",Office Supplies,East,2,3.76,59
2014-05-15,Avery 502,Office Supplies,East,2,5.04,5
2014-05-15,Xerox 1917,Office Supplies,West,9,440.19,196
2014-05-15,Fashion Color Clasp Envelopes,Office Supplies,South,9,48.69,213
2014-05-15,"Premium Transparent Presentation Covers, No Pattern/Clear, 8 1/2' x 11'",Office Supplies,East,5,58.17,57
2014-05-15,Google Nexus 5,Technology,East,3,539.97,48
2014-05-15,Xerox 19,Office Supplies,East,1,24.78,150
2014-05-15,"Eldon Stackable Tray, Side-Load, Legal, Smoke",Furniture,West,2,18.28,216
2014-05-16,"Universal Ultra Bright White Copier/Laser Paper, 8 1/2' x 11', Ream",Office Supplies,West,3,15.55,161
2014-05-16,Avery Durable Slant Ring Binders,Office Supplies,West,2,4.75,25
2014-05-16,"Logitech B530 USB Headset - headset - Full size, Binaural",Technology,West,1,29.59,46
2014-05-16,SAFCO Arco Folding Chair,Furniture,West,1,220.96,4
2014-05-16,QVS USB Car Charger 2-Port 2.1Amp for iPod/iPhone/iPad/iPad 2/iPad 3,Technology,Central,2,11.12,217
2014-05-16,Xerox 1880,Office Supplies,Central,2,56.7,19
2014-05-16,SAFCO Optional Arm Kit for Workspace Cribbage Stacking Chair,Furniture,West,2,42.62,133
2014-05-16,24-Hour Round Wall Clock,Furniture,West,2,39.96,197
2014-05-17,"SAFCO Commercial Wire Shelving, Black",Office Supplies,East,2,221.02,58
2014-05-19,"Acco Pressboard Covers with Storage Hooks, 9 1/2' x 11', Executive Red",Office Supplies,East,1,3.05,191
2014-05-19,"Master Caster Door Stop, Large Neon Orange",Furniture,East,2,14.56,241
2014-05-19,"Acco Pressboard Covers with Storage Hooks, 14 7/8' x 11', Light Blue",Office Supplies,Central,7,6.87,145
2014-05-19,KeyTronic KT800P2 - Keyboard - Black,Technology,East,3,36.05,131
2014-05-19,Plastic Stacking Crates & Casters,Office Supplies,Central,2,8.93,16
2014-05-19,Aastra 6757i CT Wireless VoIP phone,Technology,West,2,344.7,248
2014-05-19,"Acco Six-Outlet Power Strip, 4' Cord Length",Office Supplies,South,2,17.24,13
2014-05-19,Hon 4-Shelf Metal Bookcases,Furniture,South,3,302.94,205
2014-05-19,"Universal Recycled Hanging Pressboard Report Binders, Letter Size",Office Supplies,Central,7,43.19,12
2014-05-19,QVS USB Car Charger 2-Port 2.1Amp for iPod/iPhone/iPad/iPad 2/iPad 3,Technology,South,5,34.75,134
2014-05-19,Motorola HK250 Universal Bluetooth Headset,Technology,Central,5,114.95,127
2014-05-19,Avanti 1.7 Cu. Ft. Refrigerator,Office Supplies,Central,7,706.86,43
2014-05-19,Poly Designer Cover & Back,Office Supplies,South,6,113.94,118
2014-05-19,Flat Face Poster Frame,Furniture,Central,3,22.61,142
2014-05-19,Apple EarPods with Remote and Mic,Technology,South,2,55.98,18
2014-05-19,"Avery Framed View Binder, EZD Ring (Locking), Navy, 1 1/2'",Office Supplies,Central,1,2.0,62
2014-05-19,C-Line Cubicle Keepers Polyproplyene Holder With Velcro Backings,Furniture,Central,1,1.89,234
2014-05-20,Kingston Digital DataTraveler 32GB USB 2.0,Technology,South,4,67.8,238
2014-05-20,Nortel Meridian M3904 Professional Digital phone,Technology,East,2,307.98,235
2014-05-20,"Situations Contoured Folding Chairs, 4/Set",Furniture,West,12,681.41,162
2014-05-20,Bionaire Personal Warm Mist Humidifier/Vaporizer,Office Supplies,East,6,281.34,80
2014-05-20,Wilson Jones Four-Pocket Poly Binders,Office Supplies,South,4,26.16,162
2014-05-20,Nokia Lumia 925,Technology,South,3,377.97,146
2014-05-20,Newell 310,Office Supplies,West,2,3.52,147
2014-05-20,Newell 314,Office Supplies,West,1,5.58,99
2014-05-20,SanDisk Cruzer 64 GB USB Flash Drive,Technology,West,1,36.32,162
2014-05-20,Avery 491,Office Supplies,Central,4,13.22,159
2014-05-20,Xerox 1949,Office Supplies,South,7,27.89,121
2014-05-20,Belkin Premiere Surge Master II 8-outlet surge protector,Office Supplies,West,2,97.16,175
2014-05-20,Office Star - Mesh Screen back chair with Vinyl seat,Furniture,South,3,314.35,43
2014-05-20,Xerox 1945,Office Supplies,South,7,286.93,103
2014-05-20,Things To Do Today Spiral Book,Office Supplies,Central,6,38.02,151
2014-05-20,GBC Twin Loop Wire Binding Elements,Office Supplies,West,5,133.12,60
2014-05-20,O'Sullivan 2-Door Barrister Bookcase in Odessa Pine,Furniture,South,9,1628.82,124
2014-05-20,Tops White Computer Printout Paper,Office Supplies,South,4,195.64,144
2014-05-20,Logitech Wireless Performance Mouse MX for PC and Mac,Technology,East,3,299.97,70
2014-05-20,Jabra Supreme Plus Driver Edition Headset,Technology,Central,1,95.99,106
2014-05-21,Staples,Office Supplies,Central,3,7.41,49
2014-05-21,Fellowes High-Stak Drawer Files,Office Supplies,Central,4,704.76,64
2014-05-21,Wilson Jones Impact Binders,Office Supplies,West,2,8.29,98
2014-05-21,"Binney & Smith inkTank Desk Highlighter, Chisel Tip, Yellow, 12/Box",Office Supplies,Central,10,21.5,31
2014-05-21,Boston 1645 Deluxe Heavier-Duty Electric Pencil Sharpener,Office Supplies,Central,3,131.94,163
2014-05-21,"Global Geo Office Task Chair, Gray",Furniture,West,8,518.27,140
2014-05-21,G.E. Halogen Desk Lamp Bulbs,Furniture,West,1,6.98,197
2014-05-21,Fellowes Basic Home/Office Series Surge Protectors,Office Supplies,West,5,64.9,57
2014-05-21,Motorola L703CM,Technology,West,9,1123.13,127
2014-05-21,Okidata B400 Printer,Technology,West,1,343.2,141
2014-05-21,"BIC Brite Liner Highlighters, Chisel Tip",Office Supplies,Central,4,25.92,164
2014-05-21,"Square Ring Data Binders, Rigid 75 Pt. Covers, 11' x 14-7/8'",Office Supplies,Central,2,41.28,111
2014-05-22,Luxo Professional Magnifying Clamp-On Fluorescent Lamps,Furniture,East,5,520.05,206
2014-05-22,Bulldog Table or Wall-Mount Pencil Sharpener,Office Supplies,East,3,17.97,238
2014-05-23,SANFORD Major Accent Highlighters,Office Supplies,West,7,49.56,67
2014-05-23,"Maxell 74 Minute CDR, 10/Pack",Technology,West,7,68.46,39
2014-05-23,Newell 333,Office Supplies,West,1,2.78,186
2014-05-23,Newell 350,Office Supplies,West,3,9.84,207
2014-05-23,Acme Forged Steel Scissors with Black Enamel Handles,Office Supplies,Central,3,22.34,219
2014-05-23,"Avery Durable Slant Ring Binders, No Labels",Office Supplies,Central,2,1.59,143
2014-05-23,High-Back Leather Manager's Chair,Furniture,Central,2,181.99,189
2014-05-24,Tennsco Commercial Shelving,Office Supplies,Central,3,48.82,131
2014-05-24,Acco 6 Outlet Guardian Premium Plus Surge Suppressor,Office Supplies,Central,5,18.32,172
2014-05-24,OIC Thumb-Tacks,Office Supplies,Central,2,1.82,89
2014-05-24,"Lesro Sheffield Collection Coffee Table, End Table, Center Table, Corner Table",Furniture,West,3,171.29,27
2014-05-24,Storex Dura Pro Binders,Office Supplies,Central,1,1.19,95
2014-05-26,"Iris 3-Drawer Stacking Bin, Black",Office Supplies,Central,3,50.14,236
2014-05-26,Eldon 200 Class Desk Accessories,Furniture,East,3,18.84,193
2014-05-26,Recycled Easel Ring Binders,Office Supplies,South,2,29.84,30
2014-05-26,GBC DocuBind P100 Manual Binding Machine,Office Supplies,East,5,663.92,2
2014-05-26,Imation 8gb Micro Traveldrive Usb 2.0 Flash Drive,Technology,East,8,120.0,245
2014-05-26,Acco Hot Clips Clips to Go,Office Supplies,East,1,3.29,135
2014-05-27,"Verbatim Slim CD and DVD Storage Cases, 50/Pack",Technology,South,2,23.08,23
2014-05-27,Xerox 201,Office Supplies,West,2,12.96,14
2014-05-27,Belkin 8-Outlet Premiere SurgeMaster II Surge Protectors,Office Supplies,South,3,208.44,170
2014-05-27,Martin-Yale Premier Letter Opener,Office Supplies,South,2,25.76,158
2014-05-28,Staples,Office Supplies,West,3,31.44,200
2014-05-28,"Electrix Architect's Clamp-On Swing Arm Lamp, Black",Furniture,Central,5,477.3,230
2014-05-28,Nokia Lumia 925,Technology,West,3,302.38,44
2014-05-28,Fellowes Stor/Drawer Steel Plus Storage Drawers,Office Supplies,West,5,477.15,193
2014-05-28,"Eldon 400 Class Desk Accessories, Black Carbon",Furniture,West,4,35.0,7
2014-05-28,Sony 8GB Class 10 Micro SDHC R40 Memory Card,Technology,South,3,27.19,70
2014-05-28,Logitech Desktop MK120 Mouse and keyboard Combo,Technology,West,6,98.16,247
2014-05-28,Binding Machine Supplies,Office Supplies,South,2,58.34,107
2014-05-28,Google Nexus 5,Technology,South,3,539.97,114
2014-05-28,Xerox 2,Office Supplies,South,5,25.92,102
2014-05-28,"Fellowes Twister Kit, Gray/Clear, 3/pkg",Office Supplies,South,5,12.06,233
2014-05-29,Xerox 230,Office Supplies,West,3,15.55,124
2014-05-29,Spigen Samsung Galaxy S5 Case Wallet,Technology,Central,4,54.37,56
2014-05-29,DAX Wood Document Frame,Furniture,East,2,27.46,207
2014-05-29,Logitech Gaming G510s - Keyboard,Technology,West,4,271.97,226
2014-05-29,Panasonic KX TS208W Corded phone,Technology,West,5,195.96,29
2014-05-29,Fellowes 8 Outlet Superior Workstation Surge Protector,Office Supplies,East,3,125.13,201
2014-05-29,"Bush Westfield Collection Bookcases, Medium Cherry Finish",Furniture,East,4,115.96,229
2014-05-29,Storex Dura Pro Binders,Office Supplies,Central,3,3.56,145
2014-05-29,"Global Task Chair, Black",Furniture,Central,3,106.87,113
2014-05-29,"Advantus Employee of the Month Certificate Frame, 11 x 13-1/2",Furniture,East,8,247.44,196
2014-05-29,HP Office Recycled Paper (20Lb. and 87 Bright),Office Supplies,East,3,13.87,116
2014-05-29,Novimex Swivel Fabric Task Chair,Furniture,South,2,301.96,220
2014-05-30,Satellite Sectional Post Binders,Office Supplies,Central,1,43.41,166
2014-05-30,Eldon Wave Desk Accessories,Furniture,Central,3,6.24,59
2014-05-30,Hoover Commercial Lightweight Upright Vacuum with E-Z Empty Dirt Cup,Office Supplies,Central,2,465.16,97
2014-05-30,"Adams Telephone Message Book w/Frequently-Called Numbers Space, 400 Messages per Book",Office Supplies,Central,1,7.98,170
2014-05-30,Plymouth Boxed Rubber Bands by Plymouth,Office Supplies,Central,5,23.55,125
2014-05-30,Xerox 1930,Office Supplies,Central,5,25.92,172
2014-05-30,File Shuttle I and Handi-File,Office Supplies,Central,3,53.42,150
2014-05-30,Eldon Executive Woodline II Cherry Finish Desk Accessories,Furniture,Central,4,65.42,196
2014-05-31,"Atlantic Metals Mobile 5-Shelf Bookcases, Custom Colors",Furniture,Central,1,204.67,93
2014-05-31,"Rediform S.O.S. 1-Up Phone Message Bk, 4-1/4x3-1/16 Bk, 1 Form/Pg, 40 Messages/Bk, 3/Pk",Office Supplies,West,4,37.52,133
2014-05-31,Tensor Brushed Steel Torchiere Floor Lamp,Furniture,West,1,13.59,183
2014-05-31,Acrylic Self-Standing Desk Frames,Furniture,South,3,8.01,121
2014-05-31,Avery Binder Labels,Office Supplies,South,1,3.89,237
2014-05-31,"Sauder Camden County Barrister Bookcase, Planked Cherry Finish",Furniture,South,2,241.96,107
2014-05-31,"Dixon My First Ticonderoga Pencil, #2",Office Supplies,West,6,35.1,3
2014-05-31,SanDisk Ultra 32 GB MicroSDHC Class 10 Memory Card,Technology,West,2,35.36,92
2014-05-31,LG G3,Technology,West,1,156.79,150
2014-06-02,Logitech MX Performance Wireless Mouse,Technology,Central,1,39.89,5
2014-06-02,Honeywell Enviracaire Portable HEPA Air Cleaner for 17' x 22' Room,Office Supplies,Central,8,2405.2,31
2014-06-02,Hon 4070 Series Pagoda Round Back Stacking Chairs,Furniture,Central,6,1925.88,105
2014-06-02,Cardinal Slant-D Ring Binders,Office Supplies,Central,2,17.38,145
2014-06-02,"Cardinal HOLDit! Binder Insert Strips,Extra Strips",Office Supplies,East,2,3.8,14
2014-06-02,Xerox 1924,Office Supplies,East,6,27.74,167
2014-06-02,"GBC Standard Recycled Report Covers, Clear Plastic Sheets",Office Supplies,Central,5,53.9,121
2014-06-02,Panasonic KX-TG6844B Expandable Digital Cordless Telephone,Technology,East,4,158.38,95
2014-06-02,"Eureka Sanitaire  Multi-Pro Heavy-Duty Upright, Disposable Bags",Office Supplies,East,5,17.48,200
2014-06-02,"Tennsco Stur-D-Stor Boltless Shelving, 5 Shelves, 24' Deep, Sand",Office Supplies,East,3,324.74,228
2014-06-02,Maxell LTO Ultrium - 800 GB,Technology,Central,3,83.97,201
2014-06-03,Xerox 1977,Office Supplies,Central,2,10.69,211
2014-06-03,Cush Cases Heavy Duty Rugged Cover Case for Samsung Galaxy S5 - Purple,Technology,East,1,2.97,5
2014-06-03,Advantus Rolling Storage Box,Office Supplies,East,2,27.44,111
2014-06-03,Things To Do Today Spiral Book,Office Supplies,South,4,25.34,119
2014-06-03,"Manila Recycled Extra-Heavyweight Clasp Envelopes, 6' x 9'",Office Supplies,West,5,43.92,122
2014-06-03,Xerox 4200 Series MultiUse Premium Copy Paper (20Lb. and 84 Bright),Office Supplies,West,6,25.34,190
2014-06-04,Xerox 206,Office Supplies,South,3,15.55,66
2014-06-04,Kingston Digital DataTraveler 16GB USB 2.0,Technology,West,5,44.75,105
2014-06-04,Eldon Gobal File Keepers,Office Supplies,West,9,136.26,138
2014-06-04,Xerox 1947,Office Supplies,West,2,11.96,42
2014-06-04,UniKeep View Case Binders,Office Supplies,West,1,3.91,144
2014-06-04,"Eldon 200 Class Desk Accessories, Burgundy",Furniture,South,7,35.17,95
2014-06-04,VTech DS6151,Technology,South,5,503.96,131
2014-06-04,Wilson Jones Standard D-Ring Binders,Office Supplies,South,3,4.55,190
2014-06-04,Plantronics Audio 995 Wireless Stereo Headset,Technology,West,10,1099.5,195
2014-06-04,Xerox 188,Office Supplies,East,4,45.36,80
2014-06-04,Hewlett-Packard 300S Scientific Calculator,Technology,East,6,78.66,40
2014-06-04,Chromcraft 48' x 96' Racetrack Double Pedestal Table,Furniture,East,2,384.77,210
2014-06-04,Logitech P710e Mobile Speakerphone,Technology,South,1,205.99,132
2014-06-04,WD My Passport Ultra 1TB Portable External Hard Drive,Technology,South,2,110.4,159
2014-06-04,Bush Mission Pointe Library,Furniture,South,2,241.57,213
2014-06-04,"Eureka Sanitaire  Multi-Pro Heavy-Duty Upright, Disposable Bags",Office Supplies,South,7,24.47,247
2014-06-04,"Bravo II Megaboss 12-Amp Hard Body Upright, Replacement Belts, 2 Belts per Pack",Office Supplies,South,2,5.2,197
2014-06-05,Presstex Flexible Ring Binders,Office Supplies,Central,7,6.37,34
2014-06-05,Nu-Dell Executive Frame,Furniture,Central,6,30.34,21
2014-06-05,Insertable Tab Indexes For Data Binders,Office Supplies,South,3,9.54,192
2014-06-05,Newell 346,Office Supplies,Central,3,8.64,211
2014-06-05,GBC VeloBind Cover Sets,Office Supplies,South,7,108.08,149
2014-06-05,"Ampad Phone Message Book, Recycled, 400 Message Capacity, 5 ¾ x 11",Office Supplies,South,2,12.48,111
2014-06-05,Innergie mMini Combo Duo USB Travel Charging Kit,Technology,South,2,71.98,246
2014-06-05,Telescoping Adjustable Floor Lamp,Furniture,South,2,31.98,10
2014-06-06,Xerox 227,Office Supplies,South,4,20.74,204
2014-06-06,LG G3,Technology,Central,3,470.38,233
2014-06-07,Sterilite Show Offs Storage Containers,Office Supplies,West,5,26.4,2
2014-06-07,"Eldon 300 Class Desk Accessories, Black",Furniture,West,1,4.95,136
2014-06-09,"Riverside Palais Royal Lawyers Bookcase, Royale Cherry Finish",Furniture,West,2,1497.67,59
2014-06-09,Staples,Office Supplies,Central,3,85.06,75
2014-06-09,Acme Tagit Stainless Steel Antibacterial Scissors,Office Supplies,Central,3,23.76,86
2014-06-09,"GBC Twin Loop Wire Binding Elements, 9/16' Spine, Black",Office Supplies,Central,4,12.18,13
2014-06-09,Eureka Disposable Bags for Sanitaire Vibra Groomer I Upright Vac,Office Supplies,Central,2,1.62,224
2014-06-09,Wilson Jones Impact Binders,Office Supplies,East,2,10.36,17
2014-06-09,Memorex Micro Travel Drive 16 GB,Technology,West,7,89.54,112
2014-06-09,Rogers Deluxe File Chest,Office Supplies,West,2,35.17,232
2014-06-09,GBC VeloBinder Electric Binding Machine,Office Supplies,West,2,72.59,72
2014-06-09,Shocksock Galaxy S4 Armband,Technology,West,2,17.52,22
2014-06-09,ClearOne Communications CHAT 70 OC Speaker Phone,Technology,Central,3,381.58,201
2014-06-10,Standard Rollaway File with Lock,Office Supplies,Central,5,720.76,82
2014-06-10,Staples,Office Supplies,South,4,49.12,124
2014-06-10,12-1/2 Diameter Round Wall Clock,Furniture,Central,3,23.98,174
2014-06-10,"Adams Telephone Message Book W/Dividers/Space For Phone Numbers, 5 1/4'X8 1/2', 200/Messages",Office Supplies,Central,8,36.35,68
2014-06-10,"Chromcraft Bull-Nose Wood Round Conference Table Top, Wood Base",Furniture,Central,1,108.92,46
2014-06-11,Newell 351,Office Supplies,West,5,16.4,115
2014-06-11,"Sanford EarthWrite Recycled Pencils, Medium Soft, #2",Office Supplies,West,7,14.7,214
2014-06-11,Prang Dustless Chalk Sticks,Office Supplies,East,5,8.4,29
2014-06-11,Imation 16GB Mini TravelDrive USB 2.0 Flash Drive,Technology,Central,4,132.52,24
2014-06-11,"24 Capacity Maxi Data Binder Racks, Pearl",Office Supplies,South,8,1347.52,155
2014-06-11,iHome FM Clock Radio with Lightning Dock,Technology,West,5,279.96,225
2014-06-11,"Logitech B530 USB Headset - headset - Full size, Binaural",Technology,West,3,88.78,236
2014-06-11,Personal File Boxes with Fold-Down Carry Handle,Office Supplies,West,1,15.58,247
2014-06-11,Plymouth Boxed Rubber Bands by Plymouth,Office Supplies,East,3,14.13,111
2014-06-11,"REDIFORM Incoming/Outgoing Call Register, 11' X 8 1/2', 100 Messages",Office Supplies,East,6,40.03,238
2014-06-11,Avery 512,Office Supplies,West,4,11.56,24
2014-06-11,O'Sullivan Living Dimensions 2-Shelf Bookcases,Furniture,West,5,514.16,73
2014-06-11,Alphabetical Labels for Top Tab Filing,Office Supplies,West,2,29.6,205
2014-06-12,Fellowes Officeware Wire Shelving,Office Supplies,West,3,215.59,233
2014-06-12,"OIC #2 Pencils, Medium Soft",Office Supplies,South,2,3.76,248
2014-06-12,Newell 319,Office Supplies,West,1,15.87,237
2014-06-12,Boston 16801 Nautilus Battery Pencil Sharpener,Office Supplies,West,5,88.04,57
2014-06-12,Global Leather Executive Chair,Furniture,West,1,280.79,93
2014-06-12,"Acco Pressboard Covers with Storage Hooks, 14 7/8' x 11', Executive Red",Office Supplies,South,4,4.57,118
2014-06-12,Kensington 6 Outlet Guardian Standard Surge Protector,Office Supplies,West,3,61.44,126
2014-06-12,Xerox 1939,Office Supplies,West,2,37.94,168
2014-06-12,"Acco Pressboard Covers with Storage Hooks, 14 7/8' x 11', Dark Blue",Office Supplies,West,6,18.29,24
2014-06-12,Cisco Desktop Collaboration Experience DX650 IP Video Phone,Technology,West,5,385.8,77
2014-06-12,"Belkin 19' Vented Equipment Shelf, Black",Office Supplies,West,2,102.96,98
2014-06-12,O'Sullivan 3-Shelf Heavy-Duty Bookcases,Furniture,West,3,174.42,115
2014-06-12,"White Dual Perf Computer Printout Paper, 2700 Sheets, 1 Part, Heavyweight, 20 lbs., 14 7/8 x 11",Office Supplies,West,3,122.97,47
2014-06-12,"Sortfiler Multipurpose Personal File Organizer, Black",Office Supplies,West,4,68.45,225
2014-06-13,Angle-D Ring Binders,Office Supplies,East,3,13.13,9
2014-06-13,Safco Contoured Stacking Chairs,Furniture,East,4,858.24,98
2014-06-13,Boston 1730 StandUp Electric Pencil Sharpener,Office Supplies,East,3,64.14,202
2014-06-13,"TOPS Voice Message Log Book, Flash Format",Office Supplies,East,4,19.04,10
2014-06-13,Dana Swing-Arm Lamps,Furniture,South,2,17.09,84
2014-06-13,Ibico Plastic Spiral Binding Combs,Office Supplies,South,3,91.2,148
2014-06-13,OtterBox Defender Series Case - Samsung Galaxy S4,Technology,West,3,71.98,213
2014-06-13,Xerox 203,Office Supplies,West,3,19.44,172
2014-06-13,Microsoft Sculpt Comfort Mouse,Technology,East,2,63.92,134
2014-06-13,Iceberg OfficeWorks 42' Round Tables,Furniture,South,3,452.94,246
2014-06-13,"Eldon Expressions Wood Desk Accessories, Oak",Furniture,Central,3,8.86,208
2014-06-14,"Belkin 19' Vented Equipment Shelf, Black",Office Supplies,Central,4,164.74,191
2014-06-14,Global Super Steno Chair,Furniture,Central,7,470.3,125
2014-06-14,OtterBox Defender Series Case - Samsung Galaxy S4,Technology,Central,2,47.98,63
2014-06-14,Boston 1799 Powerhouse Electric Pencil Sharpener,Office Supplies,South,7,181.86,1
2014-06-14,"Global Wood Trimmed Manager's Task Chair, Khaki",Furniture,West,4,291.14,75
2014-06-16,Global Executive Mid-Back Manager's Chair,Furniture,South,3,698.35,120
2014-06-16,Newell 331,Office Supplies,Central,5,19.56,41
2014-06-16,Samsung Galaxy S III - 16GB - pebble blue (T-Mobile),Technology,South,8,2239.94,209
2014-06-16,Staples,Office Supplies,South,8,76.61,53
2014-06-16,"Dixon Prang Watercolor Pencils, 10-Color Set with Brush",Office Supplies,West,1,4.26,74
2014-06-16,HTC One,Technology,South,3,239.98,15
2014-06-16,Staples,Furniture,South,4,31.17,240
2014-06-16,Barricks 18' x 48' Non-Folding Utility Table with Bottom Storage Shelf,Furniture,South,2,120.96,242
2014-06-16,"Hot File 7-Pocket, Floor Stand",Office Supplies,South,1,142.78,17
2014-06-16,Xerox 1955,Office Supplies,South,5,91.36,226
2014-06-16,Anker 36W 4-Port USB Wall Charger Travel Power Adapter for iPhone 5s 5c 5,Technology,West,3,47.98,244
2014-06-16,O'Sullivan 2-Shelf Heavy-Duty Bookcases,Furniture,South,2,77.73,186
2014-06-16,Avery 490,Office Supplies,Central,3,44.4,89
2014-06-16,Xerox 1992,Office Supplies,Central,3,17.94,143
2014-06-16,Panasonic KX T7736-B Digital phone,Technology,West,1,119.96,5
2014-06-16,"Tenex Personal Self-Stacking Standard File Box, Black/Gray",Office Supplies,Central,5,84.55,184
2014-06-17,Xerox 215,Office Supplies,West,3,19.44,107
2014-06-17,Acme Elite Stainless Steel Scissors,Office Supplies,West,2,16.68,234
2014-06-17,Xerox 1885,Office Supplies,West,4,192.16,174
2014-06-17,Newell 330,Office Supplies,East,5,23.92,238
2014-06-17,"Quartet Omega Colored Chalk, 12/Pack",Office Supplies,South,3,14.02,47
2014-06-17,Storex DuraTech Recycled Plastic Frosted Binders,Office Supplies,Central,7,5.94,41
2014-06-17,"Fellowes Smart Surge Ten-Outlet Protector, Platinum",Office Supplies,South,3,180.66,75
2014-06-17,Pyle PMP37LED,Technology,South,2,191.98,187
2014-06-17,"Global Airflow Leather Mesh Back Chair, Black",Furniture,South,2,301.96,76
2014-06-17,Clarity 53712,Technology,South,1,65.99,131
2014-06-17,Hon Multipurpose Stacking Arm Chairs,Furniture,West,7,1212.96,230
2014-06-17,"Wirebound Message Books, Four 2 3/4' x 5' Forms per Page, 600 Sets per Book",Office Supplies,West,2,18.54,245
2014-06-17,Logitech Wireless Performance Mouse MX for PC and Mac,Technology,East,6,479.95,129
2014-06-18,Hewlett-Packard Desktjet 6988DT Refurbished Printer,Technology,East,5,3404.5,217
2014-06-18,Kingston Digital DataTraveler 64GB USB 2.0,Technology,East,3,101.34,58
2014-06-18,Project Tote Personal File,Office Supplies,West,1,14.03,154
2014-06-18,Trimflex Flexible Post Binders,Office Supplies,West,3,51.31,26
2014-06-18,Carina Media Storage Towers in Natural & Black,Office Supplies,West,3,146.35,78
2014-06-18,Fellowes Binding Cases,Office Supplies,Central,4,9.36,71
2014-06-18,Avery Durable Binders,Office Supplies,Central,4,2.3,6
2014-06-18,"Rediform Wirebound 'Phone Memo' Message Book, 11 x 5-3/4",Office Supplies,Central,2,12.22,190
2014-06-18,Howard Miller 13-3/4' Diameter Brushed Chrome Round Wall Clock,Furniture,West,3,155.25,110
2014-06-19,"Bush Andora Bookcase, Maple/Graphite Gray Finish",Furniture,West,9,917.92,118
2014-06-19,Xerox 1930,Office Supplies,West,6,38.88,173
2014-06-19,Xerox 1925,Office Supplies,Central,3,74.35,62
2014-06-20,Space Solutions Commercial Steel Shelving,Office Supplies,East,2,129.3,231
2014-06-20,Xerox 1943,Office Supplies,East,2,97.82,123
2014-06-20,Sony 16GB Class 10 Micro SDHC R40 Memory Card,Technology,East,8,103.12,11
2014-06-20,Wilson Jones Turn Tabs Binder Tool for Ring Binders,Office Supplies,East,3,11.57,140
2014-06-20,"DAX Copper Panel Document Frame, 5 x 7 Size",Furniture,West,4,50.32,42
2014-06-20,Xerox 1907,Office Supplies,West,2,24.56,16
2014-06-20,GBC Plasticlear Binding Covers,Office Supplies,Central,3,6.89,62
2014-06-20,"Holmes Visible Mist Ultrasonic Humidifier with 2.3-Gallon Output per Day, Replacement Filter",Office Supplies,Central,1,2.26,208
2014-06-20,Hoover Replacement Belt for Commercial Guardsman Heavy-Duty Upright Vacuum,Office Supplies,Central,1,0.44,119
2014-06-20,Xerox 1982,Office Supplies,Central,8,146.18,35
2014-06-20,Contemporary Wood/Metal Frame,Furniture,East,3,38.78,212
2014-06-20,"Chromcraft Bull-Nose Wood Round Conference Table Top, Wood Base",Furniture,Central,3,457.48,7
2014-06-20,Global Ergonomic Managers Chair,Furniture,East,6,760.12,68
2014-06-20,Fiskars Spring-Action Scissors,Office Supplies,Central,1,11.18,89
2014-06-20,"Memorex 25GB 6X Branded Blu-Ray Recordable Disc, 15/Pack",Technology,East,9,122.33,207
2014-06-20,Safco Industrial Wire Shelving,Office Supplies,Central,2,153.58,35
2014-06-21,Plastic Stacking Crates & Casters,Office Supplies,South,1,4.46,27
2014-06-21,Razer Kraken PRO Over Ear PC and Music Headset,Technology,East,3,239.97,117
2014-06-21,Anker Ultrathin Bluetooth Wireless Keyboard Aluminum Cover with Stand ,Technology,East,5,149.95,92
2014-06-21,Xerox 230,Office Supplies,South,5,32.4,174
2014-06-21,BlackBerry Q10,Technology,South,4,503.96,75
2014-06-21,Avery 508,Office Supplies,East,2,9.82,100
2014-06-21,Xerox 203,Office Supplies,East,6,31.1,157
2014-06-21,Acco D-Ring Binder w/DublLock,Office Supplies,East,3,51.31,150
2014-06-21,Newell 35,Office Supplies,East,2,5.25,143
2014-06-22,Zipper Ring Binder Pockets,Office Supplies,East,2,6.24,13
2014-06-22,Xerox 1908,Office Supplies,East,8,447.84,201
2014-06-22,"Stacking Tray, Side-Loading, Legal, Smoke",Furniture,East,5,17.92,70
2014-06-22,Deluxe Heavy-Duty Vinyl Round Ring Binder,Office Supplies,East,6,41.26,236
2014-06-22,Ibico Standard Transparent Covers,Office Supplies,East,5,82.4,179
2014-06-23,GBC Plasticlear Binding Covers,Office Supplies,East,3,10.33,123
2014-06-23,Wilson Jones Century Plastic Molded Ring Binders,Office Supplies,East,5,31.16,124
2014-06-23,Plastic Stacking Crates & Casters,Office Supplies,East,2,8.93,36
2014-06-23,"Hon Deluxe Fabric Upholstered Stacking Chairs, Rounded Back",Furniture,Central,2,487.96,28
2014-06-23,"#10 White Business Envelopes,4 1/8 x 9 1/2",Office Supplies,South,3,37.61,194
2014-06-23,Wilson Jones Standard D-Ring Binders,Office Supplies,Central,3,3.04,142
2014-06-25,"Acco Banker's Clasps, 5 3/4'-Long",Office Supplies,West,1,2.88,227
2014-06-25,4009 Highlighters by Sanford,Office Supplies,West,9,35.82,174
2014-06-25,Boston Heavy-Duty Trimline Electric Pencil Sharpeners,Office Supplies,West,8,385.6,173
2014-06-25,GBC Prestige Therm-A-Bind Covers,Office Supplies,East,3,102.93,179
2014-06-25,Xerox 1971,Office Supplies,Central,3,10.27,18
2014-06-25,Southworth 25% Cotton Linen-Finish Paper & Envelopes,Office Supplies,East,3,21.74,204
2014-06-25,Ibico Hi-Tech Manual Binding System,Office Supplies,Central,3,182.99,105
2014-06-25,Global Deluxe Office Fabric Chairs,Furniture,East,2,172.76,20
2014-06-25,"Deflect-o RollaMat Studded, Beveled Mat for Medium Pile Carpeting",Furniture,East,3,276.69,63
2014-06-25,Bulldog Vacuum Base Pencil Sharpener,Office Supplies,West,8,95.92,164
2014-06-26,"Eldon Spacemaker Box, Quick-Snap Lid, Clear",Office Supplies,West,2,5.34,26
2014-06-26,"Chromcraft Bull-Nose Wood Round Conference Table Top, Wood Base",Furniture,West,4,871.4,54
2014-06-26,Plymouth Boxed Rubber Bands by Plymouth,Office Supplies,West,3,11.3,243
2014-06-26,DMI Eclipse Executive Suite Bookcases,Furniture,East,1,400.78,28
2014-06-26,Geemarc AmpliPOWER60,Technology,Central,2,148.48,147
2014-06-26,Alphabetical Labels for Top Tab Filing,Office Supplies,West,6,71.04,24
2014-06-27,Mophie Juice Pack Helium for iPhone,Technology,East,3,239.97,69
2014-06-27,Xerox 1991,Office Supplies,East,3,68.52,62
2014-06-27,Fluorescent Highlighters by Dixon,Office Supplies,Central,4,15.92,163
2014-06-27,Eldon Antistatic Chair Mats for Low to Medium Pile Carpets,Furniture,Central,5,526.45,129
2014-06-27,"Ampad Poly Cover Wirebound Steno Book, 6' x 9' Assorted Colors, Gregg Ruled",Office Supplies,Central,1,4.54,149
2014-06-27,Nortel Networks T7316 E Nt8 B27,Technology,Central,8,543.92,223
2014-06-27,"Hot File 7-Pocket, Floor Stand",Office Supplies,East,4,713.88,15
2014-06-27,Eldon Shelf Savers Cubes and Bins,Office Supplies,West,12,83.76,145
2014-06-27,Kensington Orbit Wireless Mobile Trackball for PC and Mac,Technology,West,9,431.93,196
2014-06-27,Safco Industrial Wire Shelving System,Office Supplies,East,3,272.94,181
2014-06-27,Plantronics Voyager Pro HD - Bluetooth Headset,Technology,East,14,545.92,99
2014-06-27,Bose SoundLink Bluetooth Speaker,Technology,East,3,358.2,29
2014-06-27,Hon Comfortask Task/Swivel Chairs,Furniture,South,3,273.55,44
2014-06-27,Avery 512,Office Supplies,South,6,13.87,18
2014-06-27,GBC ProClick Punch Binding System,Office Supplies,East,2,102.37,214
2014-06-27,Acme Preferred Stainless Steel Scissors,Office Supplies,East,5,28.4,33
2014-06-28,"Situations Contoured Folding Chairs, 4/Set",Furniture,East,3,191.65,140
2014-06-28,Executive Impressions Supervisor Wall Clock,Furniture,West,3,126.3,170
2014-06-28,Xerox 1997,Office Supplies,West,3,19.44,61
2014-06-28,Logitech P710e Mobile Speakerphone,Technology,West,5,1287.45,117
2014-06-28,"Wirebound Message Books, Four 2 3/4 x 5 White Forms per Page",Office Supplies,Central,3,20.07,220
2014-06-30,Enermax Briskie RF Wireless Keyboard and Mouse Combo,Technology,West,3,62.31,99
2014-06-30,GBC DocuBind TL200 Manual Binding Machine,Office Supplies,West,5,895.92,21
2014-06-30,Satellite Sectional Post Binders,Office Supplies,West,9,312.55,179
2014-06-30,O'Sullivan Plantations 2-Door Library in Landvery Oak,Furniture,Central,3,410.0,179
2014-06-30,Bevis Round Conference Table Top & Single Column Base,Furniture,Central,3,307.31,110
2014-06-30,Belkin F9G930V10-GRY 9 Outlet Surge,Office Supplies,Central,2,21.39,163
2014-06-30,Xerox 218,Office Supplies,Central,1,5.18,72
2014-06-30,"Belkin 325VA UPS Surge Protector, 6'",Office Supplies,Central,3,362.94,230
2014-06-30,"DAX Executive Solid Wood Document Frame, Desktop or Hang, Mahogany, 5 x 7",Furniture,East,2,25.16,242
2014-06-30,Avery Binding System Hidden Tab Executive Style Index Sets,Office Supplies,Central,2,11.54,146
2014-06-30,Tennsco 16-Compartment Lockers with Coat Rack,Office Supplies,West,2,1295.78,37
2014-06-30,Newell 328,Office Supplies,West,2,11.68,69
2014-06-30,"Trav-L-File Heavy-Duty Shuttle II, Black",Office Supplies,West,3,130.71,115
2014-06-30,Acme Box Cutter Scissors,Office Supplies,East,3,30.69,238
2014-06-30,"Hon Metal Bookcases, Putty",Furniture,East,9,638.82,78
2014-07-01,"Sauder Facets Collection Library, Sky Alder Finish",Furniture,West,3,436.0,184
2014-07-01,Tuf-Vin Binders,Office Supplies,West,3,75.79,147
2014-07-01,Advantus Panel Wall Certificate Holder - 8.5x11,Furniture,South,2,19.52,8
2014-07-01,Xerox 1919,Office Supplies,West,5,204.95,31
2014-07-01,Global Enterprise Series Seating High-Back Swivel/Tilt Chairs,Furniture,Central,3,569.06,131
2014-07-01,Bretford CR4500 Series Slim Rectangular Table,Furniture,East,5,1044.63,49
2014-07-01,Seth Thomas 13 1/2' Wall Clock,Furniture,Central,2,14.22,81
2014-07-01,Steel Personal Filing/Posting Tote,Office Supplies,East,7,248.57,4
2014-07-01,Samsung Galaxy S4,Technology,Central,2,1001.58,147
2014-07-01,"Dual Level, Single-Width Filing Carts",Office Supplies,East,7,1085.42,86
2014-07-01,Executive Impressions 14',Furniture,East,1,22.23,125
2014-07-02,Xerox 226,Office Supplies,Central,4,25.92,74
2014-07-02,Fellowes PB200 Plastic Comb Binding Machine,Office Supplies,Central,1,169.99,164
2014-07-02,"Carina Mini System Audio Rack, Model AR050B",Office Supplies,Central,4,443.92,21
2014-07-03,"White Dual Perf Computer Printout Paper, 2700 Sheets, 1 Part, Heavyweight, 20 lbs., 14 7/8 x 11",Office Supplies,Central,5,163.96,185
2014-07-03,Wilson Jones Four-Pocket Poly Binders,Office Supplies,Central,4,5.23,67
2014-07-04,Rogers Deluxe File Chest,Office Supplies,West,4,87.92,220
2014-07-04,"Tenex Traditional Chairmats for Medium Pile Carpet, Standard Lip, 36' x 48'",Furniture,West,9,545.85,43
2014-07-04,Xerox 1881,Office Supplies,East,2,24.56,33
2014-07-04,"TRENDnet 56K USB 2.0 Phone, Internet and Fax Modem",Technology,East,10,258.9,76
2014-07-04,Pyle PMP37LED,Technology,South,3,287.97,41
2014-07-04,"Westinghouse Floor Lamp with Metal Mesh Shade, Black",Furniture,South,1,23.99,136
2014-07-04,netTALK DUO VoIP Telephone Service,Technology,Central,4,167.97,105
2014-07-04,"Square Credit Card Reader, 4 1/2' x 4 1/2' x 1', White",Technology,West,1,7.99,94
2014-07-04,Hewlett-Packard Deskjet 5550 Printer,Technology,Central,3,597.13,134
2014-07-04,4009 Highlighters by Sanford,Office Supplies,South,3,9.55,67
2014-07-04,Howard Miller 11-1/2' Diameter Brentwood Wall Clock,Furniture,West,3,129.39,146
2014-07-04,"Message Book, Wirebound, Four 5 1/2' X 4' Forms/Pg., 200 Dupl. Sets/Book",Office Supplies,East,4,32.9,233
2014-07-04,Plantronics Savi W720 Multi-Device Wireless Headset System,Technology,West,4,1687.8,221
2014-07-04,Okidata MB491 Multifunction Printer,Technology,West,6,2395.2,158
2014-07-04,Logitech 910-002974 M325 Wireless Mouse for Web Scrolling,Technology,West,2,59.98,127
2014-07-04,"Bevis Round Conference Table Top, X-Base",Furniture,East,2,215.15,162
2014-07-04,"Wirebound Four 2-3/4 x 5 Forms per Page, 400 Sets per Book",Office Supplies,East,6,30.96,184
2014-07-04,Imation 8gb Micro Traveldrive Usb 2.0 Flash Drive,Technology,South,2,24.0,84
2014-07-04,Luxo Professional Combination Clamp-On Lamps,Furniture,East,1,102.3,188
2014-07-04,Xerox 1891,Office Supplies,Central,7,273.9,158
2014-07-06,"Cardinal HOLDit! Binder Insert Strips,Extra Strips",Office Supplies,Central,9,11.39,82
2014-07-06,"Deflect-o RollaMat Studded, Beveled Mat for Medium Pile Carpeting",Furniture,Central,9,332.03,94
2014-07-06,Tuf-Vin Binders,Office Supplies,Central,1,6.32,180
2014-07-06,Anker 36W 4-Port USB Wall Charger Travel Power Adapter for iPhone 5s 5c 5,Technology,Central,4,79.96,31
2014-07-06,Xerox 1975,Office Supplies,Central,3,15.55,65
2014-07-06,Xerox 1966,Office Supplies,Central,6,31.1,186
2014-07-07,Global Comet Stacking Armless Chair,Furniture,South,1,239.24,115
2014-07-07,"Pressboard Covers with Storage Hooks, 9 1/2' x 11', Light Blue",Office Supplies,East,2,2.95,137
2014-07-07,"Global Task Chair, Black",Furniture,West,3,122.14,129
2014-07-07,"Wirebound Message Books, 5-1/2 x 4 Forms, 2 or 4 Forms per Page",Office Supplies,East,3,16.06,193
2014-07-08,O'Sullivan 3-Shelf Heavy-Duty Bookcases,Furniture,East,3,87.21,59
2014-07-08,Hypercom P1300 Pinpad,Technology,East,4,252.0,215
2014-07-08,Plantronics CS510 - Over-the-Head monaural Wireless Headset System,Technology,East,2,527.92,16
2014-07-08,AmazonBasics 3-Button USB Wired Mouse,Technology,East,3,16.78,95
2014-07-08,Wilson Jones Active Use Binders,Office Supplies,East,3,17.47,143
2014-07-08,"Brites Rubber Bands, 1 1/2 oz. Box",Office Supplies,West,3,5.94,15
2014-07-08,Plastic Stacking Crates & Casters,Office Supplies,East,3,13.39,45
2014-07-08,Xerox 216,Office Supplies,East,3,15.55,166
2014-07-08,Apple iPhone 5S,Technology,East,2,683.99,244
2014-07-09,Zebra Zazzle Fluorescent Highlighters,Office Supplies,West,3,18.24,158
2014-07-09,Avery 485,Office Supplies,West,6,75.18,106
2014-07-09,"Binney & Smith inkTank Erasable Desk Highlighter, Chisel Tip, Yellow, 12/Box",Office Supplies,East,3,7.56,87
2014-07-09,Staples,Office Supplies,East,2,24.56,128
2014-07-09,"BIC Brite Liner Highlighters, Chisel Tip",Office Supplies,East,2,12.96,138
2014-07-09,Micro Innovations USB RF Wireless Keyboard with Mouse,Technology,West,2,50.0,118
2014-07-09,"GBC White Gloss Covers, Plain Front",Office Supplies,West,2,23.17,84
2014-07-09,"Dot Matrix Printer Tape Reel Labels, White, 5000/Box",Office Supplies,West,8,786.48,3
2014-07-09,"GE 48' Fluorescent Tube, Cool White Energy Saver, 34 Watts, 30/Box",Furniture,West,2,198.46,70
2014-07-09,Hunt Boston Vacuum Mount KS Pencil Sharpener,Office Supplies,East,5,174.95,153
2014-07-09,Crayola Colored Pencils,Office Supplies,West,4,13.12,110
2014-07-09,Newell 325,Office Supplies,East,7,28.91,49
2014-07-09,Tensor Track Tree Floor Lamp,Furniture,East,2,39.98,139
2014-07-09,"Deflect-o SuperTray Unbreakable Stackable Tray, Letter, Black",Furniture,West,5,145.9,94
2014-07-09,Staples,Office Supplies,West,2,52.76,208
2014-07-09,"Master Big Foot Doorstop, Beige",Furniture,West,3,15.84,224
2014-07-09,GBC VeloBinder Manual Binding System,Office Supplies,West,3,86.38,202
2014-07-09,Maxell 4.7GB DVD-R,Technology,East,5,141.9,91
2014-07-09,36X48 HARDFLOOR CHAIRMAT,Furniture,East,4,83.92,223
2014-07-10,Xerox 1914,Office Supplies,East,5,274.8,64
2014-07-10,Digium D40 VoIP phone,Technology,East,2,257.98,46
2014-07-10,Tennsco Industrial Shelving,Office Supplies,East,4,195.64,219
2014-07-10,"Quartet Alpha White Chalk, 12/Pack",Office Supplies,Central,5,8.84,180
2014-07-10,Wilson Jones Easy Flow II Sheet Lifters,Office Supplies,West,2,1.08,105
2014-07-10,Belkin F9S820V06 8 Outlet Surge,Office Supplies,Central,9,58.46,198
2014-07-10,Eldon Antistatic Chair Mats for Low to Medium Pile Carpets,Furniture,Central,5,526.45,129
2014-07-10,Recycled Steel Personal File for Hanging File Folders,Office Supplies,Central,5,228.92,105
2014-07-10,Prismacolor Color Pencil Set,Office Supplies,East,6,119.04,23
2014-07-11,Belkin 7-Outlet SurgeMaster Home Series,Office Supplies,South,3,41.91,3
2014-07-11,"Eldon 200 Class Desk Accessories, Smoke",Furniture,South,3,18.84,107
2014-07-11,"Fellowes Mobile File Cart, Black",Office Supplies,Central,6,298.46,18
2014-07-12,Logitech P710e Mobile Speakerphone,Technology,West,5,1287.45,153
2014-07-12,Avery 482,Office Supplies,West,3,8.67,202
2014-07-12,Fellowes 8 Outlet Superior Workstation Surge Protector w/o Phone/Fax/Modem Protection,Office Supplies,West,5,168.1,39
2014-07-12,Belkin iPhone and iPad Lightning Cable,Technology,West,6,71.95,49
2014-07-12,SanDisk Ultra 32 GB MicroSDHC Class 10 Memory Card,Technology,East,6,132.6,170
2014-07-12,"Acco Four Pocket Poly Ring Binder with Label Holder, Smoke, 1'",Office Supplies,West,5,29.8,74
2014-07-12,Staples,Office Supplies,Central,4,30.32,236
2014-07-13,"Wirebound Message Books, Four 2 3/4 x 5 Forms per Page, 200 Sets per Book",Office Supplies,East,1,3.82,194
2014-07-14,Strathmore Photo Mount Cards,Office Supplies,Central,2,13.56,11
2014-07-14,Nu-Dell Executive Frame,Furniture,East,9,91.01,194
2014-07-14,Cisco SPA508G,Technology,East,1,39.59,233
2014-07-14,Standard Rollaway File with Lock,Office Supplies,Central,2,360.38,26
2014-07-15,"GE 48' Fluorescent Tube, Cool White Energy Saver, 34 Watts, 30/Box",Furniture,East,5,396.92,112
2014-07-15,"Tenex File Box, Personal Filing Tote with Lid, Black",Office Supplies,East,5,62.04,181
2014-07-15,"BOSTON Model 1800 Electric Pencil Sharpeners, Putty/Woodgrain",Office Supplies,West,4,71.92,193
2014-07-15,"Deflect-o RollaMat Studded, Beveled Mat for Medium Pile Carpeting",Furniture,West,3,276.69,48
2014-07-15,Acco Suede Grain Vinyl Round Ring Binder,Office Supplies,West,2,4.45,143
2014-07-15,"Eldon 200 Class Desk Accessories, Burgundy",Furniture,West,3,18.84,129
2014-07-15,Samsung Galaxy S III - 16GB - pebble blue (T-Mobile),Technology,East,9,1889.95,59
2014-07-15,Sony Micro Vault Click 8 GB USB 2.0 Flash Drive,Technology,West,3,140.97,181
2014-07-15,"OIC Binder Clips, Mini, 1/4' Capacity, Black",Office Supplies,West,4,4.96,29
2014-07-15,Xerox 1950,Office Supplies,East,2,9.25,83
2014-07-15,"SAFCO Mobile Desk Side File, Wire Frame",Office Supplies,East,7,239.46,165
2014-07-15,GE 30524EE4,Technology,West,3,470.38,27
2014-07-15,Crayola Colored Pencils,Office Supplies,East,5,13.12,24
2014-07-16,GBC Standard Plastic Binding Systems Combs,Office Supplies,East,3,26.55,95
2014-07-16,Hon 2111 Invitation Series Straight Table,Furniture,East,3,310.44,124
2014-07-16,Hon 5100 Series Wood Tables,Furniture,South,3,872.94,9
2014-07-16,Newell 349,Office Supplies,East,2,6.56,187
2014-07-16,Spiral Phone Message Books with Labels by Adams,Office Supplies,East,2,8.96,41
2014-07-16,Hon Mobius Operator's Chair,Furniture,East,6,664.15,39
2014-07-16,Belkin 8 Outlet SurgeMaster II Gold Surge Protector,Office Supplies,South,3,179.94,224
2014-07-16,Xerox 1999,Office Supplies,South,2,12.96,76
2014-07-16,Avery 509,Office Supplies,East,3,7.83,247
2014-07-16,Sony 32GB Class 10 Micro SDHC R40 Memory Card,Technology,East,2,41.9,104
2014-07-17,"Crayola Anti Dust Chalk, 12/Pack",Office Supplies,Central,2,2.91,117
2014-07-17,"Global Deluxe Stacking Chair, Gray",Furniture,East,2,71.37,41
2014-07-17,"Global Fabric Manager's Chair, Dark Gray",Furniture,South,3,242.35,46
2014-07-18,Southworth 25% Cotton Premium Laser Paper and Envelopes,Office Supplies,East,5,99.9,164
2014-07-18,Avaya 5420 Digital phone,Technology,East,2,269.98,245
2014-07-18,Brother DCP1000 Digital 3 in 1 Multifunction Machine,Technology,West,2,479.98,207
2014-07-18,Xerox 221,Office Supplies,West,5,32.4,236
2014-07-18,"Peel & Seel Recycled Catalog Envelopes, Brown",Office Supplies,West,5,57.9,21
2014-07-18,"C-Line Magnetic Cubicle Keepers, Clear Polypropylene",Furniture,South,2,7.9,184
2014-07-18,Sterilite Show Offs Storage Containers,Office Supplies,West,2,10.56,211
2014-07-18,"Atlantic Metals Mobile 4-Shelf Bookcases, Custom Colors",Furniture,West,5,1194.16,241
2014-07-18,DAX Solid Wood Frames,Furniture,East,4,39.08,106
2014-07-19,Acco Expandable Hanging Binders,Office Supplies,West,4,7.66,26
2014-07-19,Riverleaf Stik-Withit Designer Note Cubes,Office Supplies,West,2,16.1,40
2014-07-19,Acme Kleencut Forged Steel Scissors,Office Supplies,East,2,9.18,79
2014-07-19,High-Back Leather Manager's Chair,Furniture,West,3,311.98,161
2014-07-19,"Situations Contoured Folding Chairs, 4/Set",Furniture,East,4,198.74,159
2014-07-19,Chromcraft 48' x 96' Racetrack Double Pedestal Table,Furniture,West,5,801.6,217
2014-07-19,"Global Fabric Manager's Chair, Dark Gray",Furniture,West,2,161.57,88
2014-07-19,Canon PC-428 Personal Copier,Technology,East,5,599.97,65
2014-07-21,Ibico Ibimaster 300 Manual Binding System,Office Supplies,Central,2,735.98,11
2014-07-21,Logitech G35 7.1-Channel Surround Sound Headset,Technology,Central,3,389.97,167
2014-07-21,"Trav-L-File Heavy-Duty Shuttle II, Black",Office Supplies,Central,2,69.71,72
2014-07-21,"Contract Clock, 14', Brown",Furniture,Central,1,8.79,75
2014-07-21,Avery 486,Office Supplies,Central,2,14.62,89
2014-07-21,Cardinal Slant-D Ring Binders,Office Supplies,Central,7,60.83,200
2014-07-21,Novimex Fabric Task Chair,Furniture,Central,3,182.94,9
2014-07-21,1.7 Cubic Foot Compact 'Cube' Office Refrigerators,Office Supplies,Central,2,416.32,95
2014-07-21,Avery Printable Repositionable Plastic Tabs,Office Supplies,Central,5,43.0,248
2014-07-21,Tenex B1-RE Series Chair Mats for Low Pile Carpets,Furniture,East,4,183.92,225
2014-07-21,Office Star - Task Chair with Contemporary Loop Arms,Furniture,East,2,163.76,175
2014-07-21,Xerox 1977,Office Supplies,East,2,13.36,19
2014-07-22,Avery Poly Binder Pockets,Office Supplies,Central,4,2.86,38
2014-07-22,Catalog Binders with Expanding Posts,Office Supplies,Central,7,94.19,59
2014-07-22,"BOSTON Ranger #55 Pencil Sharpener, Black",Office Supplies,West,1,25.99,65
2014-07-22,"Wirebound Message Forms, Four 2 3/4 x 5 Forms per Page, Pink Paper",Office Supplies,West,2,16.34,64
2014-07-22,Hon Olson Stacker Stools,Furniture,West,2,225.3,178
2014-07-22,Polycom SoundPoint IP 450 VoIP phone,Technology,West,9,1626.19,123
2014-07-22,Cardinal Holdit Business Card Pockets,Office Supplies,South,3,14.94,163
2014-07-22,Berol Giant Pencil Sharpener,Office Supplies,South,6,101.94,151
2014-07-22,Nortel Networks T7316 E Nt8 B27,Technology,South,4,271.96,245
2014-07-22,Premier Electric Letter Opener,Office Supplies,South,2,231.72,154
2014-07-22,Regeneration Desk Collection,Furniture,South,5,8.8,129
2014-07-22,Newell 35,Office Supplies,South,6,19.68,158
2014-07-22,"Bush Westfield Collection Bookcases, Fully Assembled",Furniture,South,3,302.94,56
2014-07-22,GBC Premium Transparent Covers with Diagonal Lined Pattern,Office Supplies,West,3,50.35,77
2014-07-22,Nontoxic Chalk,Office Supplies,West,2,3.52,193
2014-07-22,PayAnywhere Card Reader,Technology,West,9,71.93,28
2014-07-22,Xerox 1993,Office Supplies,East,1,6.48,14
2014-07-22,Hon 61000 Series Interactive Training Tables,Furniture,Central,4,124.4,11
2014-07-22,Wilson Jones 1' Hanging DublLock Ring Binders,Office Supplies,Central,2,2.11,100
2014-07-22,Dexim XPower Skin Super-Thin Power Case for iPhone 5 - Black,Technology,East,6,210.56,155
2014-07-22,Letter Size File,Office Supplies,East,7,222.32,83
2014-07-22,Vinyl Sectional Post Binders,Office Supplies,East,3,33.93,124
2014-07-22,"Eureka Sanitaire  Multi-Pro Heavy-Duty Upright, Disposable Bags",Office Supplies,East,4,17.48,102
2014-07-23,Hon Every-Day Series Multi-Task Chairs,Furniture,Central,4,526.34,23
2014-07-23,"Square Credit Card Reader, 4 1/2' x 4 1/2' x 1', White",Technology,East,3,29.97,148
2014-07-24,Xerox 1909,Office Supplies,Central,3,63.31,137
2014-07-24,Angle-D Ring Binders,Office Supplies,East,3,13.13,109
2014-07-24,"Cardinal HOLDit! Binder Insert Strips,Extra Strips",Office Supplies,West,3,15.19,77
2014-07-24,Weyerhaeuser First Choice Laser/Copy Paper (20Lb. and 88 Bright),Office Supplies,West,9,58.32,100
2014-07-24,Wilson Jones Snap Scratch Pad Binder Tool for Ring Binders,Office Supplies,East,3,13.92,145
2014-07-24,"Avery Address/Shipping Labels for Typewriters, 4' x 2'",Office Supplies,East,4,41.4,215
2014-07-24,"Quartet Omega Colored Chalk, 12/Pack",Office Supplies,Central,2,11.68,141
2014-07-24,"Memorex 25GB 6X Branded Blu-Ray Recordable Disc, 30/Pack",Technology,Central,5,159.75,161
2014-07-24,"Hunt PowerHouse Electric Pencil Sharpener, Blue",Office Supplies,Central,4,121.54,127
2014-07-24,Logitech G600 MMO Gaming Mouse,Technology,Central,5,399.95,57
2014-07-25,Hewlett Packard LaserJet 3310 Copier,Technology,West,5,2399.96,75
2014-07-26,Fellowes Bankers Box Staxonsteel Drawer File/Stacking System,Office Supplies,East,5,259.92,149
2014-07-26,Avery 491,Office Supplies,East,1,3.3,247
2014-07-26,Avery 498,Office Supplies,Central,7,20.23,197
2014-07-26,Acme Galleria Hot Forged Steel Scissors with Colored Handles,Office Supplies,East,3,37.75,35
2014-07-26,"Bush Cubix Conference Tables, Fully Assembled",Furniture,East,1,138.59,172
2014-07-26,Xerox 216,Office Supplies,East,4,20.74,163
2014-07-26,Eldon 200 Class Desk Accessories,Furniture,East,4,20.1,21
2014-07-26,Safco Drafting Table,Furniture,Central,6,298.12,205
2014-07-27,Logitech Z-906 Speaker sys - home theater - 5.1-CH,Technology,West,5,1649.95,126
2014-07-27,"Global Airflow Leather Mesh Back Chair, Black",Furniture,West,3,362.35,79
2014-07-28,Nortel Networks T7316 E Nt8 B27,Technology,East,8,543.92,188
2014-07-28,"Eldon Delta Triangular Chair Mat, 52' x 58', Clear",Furniture,South,3,91.03,99
2014-07-28,Sony Micro Vault Click 8 GB USB 2.0 Flash Drive,Technology,West,5,234.95,183
2014-07-28,Xerox 227,Office Supplies,West,2,12.96,216
2014-07-28,Tensor Computer Mounted Lamp,Furniture,East,1,14.89,95
2014-07-28,"Message Book, Phone, Wirebound Standard Line Memo, 2 3/4' X 5'",Office Supplies,West,4,26.2,160
2014-07-28,Staples,Furniture,West,3,23.88,172
2014-07-28,"Global Value Mid-Back Manager's Chair, Gray",Furniture,South,4,194.85,163
2014-07-29,Super Decoflex Portable Personal File,Office Supplies,West,1,14.98,147
2014-07-29,Zipper Ring Binder Pockets,Office Supplies,West,4,9.98,17
2014-07-29,Wilson Electronics DB Pro Signal Booster,Technology,West,4,1145.6,37
2014-07-30,"Holmes Replacement Filter for HEPA Air Cleaner, Very Large Room, HEPA Filter",Office Supplies,Central,2,137.62,194
2014-07-30,GBC Poly Designer Binding Covers,Office Supplies,Central,2,33.48,150
2014-07-30,Sanford Liquid Accent Highlighters,Office Supplies,East,9,60.12,223
2014-07-30,"Bush Westfield Collection Bookcases, Medium Cherry Finish",Furniture,West,2,115.96,108
2014-07-30,Assorted Color Push Pins,Office Supplies,Central,2,2.9,122
2014-07-30,Newell 322,Office Supplies,South,3,4.37,143
2014-07-30,Imation 8GB Mini TravelDrive USB 2.0 Flash Drive,Technology,West,3,90.57,186
2014-07-30,Samsung Replacement EH64AVFWE Premium Headset,Technology,South,5,22.0,196
2014-07-30,Holmes HEPA Air Purifier,Office Supplies,South,2,34.85,195
2014-07-30,Cisco SPA301,Technology,Central,1,124.79,148
2014-07-30,Office Star Flex Back Scooter Chair with Aluminum Finish Frame,Furniture,Central,3,302.67,103
2014-07-30,Nortel Meridian M3904 Professional Digital phone,Technology,Central,3,461.97,242
2014-07-31,GBC ProClick Punch Binding System,Office Supplies,East,4,76.78,205
2014-07-31,invisibleSHIELD by ZAGG Smudge-Free Screen Protector,Technology,East,5,89.95,230
2014-07-31,Avery 480,Office Supplies,West,7,26.25,222
2014-07-31,Economy Rollaway Files,Office Supplies,West,2,330.4,205
2014-08-01,3M Office Air Cleaner,Office Supplies,Central,6,155.88,197
2014-08-01,Acco 3-Hole Punch,Office Supplies,Central,4,17.52,139
2014-08-01,"TRENDnet 56K USB 2.0 Phone, Internet and Fax Modem",Technology,South,2,41.42,143
2014-08-01,Avery Personal Creations Heavyweight Cards,Office Supplies,East,1,11.54,80
2014-08-01,Fellowes PB200 Plastic Comb Binding Machine,Office Supplies,East,5,849.95,236
2014-08-01,"Black Avery Memo-Size 3-Ring Binder, 5 1/2' x 8 1/2'",Office Supplies,East,3,11.01,86
2014-08-01,Motorola L804,Technology,Central,1,36.79,141
2014-08-01,Xerox 1991,Office Supplies,East,3,54.82,60
2014-08-01,"Master Big Foot Doorstop, Beige",Furniture,West,7,36.96,198
2014-08-01,Eldon Portable Mobile Manager,Office Supplies,West,2,56.56,45
2014-08-01,Polycom SoundPoint Pro SE-225 Corded phone,Technology,East,4,285.58,31
2014-08-02,Bady BDG101FRU Card Printer,Technology,Central,3,1439.98,14
2014-08-02,JBL Micro Wireless Portable Bluetooth Speaker,Technology,Central,2,95.98,43
2014-08-02,Nortel Networks T7316 E Nt8 B27,Technology,South,5,271.96,144
2014-08-02,GBC Prestige Therm-A-Bind Covers,Office Supplies,West,2,54.9,168
2014-08-02,Xerox 1998,Office Supplies,Central,7,36.29,53
2014-08-02,"Fellowes Mobile File Cart, Black",Office Supplies,West,3,186.54,238
2014-08-04,"O'Sullivan Elevations Bookcase, Cherry Finish",Furniture,Central,2,183.37,43
2014-08-04,"Deflect-o EconoMat Studded, No Bevel Mat for Low Pile Carpeting",Furniture,West,3,123.96,97
2014-08-04,Avery 473,Office Supplies,West,5,51.75,4
2014-08-04,"Letter/Legal File Tote with Clear Snap-On Lid, Black Granite",Office Supplies,West,1,16.06,108
2014-08-04,Kensington K72356US Mouse-in-a-Box USB Desktop Mouse,Technology,Central,3,39.82,26
2014-08-04,Fellowes Bases and Tops For Staxonsteel/High-Stak Systems,Office Supplies,West,3,99.87,115
2014-08-04,Avery 476,Office Supplies,East,5,16.52,86
2014-08-05,Avery Durable Poly Binders,Office Supplies,Central,3,3.32,103
2014-08-05,Hammermill CopyPlus Copy Paper (20Lb. and 84 Bright),Office Supplies,West,2,7.97,122
2014-08-05,"Manila Recycled Extra-Heavyweight Clasp Envelopes, 6' x 9'",Office Supplies,West,1,8.78,205
2014-08-06,"Tennsco Lockers, Sand",Office Supplies,Central,9,151.06,78
2014-08-06,"Adams Phone Message Book, 200 Message Capacity, 8 1/16 x 11",Office Supplies,South,2,13.76,42
2014-08-06,Logitech MX Performance Wireless Mouse,Technology,Central,2,79.78,96
2014-08-06,Avery 475,Office Supplies,Central,9,133.2,244
2014-08-06,Premium Transparent Presentation Covers by GBC,Office Supplies,Central,6,125.88,30
2014-08-07,"Hunt PowerHouse Electric Pencil Sharpener, Blue",Office Supplies,East,6,227.88,98
2014-08-07,Longer-Life Soft White Bulbs,Furniture,South,5,15.4,16
2014-08-07,"Ativa D5772 2-Line 5.8GHz Digital Expandable Corded/Cordless Phone System with Answering & Caller ID/Call Waiting, Black/Silver",Technology,East,5,824.95,219
2014-08-07,14-7/8 x 11 Blue Bar Computer Printout Paper,Office Supplies,Central,3,115.3,82
2014-08-07,Avery 481,Office Supplies,East,8,24.64,109
2014-08-07,Acme 10' Easy Grip Assistive Scissors,Office Supplies,East,4,70.12,181
2014-08-07,O'Sullivan 2-Shelf Heavy-Duty Bookcases,Furniture,South,3,145.74,189
2014-08-08,Xerox 1881,Office Supplies,West,2,24.56,214
2014-08-08,GE DSL Phone Line Filter,Technology,West,5,159.96,31
2014-08-08,Howard Miller 13-3/4' Diameter Brushed Chrome Round Wall Clock,Furniture,West,1,51.75,167
2014-08-08,Xerox 1891,Office Supplies,West,5,244.55,140
2014-08-08,Cardinal Holdit Business Card Pockets,Office Supplies,West,3,11.95,211
2014-08-08,"Mead 1st Gear 2' Zipper Binder, Asst. Colors",Office Supplies,West,3,31.13,34
2014-08-08,Avery Printable Repositionable Plastic Tabs,Office Supplies,West,2,13.76,132
2014-08-08,Sony Micro Vault Click 4 GB USB 2.0 Flash Drive,Technology,West,4,55.76,200
2014-08-08,3.6 Cubic Foot Counter Height Office Refrigerator,Office Supplies,West,5,1473.1,28
2014-08-08,Global Enterprise Series Seating Low-Back Swivel/Tilt Chairs,Furniture,West,1,207.18,69
2014-08-08,Polycom VoiceStation 500 Conference phone,Technology,West,3,707.88,152
2014-08-08,"Quartet Omega Colored Chalk, 12/Pack",Office Supplies,East,2,11.68,94
2014-08-08,Logitech K350 2.4Ghz Wireless Keyboard,Technology,Central,3,119.45,21
2014-08-08,Memorex Micro Travel Drive 16 GB,Technology,Central,4,63.96,193
2014-08-08,Logitech G700s Rechargeable Gaming Mouse,Technology,South,1,79.99,172
2014-08-08,Safco Industrial Shelving,Office Supplies,Central,2,118.16,68
2014-08-08,Staples,Office Supplies,East,10,104.8,218
2014-08-11,Aastra 57i VoIP phone,Technology,Central,9,1454.49,88
2014-08-11,Xerox 1906,Office Supplies,Central,5,177.2,71
2014-08-11,"Tenex Traditional Chairmats for Medium Pile Carpet, Standard Lip, 36' x 48'",Furniture,Central,2,121.3,246
2014-08-11,Staples,Office Supplies,Central,6,70.08,128
2014-08-12,"Fellowes Twister Kit, Gray/Clear, 3/pkg",Office Supplies,Central,8,12.86,211
2014-08-12,Pyle PMP37LED,Technology,Central,2,153.58,171
2014-08-12,BIC Brite Liner Grip Highlighters,Office Supplies,Central,7,9.18,86
2014-08-12,"Wirebound Message Books, Four 2 3/4' x 5' Forms per Page, 600 Sets per Book",Office Supplies,Central,4,29.66,95
2014-08-12,Satellite Sectional Post Binders,Office Supplies,South,11,477.51,74
2014-08-12,Xerox 226,Office Supplies,East,4,25.92,166
2014-08-13,Grandstream GXP1160 VoIP phone,Technology,West,8,242.62,238
2014-08-13,Hewlett Packard 310 Color Digital Copier,Technology,West,1,299.99,53
2014-08-13,Personal File Boxes with Fold-Down Carry Handle,Office Supplies,West,3,46.74,87
2014-08-13,Xerox 1937,Office Supplies,West,4,192.16,202
2014-08-13,Avery Legal 4-Ring Binder,Office Supplies,West,6,100.7,156
2014-08-13,Avanti 4.4 Cu. Ft. Refrigerator,Office Supplies,West,3,542.94,53
2014-08-13,Newell 312,Office Supplies,East,3,17.52,217
2014-08-13,Hon 4700 Series Mobuis Mid-Back Task Chairs with Adjustable Arms,Furniture,East,5,1779.9,15
2014-08-13,Boston 1645 Deluxe Heavier-Duty Electric Pencil Sharpener,Office Supplies,East,5,219.9,98
2014-08-13,DAX Wood Document Frame,Furniture,West,4,54.92,19
2014-08-13,Xerox 2000,Office Supplies,South,4,20.74,45
2014-08-13,"Perixx PERIBOARD-512B, Ergonomic Split Keyboard",Technology,West,5,174.95,194
2014-08-14,Hon Olson Stacker Chairs,Furniture,South,2,423.65,192
2014-08-14,Staples,Office Supplies,West,4,31.92,126
2014-08-14,Colored Envelopes,Office Supplies,South,5,14.76,57
2014-08-14,Eldon Radial Chair Mat for Low to Medium Pile Carpets,Furniture,South,1,31.98,180
2014-08-14,Newell 345,Office Supplies,West,3,59.52,110
2014-08-14,"GBC Prepunched Paper, 19-Hole, for Binding Systems, 24-lb",Office Supplies,West,3,36.02,128
2014-08-14,Staples,Office Supplies,West,7,83.79,80
2014-08-14,Sterilite Officeware Hinged File Box,Office Supplies,West,3,31.44,193
2014-08-14,Belkin Premiere Surge Master II 8-outlet surge protector,Office Supplies,South,7,272.05,156
2014-08-14,GBC DocuBind TL300 Electric Binding System,Office Supplies,South,6,1614.58,83
2014-08-14,Staples,Office Supplies,South,5,24.32,69
2014-08-14,Maxell 4.7GB DVD-R 5/Pack,Technology,South,2,1.58,7
2014-08-14,Avery 486,Office Supplies,East,3,17.54,28
2014-08-15,Newell 318,Office Supplies,West,6,16.68,111
2014-08-15,Avery File Folder Labels,Office Supplies,West,2,5.76,178
2014-08-15,Chromcraft Round Conference Tables,Furniture,West,3,418.3,160
2014-08-16,Tennsco Single-Tier Lockers,Office Supplies,East,6,1801.63,130
2014-08-16,Avery 495,Office Supplies,Central,8,50.4,187
2014-08-16,"Fellowes Premier Superior Surge Suppressor, 10-Outlet, With Phone and Remote",Office Supplies,East,2,97.84,162
2014-08-17,Acco Perma 3000 Stacking Storage Drawers,Office Supplies,South,4,67.14,196
2014-08-17,Recycled Easel Ring Binders,Office Supplies,South,3,13.43,218
2014-08-18,GBC DocuBind TL200 Manual Binding Machine,Office Supplies,East,5,895.92,107
2014-08-18,GBC Recycled Grain Textured Covers,Office Supplies,West,8,221.06,203
2014-08-18,Global Commerce Series Low-Back Swivel/Tilt Chairs,Furniture,East,2,462.56,211
2014-08-18,Acco Side-Punched Conventional Columnar Pads,Office Supplies,Central,2,5.55,108
2014-08-18,36X48 HARDFLOOR CHAIRMAT,Furniture,Central,2,16.78,19
2014-08-18,SAFCO Optional Arm Kit for Workspace Cribbage Stacking Chair,Furniture,Central,4,74.59,72
2014-08-18,Avery Fluorescent Highlighter Four-Color Set,Office Supplies,Central,3,8.02,166
2014-08-18,Staples,Office Supplies,West,2,23.36,3
2014-08-18,Belkin Premiere Surge Master II 8-outlet surge protector,Office Supplies,Central,4,38.86,242
2014-08-18,Standard Rollaway File with Lock,Office Supplies,West,3,540.57,245
2014-08-18,Logitech Desktop MK120 Mouse and keyboard Combo,Technology,South,6,98.16,18
2014-08-18,OtterBox Defender Series Case - Samsung Galaxy S4,Technology,West,3,71.98,101
2014-08-18,GBC Prestige Therm-A-Bind Covers,Office Supplies,South,3,102.93,218
2014-08-18,Xerox 1962,Office Supplies,West,2,8.56,172
2014-08-18,HON 5400 Series Task Chairs for Big and Tall,Furniture,East,9,4416.17,170
2014-08-18,"Wilson Jones Clip & Carry Folder Binder Tool for Ring Binders, Clear",Office Supplies,West,3,13.92,140
2014-08-18,Sanyo 2.5 Cubic Foot Mid-Size Office Refrigerators,Office Supplies,West,9,2518.29,140
2014-08-19,Fellowes Super Stor/Drawer Files,Office Supplies,West,2,323.1,187
2014-08-19,Imation Bio 8GB USB Flash Drive Imation Corp,Technology,West,9,1496.16,184
2014-08-19,Grandstream GXP1160 VoIP phone,Technology,East,1,37.91,85
2014-08-19,Safco Steel Mobile File Cart,Office Supplies,Central,3,200.06,219
2014-08-19,Seth Thomas 14' Putty-Colored Wall Clock,Furniture,East,3,88.02,51
2014-08-19,Acco D-Ring Binder w/DublLock,Office Supplies,Central,5,21.38,110
2014-08-19,Plantronics Savi W720 Multi-Device Wireless Headset System,Technology,West,2,843.9,180
2014-08-19,Recycled Easel Ring Binders,Office Supplies,East,9,107.42,108
2014-08-19,"Verbatim 25 GB 6x Blu-ray Single Layer Recordable Disc, 10/Pack",Technology,East,2,23.18,85
2014-08-19,GBC Personal VeloBind Strips,Office Supplies,East,3,10.78,42
2014-08-19,Fellowes PB300 Plastic Comb Binding Machine,Office Supplies,West,9,2793.53,210
2014-08-19,Ibico Plastic and Wire Spiral Binding Combs,Office Supplies,Central,4,6.74,199
2014-08-19,"Contract Clock, 14', Brown",Furniture,West,3,65.94,243
2014-08-19,Letter Size Cart,Office Supplies,West,7,1000.02,199
2014-08-19,"DAX Metal Frame, Desktop, Stepped-Edge",Furniture,East,2,40.48,41
2014-08-19,Newell 325,Office Supplies,East,3,9.91,89
2014-08-19,"DAX Value U-Channel Document Frames, Easel Back",Furniture,East,2,9.94,239
2014-08-20,"Wilson Jones Elliptical Ring 3 1/2' Capacity Binders, 800 sheets",Office Supplies,West,3,102.72,114
2014-08-20,Fellowes PB300 Plastic Comb Binding Machine,Office Supplies,East,1,387.99,25
2014-08-20,Xerox 200,Office Supplies,East,3,19.44,150
2014-08-20,Binder Posts,Office Supplies,Central,2,2.3,42
2014-08-21,Plantronics Encore H101 Dual Earpieces Headset,Technology,South,1,35.96,76
2014-08-21,Xerox 203,Office Supplies,West,4,25.92,155
2014-08-21,"Neat Ideas Personal Hanging Folder Files, Black",Office Supplies,East,3,40.29,136
2014-08-21,Plantronics Encore H101 Dual Earpieces Headset,Technology,West,3,107.88,19
2014-08-21,"Companion Letter/Legal File, Black",Office Supplies,West,6,226.56,183
2014-08-21,GBC Recycled Regency Composition Covers,Office Supplies,West,5,239.12,210
2014-08-21,Acme Kleencut Forged Steel Scissors,Office Supplies,West,3,17.22,239
2014-08-22,"Recycled Data-Pak for Archival Bound Computer Printouts, 12-1/2 x 12-1/2 x 16",Office Supplies,West,3,237.1,38
2014-08-22,Xerox 1941,Office Supplies,West,1,83.88,178
2014-08-22,Xerox 1888,Office Supplies,East,5,277.4,11
2014-08-22,"DAX Executive Solid Wood Document Frame, Desktop or Hang, Mahogany, 5 x 7",Furniture,East,2,25.16,206
2014-08-22,Southworth 25% Cotton Antique Laid Paper & Envelopes,Office Supplies,West,1,6.67,222
2014-08-22,Tenex Chairmats For Use with Hard Floors,Furniture,West,4,129.92,182
2014-08-22,"Avery Address/Shipping Labels for Typewriters, 4' x 2'",Office Supplies,West,5,51.75,205
2014-08-22,GBC DocuBind TL300 Electric Binding System,Office Supplies,East,6,4305.55,10
2014-08-22,Avery Metallic Poly Binders,Office Supplies,East,7,32.09,153
2014-08-22,Fellowes Command Center 5-outlet power strip,Office Supplies,West,3,203.52,41
2014-08-22,"Acco Flexible ACCOHIDE Square Ring Data Binder, Dark Blue, 11 1/2' X 14' 7/8'",Office Supplies,West,9,117.14,154
2014-08-22,Cisco 8x8 Inc. 6753i IP Business Phone System,Technology,West,4,431.97,10
2014-08-22,Chromcraft Rectangular Conference Tables,Furniture,West,3,568.73,37
2014-08-22,Hon Multipurpose Stacking Arm Chairs,Furniture,South,4,866.4,97
2014-08-22,"DAX Charcoal/Nickel-Tone Document Frame, 5 x 7",Furniture,West,3,22.75,170
2014-08-22,Newell 336,Office Supplies,West,4,17.12,18
2014-08-22,Seth Thomas 12' Clock w/ Goldtone Case,Furniture,East,4,91.92,191
2014-08-22,Kensington K72356US Mouse-in-a-Box USB Desktop Mouse,Technology,West,2,33.18,133
2014-08-22,Security-Tint Envelopes,Office Supplies,Central,2,15.28,173
2014-08-22,Acme Forged Steel Scissors with Black Enamel Handles,Office Supplies,Central,4,37.24,115
2014-08-22,Advantus Plastic Paper Clips,Office Supplies,Central,7,35.0,229
2014-08-22,Fellowes Stor/Drawer Steel Plus Storage Drawers,Office Supplies,West,6,572.58,112
2014-08-22,"Padded Folding Chairs, Black, 4/Carton",Furniture,West,6,388.7,169
2014-08-23,Bevis Boat-Shaped Conference Table,Furniture,East,2,314.53,219
2014-08-23,Hon Racetrack Conference Tables,Furniture,West,1,210.01,64
2014-08-24,Samsung Galaxy Mega 6.3,Technology,South,13,4367.9,98
2014-08-24,"Eldon Regeneration Recycled Desk Accessories, Smoke",Furniture,South,2,2.78,231
2014-08-24,"Ampad Evidence Wirebond Steno Books, 6' x 9'",Office Supplies,South,5,8.72,71
2014-08-24,"IBM Multi-Purpose Copy Paper, 8 1/2 x 11', Case",Office Supplies,South,2,49.57,186
2014-08-24,Fellowes 8 Outlet Superior Workstation Surge Protector w/o Phone/Fax/Modem Protection,Office Supplies,South,6,161.38,51
2014-08-25,Acco Translucent Poly Ring Binders,Office Supplies,East,1,3.74,117
2014-08-25,Xerox 1966,Office Supplies,East,2,10.37,174
2014-08-25,DXL Angle-View Binders with Locking Rings by Samsill,Office Supplies,East,4,24.67,119
2014-08-25,Avanti 1.7 Cu. Ft. Refrigerator,Office Supplies,East,8,646.27,6
2014-08-26,Xerox 1910,Office Supplies,South,5,192.16,10
2014-08-26,Zebra Zazzle Fluorescent Highlighters,Office Supplies,South,2,9.73,102
2014-08-26,"Letter/Legal File Tote with Clear Snap-On Lid, Black Granite",Office Supplies,East,2,25.7,60
2014-08-26,Xerox 199,Office Supplies,South,1,3.42,67
2014-08-26,Bush Somerset Collection Bookcase,Furniture,East,2,130.98,152
2014-08-27,"Neat Ideas Personal Hanging Folder Files, Black",Office Supplies,Central,4,53.72,139
2014-08-27,Sony 64GB Class 10 Micro SDHC R40 Memory Card,Technology,South,2,71.98,153
2014-08-27,Seth Thomas 16' Steel Case Clock,Furniture,Central,5,64.96,101
2014-08-28,Sensible Storage WireTech Storage Systems,Office Supplies,West,5,354.9,109
2014-08-28,Iris Project Case,Office Supplies,East,8,63.84,139
2014-08-28,Xerox 1981,Office Supplies,East,3,12.67,170
2014-08-28,Logitech Wireless Headset h800,Technology,East,14,1119.89,50
2014-08-28,Eberhard Faber 3 1/2' Golf Pencils,Office Supplies,Central,1,5.95,116
2014-08-28,GE 30522EE2,Technology,East,3,347.97,164
2014-08-28,White Computer Printout Paper by Universal,Office Supplies,West,3,116.28,45
2014-08-28,Flat Face Poster Frame,Furniture,West,8,120.58,52
2014-08-28,Bevis Steel Folding Chairs,Furniture,West,3,230.28,87
2014-08-28,"Office Impressions End Table, 20-1/2'H x 24'W x 20'D",Furniture,East,7,1488.42,207
2014-08-28,Convenience Packs of Business Envelopes,Office Supplies,South,1,2.9,120
2014-08-28,Hoover Portapower Portable Vacuum,Office Supplies,South,4,14.34,12
2014-08-28,Acme Preferred Stainless Steel Scissors,Office Supplies,West,5,28.4,88
2014-08-28,Sharp 1540cs Digital Laser Copier,Technology,West,2,879.98,124
2014-08-28,APC 7 Outlet Network SurgeArrest Surge Protector,Office Supplies,West,4,321.92,117
2014-08-28,Xerox 217,Office Supplies,South,1,5.18,53
2014-08-28,"GE 48' Fluorescent Tube, Cool White Energy Saver, 34 Watts, 30/Box",Furniture,West,2,198.46,184
2014-08-28,GBC DocuBind 300 Electric Binding Machine,Office Supplies,West,2,841.57,115
2014-08-28,DXL Angle-View Binders with Locking Rings by Samsill,Office Supplies,East,6,37.01,117
2014-08-29,Acco 6 Outlet Guardian Premium Plus Surge Suppressor,Office Supplies,Central,5,91.6,3
2014-08-29,Acme Stainless Steel Office Snips,Office Supplies,Central,3,21.81,74
2014-08-29,Newell 344,Office Supplies,West,2,5.56,223
2014-08-29,HP Office Paper (20Lb. and 87 Bright),Office Supplies,Central,5,26.72,48
2014-08-29,"Hon Practical Foundations 30 x 60 Training Table, Light Gray/Charcoal",Furniture,West,5,1137.75,6
2014-08-29,Xerox 4200 Series MultiUse Premium Copy Paper (20Lb. and 84 Bright),Office Supplies,Central,6,25.34,109
2014-08-29,GBC Standard Therm-A-Bind Covers,Office Supplies,West,5,99.68,121
2014-08-29,Anker 24W Portable Micro USB Car Charger,Technology,West,4,35.17,10
2014-08-30,Electrix Fluorescent Magnifier Lamps & Weighted Base,Furniture,West,3,148.02,91
2014-08-30,Avery 505,Office Supplies,Central,4,47.36,181
2014-08-30,Advantus Rolling Storage Box,Office Supplies,Central,2,27.44,232
2014-08-30,Wilson Jones Easy Flow II Sheet Lifters,Office Supplies,Central,9,3.24,214
2014-08-30,Newell 323,Office Supplies,East,7,9.41,172
2014-09-01,Aastra 6757i CT Wireless VoIP phone,Technology,West,4,689.41,22
2014-09-01,Tripp Lite Isotel 8 Ultra 8 Outlet Metal Surge,Office Supplies,Central,9,638.73,241
2014-09-01,Xerox 1945,Office Supplies,South,7,229.54,27
2014-09-01,Space Solutions Commercial Steel Shelving,Office Supplies,West,3,193.95,234
2014-09-01,Acme Kleen Earth Office Shears,Office Supplies,West,2,6.21,110
2014-09-01,Acco Suede Grain Vinyl Round Ring Binder,Office Supplies,West,3,6.67,56
2014-09-01,"Neat Ideas Personal Hanging Folder Files, Black",Office Supplies,West,1,10.74,25
2014-09-01,Hon 4700 Series Mobuis Mid-Back Task Chairs with Adjustable Arms,Furniture,West,2,569.57,152
2014-09-01,OIC Bulk Pack Metal Binder Clips,Office Supplies,West,3,8.38,53
2014-09-01,Plantronics CS510 - Over-the-Head monaural Wireless Headset System,Technology,South,2,659.9,28
2014-09-01,"Sortfiler Multipurpose Personal File Organizer, Black",Office Supplies,West,7,149.73,210
2014-09-02,Staples,Office Supplies,West,1,7.58,96
2014-09-02,KI Conference Tables,Furniture,West,4,283.56,163
2014-09-02,Harbour Creations 67200 Series Stacking Chairs,Furniture,Central,7,498.26,13
2014-09-02,Seth Thomas 12' Clock w/ Goldtone Case,Furniture,East,5,114.9,77
2014-09-02,Avery Metallic Poly Binders,Office Supplies,West,5,22.92,34
2014-09-02,Logitech LS21 Speaker System - PC Multimedia - 2.1-CH - Wired,Technology,West,1,19.99,29
2014-09-02,Honeywell Quietcare HEPA Air Cleaner,Office Supplies,West,4,314.6,91
2014-09-03,Avery 505,Office Supplies,West,5,74.0,16
2014-09-03,Ooma Telo VoIP Home Phone System,Technology,West,2,201.58,194
2014-09-03,Acco Translucent Poly Ring Binders,Office Supplies,West,5,18.72,207
2014-09-03,Crate-A-Files,Office Supplies,East,1,10.9,237
2014-09-03,"RSVP Cards & Envelopes, Blank White, 8-1/2' X 11', 24 Cards/25 Envelopes/Set",Office Supplies,East,3,12.19,157
2014-09-03,"Acco Six-Outlet Power Strip, 4' Cord Length",Office Supplies,West,5,43.1,243
2014-09-03,"GBC Velobind Prepunched Cover Sets, Regency Series",Office Supplies,West,5,147.92,92
2014-09-03,Pencil and Crayon Sharpener,Office Supplies,West,3,6.57,172
2014-09-03,Hon 2111 Invitation Series Straight Table,Furniture,West,2,236.53,78
2014-09-03,Luxo Professional Combination Clamp-On Lamps,Furniture,West,5,511.5,109
2014-09-03,Polycom CX600 IP Phone VoIP phone,Technology,Central,4,1199.8,247
2014-09-03,Fellowes High-Stak Drawer Files,Office Supplies,Central,2,352.38,216
2014-09-03,Global Commerce Series High-Back Swivel/Tilt Chairs,Furniture,East,5,1282.41,178
2014-09-03,GBC DocuBind 300 Electric Binding Machine,Office Supplies,South,3,1577.94,101
2014-09-03,Avery 518,Office Supplies,East,6,18.9,105
2014-09-03,Cisco SPA508G,Technology,East,3,197.97,46
2014-09-03,"ACCOHIDE 3-Ring Binder, Blue, 1'",Office Supplies,East,8,26.43,180
2014-09-03,Fellowes Basic Home/Office Series Surge Protectors,Office Supplies,East,1,12.98,63
2014-09-03,Bush Advantage Collection Racetrack Conference Table,Furniture,East,1,254.53,245
2014-09-03,Avery 519,Office Supplies,West,2,11.7,243
2014-09-03,DAX Cubicle Frames - 8x10,Furniture,East,2,11.54,249
2014-09-03,BIC Brite Liner Grip Highlighters,Office Supplies,East,3,4.92,165
2014-09-03,WD My Passport Ultra 2TB Portable External Hard Drive,Technology,East,2,238.0,63
2014-09-03,Kingston Digital DataTraveler 32GB USB 2.0,Technology,Central,3,40.68,86
2014-09-03,Sony Micro Vault Click 16 GB USB 2.0 Flash Drive,Technology,East,3,167.97,216
2014-09-03,"Global Leather Task Chair, Black",Furniture,West,3,215.98,233
2014-09-03,Newell 324,Office Supplies,East,2,23.1,6
2014-09-03,"Belkin 19' Center-Weighted Shelf, Gray",Office Supplies,Central,5,235.92,21
2014-09-03,"Eldon 200 Class Desk Accessories, Burgundy",Furniture,East,3,15.07,80
2014-09-03,Belkin 7-Outlet SurgeMaster Home Series,Office Supplies,Central,2,5.59,209
2014-09-03,Advantus Plastic Paper Clips,Office Supplies,Central,4,16.0,240
2014-09-03,"OIC #2 Pencils, Medium Soft",Office Supplies,West,5,9.4,168
2014-09-03,Maxell iVDR EX 500GB Cartridge,Technology,Central,7,1928.78,73
2014-09-03,Xerox 1890,Office Supplies,East,3,146.82,137
2014-09-03,Xerox 191,Office Supplies,East,4,79.92,184
2014-09-03,Xerox 1962,Office Supplies,East,4,17.12,134
2014-09-04,"Bush Heritage Pine Collection 5-Shelf Bookcase, Albany Pine Finish, *Special Order",Furniture,West,2,239.67,239
2014-09-04,Prang Drawing Pencil Set,Office Supplies,East,2,5.56,124
2014-09-04,"Premier Elliptical Ring Binder, Black",Office Supplies,Central,7,42.62,49
2014-09-04,Kensington Expert Mouse Optical USB Trackball for PC or Mac,Technology,West,3,284.97,229
2014-09-04,Global Low Back Tilter Chair,Furniture,East,2,181.76,218
2014-09-04,"Square Ring Data Binders, Rigid 75 Pt. Covers, 11' x 14-7/8'",Office Supplies,West,5,82.56,51
2014-09-04,"'While you Were Out' Message Book, One Form per Page",Office Supplies,Central,3,8.9,160
2014-09-04,Hypercom P1300 Pinpad,Technology,Central,2,100.8,0
2014-09-04,Eldon Advantage Foldable Chair Mats for Low Pile Carpets,Furniture,Central,5,108.4,235
2014-09-04,Xerox 189,Office Supplies,East,4,419.4,180
2014-09-04,#10- 4 1/8' x 9 1/2' Security-Tint Envelopes,Office Supplies,South,4,24.45,187
2014-09-04,Office Star Flex Back Scooter Chair with Aluminum Finish Frame,Furniture,East,1,90.8,161
2014-09-04,"Premium Writing Pencils, Soft, #2 by Central Association for the Blind",Office Supplies,West,2,5.96,3
2014-09-05,"24 Capacity Maxi Data Binder Racks, Pearl",Office Supplies,West,2,421.1,144
2014-09-05,Xerox 220,Office Supplies,West,2,12.96,131
2014-09-05,invisibleSHIELD by ZAGG Smudge-Free Screen Protector,Technology,West,3,43.18,170
2014-09-05,"Global Value Steno Chair, Gray",Furniture,South,2,97.18,245
2014-09-05,"Sanford Colorific Colored Pencils, 12/Box",Office Supplies,Central,3,6.91,217
2014-09-05,"It's Hot Message Books with Stickers, 2 3/4' x 5'",Office Supplies,Central,3,17.76,3
2014-09-05,"Rogers Jumbo File, Granite",Office Supplies,West,4,54.32,0
2014-09-05,Chromcraft Bull-Nose Wood Oval Conference Tables & Bases,Furniture,West,3,1322.35,70
2014-09-05,"Sanford Colorific Eraseable Coloring Pencils, 12 Count",Office Supplies,Central,5,13.12,221
2014-09-05,"Bush Birmingham Collection Bookcase, Dark Cherry",Furniture,Central,9,825.17,177
2014-09-05,Acco Perma 3000 Stacking Storage Drawers,Office Supplies,Central,1,16.78,200
2014-09-05,Xerox 213,Office Supplies,South,2,10.37,188
2014-09-05,"Crayola Anti Dust Chalk, 12/Pack",Office Supplies,Central,7,10.19,34
2014-09-05,"Hunt PowerHouse Electric Pencil Sharpener, Blue",Office Supplies,Central,1,30.38,7
2014-09-05,Kingston Digital DataTraveler 8GB USB 2.0,Technology,East,4,19.04,151
2014-09-05,Ibico Hi-Tech Manual Binding System,Office Supplies,West,2,487.98,210
2014-09-05,QVS USB Car Charger 2-Port 2.1Amp for iPod/iPhone/iPad/iPad 2/iPad 3,Technology,West,1,5.56,35
2014-09-05,GBC Recycled VeloBinder Covers,Office Supplies,East,5,25.56,177
2014-09-05,Pressboard Hanging Data Binders for Unburst Sheets,Office Supplies,West,3,11.81,243
2014-09-05,Wilson Jones Active Use Binders,Office Supplies,East,2,4.37,122
2014-09-05,"Verbatim 25 GB 6x Blu-ray Single Layer Recordable Disc, 25/Pack",Technology,East,4,91.96,42
2014-09-05,Avery Trapezoid Extra Heavy Duty 4' Binders,Office Supplies,West,7,88.07,26
2014-09-05,"Telephone Message Books with Fax/Mobile Section, 4 1/4' x 6'",Office Supplies,East,4,11.52,31
2014-09-05,"Trav-L-File Heavy-Duty Shuttle II, Black",Office Supplies,West,5,217.85,77
2014-09-05,Staples,Office Supplies,East,6,14.82,120
2014-09-05,"Bush Cubix Conference Tables, Fully Assembled",Furniture,West,8,1478.27,145
2014-09-05,Acco Suede Grain Vinyl Round Ring Binder,Office Supplies,West,6,13.34,155
2014-09-05,DIXON Oriole Pencils,Office Supplies,East,4,8.26,156
2014-09-06,"Gould Plastics 18-Pocket Panel Bin, 34w x 5-1/4d x 20-1/2h",Office Supplies,South,2,147.18,15
2014-09-06,Newell 333,Office Supplies,West,1,2.78,98
2014-09-06,Maxell LTO Ultrium - 800 GB,Technology,South,4,89.57,46
2014-09-06,Model L Table or Wall-Mount Pencil Sharpener,Office Supplies,South,5,71.96,186
2014-09-06,Xerox 220,Office Supplies,South,3,15.55,30
2014-09-08,"Advantus 10-Drawer Portable Organizer, Chrome Metal Frame, Smoke Drawers",Office Supplies,East,8,478.08,3
2014-09-08,Motorla HX550 Universal Bluetooth Headset,Technology,West,4,126.56,164
2014-09-08,Avoid Verbal Orders Carbonless Minifold Book,Office Supplies,East,5,16.9,16
2014-09-08,"DAX Copper Panel Document Frame, 5 x 7 Size",Furniture,West,2,25.16,38
2014-09-08,Staples,Office Supplies,Central,9,73.01,47
2014-09-08,Xerox 191,Office Supplies,East,2,39.96,173
2014-09-08,GBC DocuBind 300 Electric Binding Machine,Office Supplies,Central,3,1577.94,217
2014-09-08,"C-Line Magnetic Cubicle Keepers, Clear Polypropylene",Furniture,West,4,19.76,175
2014-09-08,Hanging Personal Folder File,Office Supplies,West,3,37.68,38
2014-09-08,Avery 519,Office Supplies,East,5,29.24,232
2014-09-08,Logitech Wireless Marathon Mouse M705,Technology,West,7,279.94,131
2014-09-08,"DataProducts Ampli Magnifier Task Lamp, Black,",Furniture,Central,5,135.3,29
2014-09-08,Boston 1799 Powerhouse Electric Pencil Sharpener,Office Supplies,West,1,25.98,157
2014-09-08,Wilson Jones Leather-Like Binders with DublLock Round Rings,Office Supplies,West,3,7.86,21
2014-09-08,Konftel 250 Conference phone - Charcoal black,Technology,West,2,455.71,202
2014-09-08,"Eureka Recycled Copy Paper 8 1/2' x 11', Ream",Office Supplies,East,3,15.55,65
2014-09-08,Poly String Tie Envelopes,Office Supplies,East,3,4.9,107
2014-09-08,DAX Two-Tone Silver Metal Document Frame,Furniture,West,4,80.96,11
2014-09-08,Tenex Chairmats For Use With Carpeted Floors,Furniture,West,3,47.94,221
2014-09-08,Eureka The Boss Cordless Rechargeable Stick Vac,Office Supplies,South,2,81.57,35
2014-09-08,Maxell 4.7GB DVD-R,Technology,Central,4,113.52,17
2014-09-08,Global Low Back Tilter Chair,Furniture,West,2,161.57,89
2014-09-08,Rosewill 107 Normal Keys USB Wired Standard Keyboard,Technology,Central,1,13.48,180
2014-09-09,"Premier Elliptical Ring Binder, Black",Office Supplies,Central,7,42.62,198
2014-09-09,"Vinyl Coated Wire Paper Clips in Organizer Box, 800/Box",Office Supplies,Central,5,45.92,0
2014-09-09,DAX Black Cherry Wood-Tone Poster Frame,Furniture,Central,2,21.18,126
2014-09-09,Xerox 205,Office Supplies,Central,4,20.74,185
2014-09-09,Memorex Micro Travel Drive 32 GB,Technology,East,4,116.83,89
2014-09-09,Aastra 6757i CT Wireless VoIP phone,Technology,East,2,258.53,86
2014-09-09,"Global Armless Task Chair, Royal Blue",Furniture,Central,5,213.43,89
2014-09-09,Canon PC-428 Personal Copier,Technology,Central,2,319.98,236
2014-09-09,Adjustable Personal File Tote,Office Supplies,East,4,65.12,133
2014-09-09,Imation Swivel Flash Drive USB flash drive - 8 GB,Technology,East,1,9.1,69
2014-09-09,"Decoflex Hanging Personal Folder File, Blue",Office Supplies,South,5,61.68,43
2014-09-09,BoxOffice By Design Rectangular and Half-Moon Meeting Room Tables,Furniture,Central,7,765.62,199
2014-09-09,Memorex Froggy Flash Drive 8 GB,Technology,Central,6,85.2,151
2014-09-09,Samsung Rugby III,Technology,South,3,158.38,85
2014-09-10,#10- 4 1/8' x 9 1/2' Recycled Envelopes,Office Supplies,Central,2,17.48,18
2014-09-10,"Acco Data Flex Cable Posts For Top & Bottom Load Binders, 6' Capacity",Office Supplies,East,2,6.26,100
2014-09-10,Unpadded Memo Slips,Office Supplies,West,2,6.37,145
2014-09-10,Global Low Back Tilter Chair,Furniture,East,2,141.37,94
2014-09-10,Eldon Wave Desk Accessories,Furniture,South,3,14.14,100
2014-09-10,Fellowes Super Stor/Drawer Files,Office Supplies,South,2,258.48,29
2014-09-10,Avery 501,Office Supplies,East,6,17.71,248
2014-09-10,Xerox 1888,Office Supplies,South,4,177.54,169
2014-09-10,Fellowes Bases and Tops For Staxonsteel/High-Stak Systems,Office Supplies,West,3,99.87,32
2014-09-10,Novimex Fabric Task Chair,Furniture,West,5,243.92,201
2014-09-10,Staples,Office Supplies,South,3,8.83,228
2014-09-10,Samsung Galaxy Note 2,Technology,East,7,1931.96,11
2014-09-10,Plantronics S12 Corded Telephone Headset System,Technology,East,3,258.7,117
2014-09-10,"Deflect-o EconoMat Studded, No Bevel Mat for Low Pile Carpeting",Furniture,East,2,66.11,93
2014-09-10,Newell 35,Office Supplies,West,2,6.56,154
2014-09-10,"BIC Brite Liner Highlighters, Chisel Tip",Office Supplies,East,5,25.92,166
2014-09-10,3M Organizer Strips,Office Supplies,East,3,4.86,136
2014-09-10,Fellowes Officeware Wire Shelving,Office Supplies,South,7,628.81,245
2014-09-10,Avery 511,Office Supplies,Central,4,9.86,148
2014-09-10,Astroparche Fine Business Paper,Office Supplies,West,9,47.52,75
2014-09-10,Microsoft Sculpt Comfort Mouse,Technology,East,3,95.88,246
2014-09-10,"Eldon Expressions Punched Metal & Wood Desk Accessories, Pewter & Cherry",Furniture,East,2,17.02,28
2014-09-10,"Quartet Omega Colored Chalk, 12/Pack",Office Supplies,East,1,4.67,160
2014-09-10,Wilson Jones Standard D-Ring Binders,Office Supplies,East,2,3.04,234
2014-09-10,Microsoft Wireless Mobile Mouse 4000,Technology,West,4,159.96,189
2014-09-10,"GBC Prepunched Paper, 19-Hole, for Binding Systems, 24-lb",Office Supplies,East,1,4.5,116
2014-09-10,Xerox 1930,Office Supplies,West,6,31.1,14
2014-09-10,X-Rack File for Hanging Folders,Office Supplies,South,5,56.45,1
2014-09-10,Belkin 7-Outlet SurgeMaster Home Series,Office Supplies,West,1,11.18,179
2014-09-11,Eberhard Faber 3 1/2' Golf Pencils,Office Supplies,East,2,14.88,230
2014-09-11,Logitech G105 Gaming Keyboard,Technology,Central,5,296.85,116
2014-09-11,Imation Clip USB flash drive - 8 GB,Technology,Central,6,112.8,171
2014-09-11,"Holmes Replacement Filter for HEPA Air Cleaner, Medium Room",Office Supplies,Central,3,33.99,181
2014-09-11,DMI Arturo Collection Mission-style Design Wood Chair,Furniture,West,3,362.35,17
2014-09-11,Avery Non-Stick Binders,Office Supplies,West,2,7.18,2
2014-09-11,Newell 3-Hole Punched Plastic Slotted Magazine Holders for Binders,Office Supplies,Central,3,13.71,134
2014-09-11,Wilson Jones Suede Grain Vinyl Binders,Office Supplies,South,1,2.78,170
2014-09-11,Xerox 1970,Office Supplies,Central,5,24.9,209
2014-09-11,"Rediform S.O.S. 1-Up Phone Message Bk, 4-1/4x3-1/16 Bk, 1 Form/Pg, 40 Messages/Bk, 3/Pk",Office Supplies,East,2,18.76,235
2014-09-11,3M Organizer Strips,Office Supplies,Central,3,16.2,165
2014-09-11,Acco 6 Outlet Guardian Standard Surge Suppressor,Office Supplies,Central,2,24.18,164
2014-09-11,Fellowes Stor/Drawer Steel Plus Storage Drawers,Office Supplies,Central,3,286.29,185
2014-09-11,Panasonic Kx-TS550,Technology,Central,4,147.17,160
2014-09-11,Cisco IP Phone 7961G-GE VoIP phone,Technology,East,2,259.9,107
2014-09-11,Memorex Mini Travel Drive 8 GB USB 2.0 Flash Drive,Technology,East,4,37.06,186
2014-09-11,Xerox 1906,Office Supplies,East,3,85.06,94
2014-09-11,Fellowes PB500 Electric Punch Plastic Comb Binding Machine with Manual Bind,Office Supplies,Central,3,762.59,121
2014-09-12,Hoover Commercial SteamVac,Office Supplies,South,5,67.9,10
2014-09-12,iOttie XL Car Mount,Technology,West,5,79.96,67
2014-09-12,Xerox 1894,Office Supplies,West,11,71.28,122
2014-09-12,OtterBox Defender Series Case - Samsung Galaxy S4,Technology,West,6,143.95,209
2014-09-12,Xerox 192,Office Supplies,West,3,19.44,195
2014-09-12,Xerox 225,Office Supplies,West,3,19.44,112
2014-09-12,Office Star - Contemporary Task Swivel Chair,Furniture,West,2,177.57,97
2014-09-12,Xerox 1996,Office Supplies,West,2,12.96,92
2014-09-12,"Acco Clips to Go Binder Clips, 24 Clips in Two Sizes",Office Supplies,South,4,14.2,215
2014-09-12,Howard Miller 11-1/2' Diameter Grantwood Wall Clock,Furniture,South,1,34.5,21
2014-09-12,"Commercial WindTunnel Clean Air Upright Vacuum, Replacement Belts, Filtration Bags",Office Supplies,Central,2,1.56,193
2014-09-12,Bevis Round Conference Table Top & Single Column Base,Furniture,Central,5,512.19,171
2014-09-12,"Fellowes Premier Superior Surge Suppressor, 10-Outlet, With Phone and Remote",Office Supplies,South,4,195.68,126
2014-09-12,Acco Hot Clips Clips to Go,Office Supplies,Central,4,10.53,133
2014-09-12,Xerox 1927,Office Supplies,Central,6,20.54,169
2014-09-12,#10 Self-Seal White Envelopes,Office Supplies,West,2,22.18,24
2014-09-12,Xerox 1935,Office Supplies,South,7,184.66,246
2014-09-12,Xerox 1953,Office Supplies,Central,3,10.27,184
2014-09-12,"6' Cubicle Wall Clock, Black",Furniture,West,4,32.36,84
2014-09-12,Kensington 4 Outlet MasterPiece Compact Power Control Center,Office Supplies,West,5,406.6,54
2014-09-12,Hon Pagoda Stacking Chairs,Furniture,West,8,2054.27,143
2014-09-12,Ibico Ibimaster 300 Manual Binding System,Office Supplies,West,5,1471.96,94
2014-09-13,Xerox 1939,Office Supplies,East,5,94.85,141
2014-09-13,Fellowes Basic Home/Office Series Surge Protectors,Office Supplies,East,7,90.86,166
2014-09-13,"Adams Telephone Message Book w/Frequently-Called Numbers Space, 400 Messages per Book",Office Supplies,East,5,39.9,155
2014-09-13,Xerox 209,Office Supplies,East,7,45.36,223
2014-09-13,Aluminum Screw Posts,Office Supplies,East,3,45.78,219
2014-09-13,"Eaton Premium Continuous-Feed Paper, 25% Cotton, Letter Size, White, 1000 Shts/Box",Office Supplies,West,3,166.44,178
2014-09-13,"Eldon Image Series Desk Accessories, Burgundy",Furniture,West,2,8.36,118
2014-09-14,Fluorescent Highlighters by Dixon,Office Supplies,South,5,15.92,176
2014-09-15,Wilson SignalBoost 841262 DB PRO Amplifier Kit,Technology,East,3,1079.85,8
2014-09-15,Boston Home & Office Model 2000 Electric Pencil Sharpeners,Office Supplies,East,3,70.95,185
2014-09-15,Avery 48,Office Supplies,West,9,56.7,172
2014-09-15,Logitech Wireless Gaming Headset G930,Technology,East,7,895.94,149
2014-09-15,"Office Star - Contemporary Task Swivel chair with Loop Arms, Charcoal",Furniture,East,5,589.41,159
2014-09-15,Bulldog Table or Wall-Mount Pencil Sharpener,Office Supplies,East,5,29.95,196
2014-09-15,Lexmark MarkNet N8150 Wireless Print Server,Technology,East,2,241.17,214
2014-09-15,Xerox 1987,Office Supplies,East,2,11.56,196
2014-09-15,Tensor Track Tree Floor Lamp,Furniture,East,8,127.94,41
2014-09-15,Ricoh - Ink Collector Unit for GX3000 Series Printers,Technology,East,1,12.58,52
2014-09-15,"Telephone Message Books with Fax/Mobile Section, 5 1/2' x 3 3/16'",Office Supplies,Central,3,19.05,223
2014-09-15,Office Star - Ergonomically Designed Knee Chair,Furniture,East,2,113.37,186
2014-09-15,3.6 Cubic Foot Counter Height Office Refrigerator,Office Supplies,South,4,942.78,73
2014-09-15,Xerox 1980,Office Supplies,East,2,8.56,38
2014-09-15,Aluminum Screw Posts,Office Supplies,East,4,18.31,121
2014-09-15,Sensible Storage WireTech Storage Systems,Office Supplies,East,1,70.98,14
2014-09-15,GBC Instant Report Kit,Office Supplies,East,2,3.88,198
2014-09-15,Xerox 1988,Office Supplies,South,3,74.35,156
2014-09-16,"Avery Trapezoid Ring Binder, 3' Capacity, Black, 1040 sheets",Office Supplies,West,9,295.06,122
2014-09-16,SAFCO Folding Chair Trolley,Furniture,East,4,512.96,110
2014-09-16,Panasonic KX-TG6844B Expandable Digital Cordless Telephone,Technology,West,7,369.54,130
2014-09-16,"Leather Task Chair, Black",Furniture,West,3,218.35,82
2014-09-16,Xerox 1897,Office Supplies,Central,8,31.87,9
2014-09-16,Peel-Off China Markers,Office Supplies,West,10,99.3,91
2014-09-16,Belkin 5 Outlet SurgeMaster Power Centers,Office Supplies,West,2,108.96,28
2014-09-16,GBC DocuBind 200 Manual Binding Machine,Office Supplies,West,7,2357.49,206
2014-09-16,Cardinal Poly Pocket Divider Pockets for Ring Binders,Office Supplies,West,1,2.69,34
2014-09-16,Micro Innovations Wireless Classic Keyboard with Mouse,Technology,East,2,59.98,5
2014-09-16,"Tenex 46' x 60' Computer Anti-Static Chairmat, Rectangular Shaped",Furniture,West,5,529.9,139
2014-09-16,Plantronics 81402,Technology,East,6,395.94,110
2014-09-16,Contico 72'H Heavy-Duty Storage System,Office Supplies,East,2,81.96,37
2014-09-16,Xerox 1893,Office Supplies,South,5,163.96,76
2014-09-16,"Atlantic Metals Mobile 3-Shelf Bookcases, Custom Colors",Furniture,East,3,782.94,92
2014-09-16,Avaya 5420 Digital phone,Technology,Central,3,323.98,146
2014-09-16,Bretford Rectangular Conference Table Tops,Furniture,West,1,300.9,66
2014-09-16,BIC Brite Liner Highlighters,Office Supplies,West,3,12.42,135
2014-09-16,"Avery Hi-Liter EverBold Pen Style Fluorescent Highlighters, 4/Pack",Office Supplies,East,2,16.28,7
2014-09-16,GE DSL Phone Line Filter,Technology,East,1,39.99,246
2014-09-16,Global Deluxe Steno Chair,Furniture,West,3,184.75,121
2014-09-16,Prismacolor Color Pencil Set,Office Supplies,Central,2,31.74,83
2014-09-16,Eldon ProFile File 'N Store Portable File Tub Letter/Legal Size Black,Office Supplies,East,2,38.62,174
2014-09-16,"DAX Two-Tone Rosewood/Black Document Frame, Desktop, 5 x 7",Furniture,East,5,47.4,131
2014-09-16,Wilson Jones Heavy-Duty Casebound Ring Binders with Metal Hinges,Office Supplies,East,7,242.48,178
2014-09-16,"Master Caster Door Stop, Brown",Furniture,East,7,35.56,84
2014-09-17,Xerox 1927,Office Supplies,East,6,20.54,194
2014-09-17,KeyTronic E03601U1 - Keyboard - Beige,Technology,South,1,18.0,44
2014-09-17,Newell 330,Office Supplies,West,1,5.98,135
2014-09-17,"Eldon Expressions Punched Metal & Wood Desk Accessories, Black & Cherry",Furniture,East,3,22.51,86
2014-09-17,Binder Posts,Office Supplies,East,2,3.44,15
2014-09-17,GBC DocuBind TL300 Electric Binding System,Office Supplies,East,2,538.19,76
2014-09-17,Logitech 910-002974 M325 Wireless Mouse for Web Scrolling,Technology,East,2,47.98,194
2014-09-17,"Ampad Gold Fibre Wirebound Steno Books, 6' x 9', Gregg Ruled",Office Supplies,West,2,8.82,239
2014-09-17,"OIC Colored Binder Clips, Assorted Sizes",Office Supplies,West,5,17.9,8
2014-09-17,Xerox 231,Office Supplies,East,4,20.74,59
2014-09-17,ClearSounds CSC500 Amplified Spirit Phone Corded phone,Technology,Central,1,55.99,77
2014-09-17,Logitech Trackman Marble Mouse,Technology,East,3,71.98,76
2014-09-17,"Manila Recycled Extra-Heavyweight Clasp Envelopes, 6' x 9'",Office Supplies,Central,2,17.57,244
2014-09-18,Logitech Trackman Marble Mouse,Technology,West,3,89.97,248
2014-09-18,Xerox 1984,Office Supplies,West,2,12.96,70
2014-09-18,Lexmark 20R1285 X6650 Wireless All-in-One Printer,Technology,East,4,480.0,14
2014-09-18,Staples,Office Supplies,South,3,106.32,70
2014-09-18,Global Ergonomic Managers Chair,Furniture,South,4,723.92,101
2014-09-18,Avery 514,Office Supplies,West,5,14.4,225
2014-09-18,"Mini 13-1/2 Capacity Data Binder Rack, Pearl",Office Supplies,West,2,261.74,168
2014-09-18,"GBC Pre-Punched Binding Paper, Plastic, White, 8-1/2' x 11'",Office Supplies,West,2,25.58,21
2014-09-18,Green Bar Computer Printout Paper,Office Supplies,West,3,164.88,151
2014-09-18,"Acco Pressboard Covers with Storage Hooks, 14 7/8' x 11', Light Blue",Office Supplies,West,3,11.78,112
2014-09-18,"SimpliFile Personal File, Black Granite, 15w x 6-15/16d x 11-1/4h",Office Supplies,East,3,34.05,228
2014-09-18,Avery Non-Stick Binders,Office Supplies,West,3,10.78,171
2014-09-18,"Global Adaptabilites Bookcase, Cherry/Storm Gray Finish",Furniture,West,3,1292.94,0
2014-09-18,Polycom VoiceStation 500 Conference phone,Technology,Central,6,1415.76,9
2014-09-18,Wilson Jones Snap Scratch Pad Binder Tool for Ring Binders,Office Supplies,Central,5,5.8,234
2014-09-18,"Global Wood Trimmed Manager's Task Chair, Khaki",Furniture,Central,5,318.43,207
2014-09-18,Newell Chalk Holder,Office Supplies,Central,3,9.91,109
2014-09-19,"Fiskars 8' Scissors, 2/Pack",Office Supplies,South,2,34.48,199
2014-09-19,I Need's 3d Hello Kitty Hybrid Silicone Case Cover for HTC One X 4g with 3d Hello Kitty Stylus Pen Green/pink,Technology,South,8,95.68,183
2014-09-19,"Hunt PowerHouse Electric Pencil Sharpener, Blue",Office Supplies,South,3,113.94,112
2014-09-19,Xerox 1917,Office Supplies,South,5,244.55,216
2014-09-19,AT&T CL83451 4-Handset Telephone,Technology,South,2,411.98,49
2014-09-19,Newell 314,Office Supplies,Central,2,8.93,11
2014-09-19,Acco Perma 2700 Stacking Storage Drawers,Office Supplies,Central,2,47.58,88
2014-09-19,Wilson Jones Easy Flow II Sheet Lifters,Office Supplies,West,7,10.08,208
2014-09-19,Xerox 1997,Office Supplies,South,4,25.92,187
2014-09-19,Kingston Digital DataTraveler 64GB USB 2.0,Technology,West,3,101.34,153
2014-09-19,"Adams Telephone Message Book w/Frequently-Called Numbers Space, 400 Messages per Book",Office Supplies,Central,2,15.96,237
2014-09-19,"Adams Telephone Message Book W/Dividers/Space For Phone Numbers, 5 1/4'X8 1/2', 200/Messages",Office Supplies,Central,4,22.72,111
2014-09-19,"Master Caster Door Stop, Gray",Furniture,South,4,20.32,77
2014-09-19,Xerox 203,Office Supplies,East,3,19.44,168
2014-09-19,"Post-it Important Message Note Pad, Neon Colors, 50 Sheets/Pad",Office Supplies,South,7,50.96,163
2014-09-19,Jet-Pak Recycled Peel 'N' Seal Padded Mailers,Office Supplies,Central,4,114.85,120
2014-09-19,Newell 343,Office Supplies,West,3,8.82,22
2014-09-19,Convenience Packs of Business Envelopes,Office Supplies,West,3,10.86,170
2014-09-19,Xerox 1911,Office Supplies,West,3,143.7,133
2014-09-19,Ultra Door Push Plate,Furniture,East,2,9.82,238
2014-09-20,SANFORD Major Accent Highlighters,Office Supplies,South,5,35.4,196
2014-09-20,Akro Stacking Bins,Office Supplies,West,2,12.62,170
2014-09-20,"Acco PRESSTEX Data Binder with Storage Hooks, Dark Blue, 9 1/2' X 11'",Office Supplies,East,3,4.84,24
2014-09-20,Newell 33,Office Supplies,West,3,16.74,17
2014-09-20,Peel-Off China Markers,Office Supplies,West,3,23.83,189
2014-09-20,"Advantus 10-Drawer Portable Organizer, Chrome Metal Frame, Smoke Drawers",Office Supplies,South,2,95.62,140
2014-09-20,Plastic Binding Combs,Office Supplies,West,4,18.18,42
2014-09-20,Howard Miller 14-1/2' Diameter Chrome Round Wall Clock,Furniture,West,8,409.22,77
2014-09-20,Microsoft Natural Ergonomic Keyboard 4000,Technology,West,5,149.95,27
2014-09-20,Sony Micro Vault Click 16 GB USB 2.0 Flash Drive,Technology,West,2,89.58,145
2014-09-20,Boston 16765 Mini Stand Up Battery Pencil Sharpener,Office Supplies,West,2,23.32,58
2014-09-20,O'Sullivan 4-Shelf Bookcase in Odessa Pine,Furniture,West,2,72.59,187
2014-09-20,Polycom VoiceStation 500 Conference phone,Technology,West,2,471.92,62
2014-09-20,Mophie Juice Pack Helium for iPhone,Technology,West,3,191.98,184
2014-09-20,Xerox 228,Office Supplies,East,5,32.4,91
2014-09-21,Global Troy Executive Leather Low-Back Tilter,Furniture,East,5,2254.41,178
2014-09-21,"Pressboard Covers with Storage Hooks, 9 1/2' x 11', Light Blue",Office Supplies,East,3,11.78,55
2014-09-21,Apple iPhone 5,Technology,East,2,1299.66,154
2014-09-21,"Global Leather Task Chair, Black",Furniture,East,1,80.99,159
2014-09-21,"Adams Phone Message Book, 200 Message Capacity, 8 1/16 x 11",Office Supplies,East,2,13.76,110
2014-09-21,"SimpliFile Personal File, Black Granite, 15w x 6-15/16d x 11-1/4h",Office Supplies,East,4,45.4,136
2014-09-21,"Logitech Wireless Boombox Speaker - portable - wireless, wired",Technology,East,2,212.8,231
2014-09-21,Hon Valutask Swivel Chairs,Furniture,East,3,272.65,223
2014-09-21,Hon 4070 Series Pagoda Armless Upholstered Stacking Chairs,Furniture,East,11,2888.13,211
2014-09-21,Advantus Push Pins,Office Supplies,East,2,4.36,219
2014-09-21,SanDisk Cruzer 64 GB USB Flash Drive,Technology,East,2,72.64,224
2014-09-21,Plantronics Cordless Phone Headset with In-line Volume - M214C,Technology,East,3,104.85,67
2014-09-21,"TOPS 'Important Message' Pads, Canary, 4-1/4 x 5-1/2, 50 Sheets per Pad",Office Supplies,East,9,38.52,45
2014-09-21,Logitech LS21 Speaker System - PC Multimedia - 2.1-CH - Wired,Technology,East,3,59.97,248
2014-09-22,"Adams Telephone Message Book w/Frequently-Called Numbers Space, 400 Messages per Book",Office Supplies,West,7,55.86,225
2014-09-22,Insertable Tab Indexes For Data Binders,Office Supplies,East,2,1.91,239
2014-09-22,"Tenex Personal Filing Tote With Secure Closure Lid, Black/Frost",Office Supplies,West,1,15.51,66
2014-09-22,Sony 64GB Class 10 Micro SDHC R40 Memory Card,Technology,West,2,71.98,153
2014-09-22,Logitech M510 Wireless Mouse,Technology,West,2,79.98,135
2014-09-22,Avery Durable Binders,Office Supplies,Central,7,20.16,5
2014-09-22,"Avery Trapezoid Ring Binder, 3' Capacity, Black, 1040 sheets",Office Supplies,South,1,12.29,207
2014-09-22,APC 7 Outlet Network SurgeArrest Surge Protector,Office Supplies,South,1,80.48,23
2014-09-23,ACCOHIDE Binder by Acco,Office Supplies,Central,8,33.04,175
2014-09-23,"Tenex Personal Project File with Scoop Front Design, Black",Office Supplies,East,5,67.4,230
2014-09-23,Fiskars Softgrip Scissors,Office Supplies,West,2,21.96,93
2014-09-23,Southworth 25% Cotton Linen-Finish Paper & Envelopes,Office Supplies,West,3,27.18,172
2014-09-23,AT&T CL82213,Technology,Central,3,86.97,12
2014-09-23,Clear Mylar Reinforcing Strips,Office Supplies,East,1,5.61,196
2014-09-23,WD My Passport Ultra 2TB Portable External Hard Drive,Technology,East,9,1071.0,24
2014-09-23,"Stride Job 150 Highlighters, Chisel Tip, Assorted Colors",Office Supplies,South,3,17.94,147
2014-09-23,Logitech Desktop MK120 Mouse and keyboard Combo,Technology,Central,6,98.16,117
2014-09-23,Xerox 1940,Office Supplies,Central,4,219.84,81
2014-09-23,Martin Yale Chadless Opener Electric Letter Opener,Office Supplies,East,7,4663.74,110
2014-09-23,Eldon 500 Class Desk Accessories,Furniture,East,1,12.07,81
2014-09-23,O'Sullivan 4-Shelf Bookcase in Odessa Pine,Furniture,Central,2,241.96,65
2014-09-23,Avery 511,Office Supplies,Central,9,27.72,201
2014-09-23,Staples,Office Supplies,Central,3,13.39,246
2014-09-23,Insertable Tab Post Binder Dividers,Office Supplies,Central,7,11.23,44
2014-09-23,Xerox 219,Office Supplies,South,2,12.96,113
2014-09-23,Logitech Wireless Marathon Mouse M705,Technology,East,2,79.98,174
2014-09-23,GE 30524EE4,Technology,East,2,391.98,62
2014-09-23,Ibico EB-19 Dual Function Manual Binding System,Office Supplies,South,4,691.96,75
2014-09-23,"Verbatim 25 GB 6x Blu-ray Single Layer Recordable Disc, 3/Pack",Technology,South,5,34.95,238
2014-09-23,GBC Poly Designer Binding Covers,Office Supplies,East,3,40.18,204
2014-09-24,Xerox 1899,Office Supplies,Central,2,9.25,113
2014-09-24,Xerox 1909,Office Supplies,West,8,211.04,110
2014-09-24,Microsoft Wireless Mobile Mouse 4000,Technology,South,5,199.95,248
2014-09-24,Xerox 225,Office Supplies,South,2,12.96,182
2014-09-24,Aluminum Document Frame,Furniture,West,3,29.33,202
2014-09-24,Imation Secure+ Hardware Encrypted USB 2.0 Flash Drive; 16GB,Technology,Central,4,291.96,146
2014-09-24,GuestStacker Chair with Chrome Finish Legs,Furniture,West,2,594.82,34
2014-09-24,"Atlantic Metals Mobile 5-Shelf Bookcases, Custom Colors",Furniture,West,2,180.59,230
2014-09-24,Ibico Plastic Spiral Binding Combs,Office Supplies,West,3,72.96,52
2014-09-24,"Acco PRESSTEX Data Binder with Storage Hooks, Light Blue, 9 1/2' X 11'",Office Supplies,West,6,25.82,25
2014-09-24,Belkin F8E887 USB Wired Ergonomic Keyboard,Technology,West,2,47.98,237
2014-09-24,APC 7 Outlet Network SurgeArrest Surge Protector,Office Supplies,West,2,160.96,13
2014-09-24,Belkin 8 Outlet SurgeMaster II Gold Surge Protector,Office Supplies,West,2,119.96,117
2014-09-24,Sterilite Officeware Hinged File Box,Office Supplies,West,3,31.44,44
2014-09-24,Avery Printable Repositionable Plastic Tabs,Office Supplies,West,1,6.88,171
2014-09-24,OtterBox Commuter Series Case - Samsung Galaxy S4,Technology,Central,2,39.98,215
2014-09-24,Xerox 1941,Office Supplies,South,3,251.64,232
2014-09-24,Wausau Papers Astrobrights Colored Envelopes,Office Supplies,West,3,14.35,192
2014-09-24,Xerox 217,Office Supplies,Central,4,20.74,50
2014-09-24,Euro Pro Shark Stick Mini Vacuum,Office Supplies,Central,6,73.18,170
2014-09-25,Wilson Electronics DB Pro Signal Booster,Technology,West,3,859.2,118
2014-09-25,Howard Miller 13' Diameter Pewter Finish Round Wall Clock,Furniture,East,3,103.06,213
2014-09-25,Fellowes Desktop Hanging File Manager,Office Supplies,South,3,40.29,150
2014-09-25,Array Memo Cubes,Office Supplies,West,6,31.08,183
2014-09-25,Socket Bluetooth Cordless Hand Scanner (CHS),Technology,West,3,506.28,245
2014-09-25,Wirebound Voice Message Log Book,Office Supplies,Central,3,11.42,18
2014-09-25,GuestStacker Chair with Chrome Finish Legs,Furniture,Central,2,520.46,81
2014-09-25,Apple iPhone 5,Technology,East,3,1169.69,75
2014-09-25,Wilson Jones International Size A4 Ring Binders,Office Supplies,South,3,15.57,182
2014-09-25,Acme Value Line Scissors,Office Supplies,West,2,7.3,219
2014-09-25,Avery Durable Poly Binders,Office Supplies,South,7,38.71,91
2014-09-25,Vtech CS6719,Technology,South,5,383.96,187
2014-09-25,"Verbatim 25 GB 6x Blu-ray Single Layer Recordable Disc, 1/Pack",Technology,South,3,17.88,186
2014-09-25,"Dot Matrix Printer Tape Reel Labels, White, 5000/Box",Office Supplies,South,3,235.94,32
2014-09-25,Imation Bio 2GB USB Flash Drive Imation Corp,Technology,Central,5,655.9,146
2014-09-25,Barrel Sharpener,Office Supplies,South,4,14.28,27
2014-09-25,"Tenex Personal Filing Tote With Secure Closure Lid, Black/Frost",Office Supplies,South,1,15.51,122
2014-09-25,Panasonic KX-TG9471B,Technology,East,2,391.98,179
2014-09-25,Plantronics Encore H101 Dual Earpieces Headset,Technology,South,2,89.9,125
2014-09-25,Wi-Ex zBoost YX540 Cellular Phone Signal Booster,Technology,East,3,437.85,176
2014-09-25,"Global Airflow Leather Mesh Back Chair, Black",Furniture,Central,4,603.92,36
2014-09-25,KeyTronic E03601U1 - Keyboard - Beige,Technology,Central,4,72.0,153
2014-09-25,"BIC Brite Liner Grip Highlighters, Assorted, 5/Pack",Office Supplies,South,3,12.72,98
2014-09-25,Self-Adhesive Removable Labels,Office Supplies,South,5,15.75,97
2014-09-25,12-1/2 Diameter Round Wall Clock,Furniture,West,10,199.8,126
2014-09-26,Global Ergonomic Managers Chair,Furniture,East,3,488.65,226
2014-09-26,Iris Project Case,Office Supplies,West,5,39.9,167
2014-09-26,Security-Tint Envelopes,Office Supplies,East,4,24.45,79
2014-09-26,Compact Automatic Electric Letter Opener,Office Supplies,East,2,190.9,37
2014-09-26,Newell 311,Office Supplies,East,6,10.61,76
2014-09-26,Eldon Wave Desk Accessories,Furniture,East,8,47.12,125
2014-09-26,Newell 333,Office Supplies,East,2,5.56,86
2014-09-26,Logitech 910-002974 M325 Wireless Mouse for Web Scrolling,Technology,East,5,119.96,53
2014-09-26,Steel Personal Filing/Posting Tote,Office Supplies,South,5,177.55,149
2014-09-26,ACCOHIDE Binder by Acco,Office Supplies,Central,2,8.26,15
2014-09-26,"Global Leather Task Chair, Black",Furniture,Central,3,269.97,27
2014-09-26,"Avery Address/Shipping Labels for Typewriters, 4' x 2'",Office Supplies,East,2,20.7,239
2014-09-26,Avery Metallic Poly Binders,Office Supplies,East,5,8.6,162
2014-09-27,Prang Drawing Pencil Set,Office Supplies,West,1,2.22,187
2014-09-27,Fellowes PB300 Plastic Comb Binding Machine,Office Supplies,West,3,931.18,172
2014-09-27,"Wilson Jones Hanging View Binder, White, 1'",Office Supplies,West,3,17.04,45
2014-09-27,Staples,Office Supplies,West,6,71.88,71
2014-09-27,"Office Star - Contemporary Task Swivel chair with Loop Arms, Charcoal",Furniture,South,4,419.14,235
2014-09-27,Stackable Trays,Furniture,West,3,9.24,182
2014-09-27,Xerox 1895,Office Supplies,West,6,35.88,246
2014-09-29,Xerox 220,Office Supplies,South,2,10.37,213
2014-09-29,Staples,Office Supplies,Central,1,1.74,84
2014-09-29,GBC Standard Plastic Binding Systems Combs,Office Supplies,East,1,2.66,25
2014-09-29,Longer-Life Soft White Bulbs,Furniture,West,3,9.24,231
2014-09-29,Dana Halogen Swing-Arm Architect Lamp,Furniture,West,1,32.78,84
2014-09-29,Lenovo 17-Key USB Numeric Keypad,Technology,West,2,54.38,152
2014-09-29,GBC DocuBind P50 Personal Binding Machine,Office Supplies,West,4,76.78,232
2014-09-29,Xerox 1992,Office Supplies,West,3,14.35,64
2014-09-29,"Gould Plastics 18-Pocket Panel Bin, 34w x 5-1/4d x 20-1/2h",Office Supplies,West,2,147.18,133
2014-09-29,Kensington 7 Outlet MasterPiece HOMEOFFICE Power Control Center,Office Supplies,West,2,209.79,150
2014-09-30,"Global Wood Trimmed Manager's Task Chair, Khaki",Furniture,East,1,63.69,114
2014-09-30,"Acme Hot Forged Carbon Steel Scissors with Nickel-Plated Handles, 3 7/8' Cut, 8'L",Office Supplies,West,7,97.3,63
2014-09-30,Logitech G700s Rechargeable Gaming Mouse,Technology,East,3,239.98,86
2014-09-30,Riverside Furniture Stanwyck Manor Table Series,Furniture,East,2,344.22,170
2014-09-30,Advantus Plastic Paper Clips,Office Supplies,West,7,35.0,106
2014-09-30,Xerox 227,Office Supplies,East,3,15.55,150
2014-09-30,G.E. Longer-Life Indoor Recessed Floodlight Bulbs,Furniture,East,4,21.25,95
2014-09-30,Xerox 1928,Office Supplies,East,2,8.45,157
2014-09-30,Newell 334,Office Supplies,West,5,99.2,76
2014-09-30,#10- 4 1/8' x 9 1/2' Recycled Envelopes,Office Supplies,Central,4,27.97,234
2014-09-30,Avery 499,Office Supplies,Central,2,7.97,145
2014-09-30,Carina Media Storage Towers in Natural & Black,Office Supplies,South,5,243.92,86
2014-09-30,Letter or Legal Size Expandable Poly String Tie Envelopes,Office Supplies,East,3,7.98,206
2014-09-30,"Fellowes Premier Superior Surge Suppressor, 10-Outlet, With Phone and Remote",Office Supplies,West,2,97.84,224
2014-09-30,Wasp CCD Handheld Bar Code Reader,Technology,Central,3,336.51,148
2014-09-30,Howard Miller 13-3/4' Diameter Brushed Chrome Round Wall Clock,Furniture,West,1,51.75,56
2014-09-30,Speediset Carbonless Redi-Letter 7' x 8 1/2',Office Supplies,East,5,51.55,102
2014-09-30,Binding Machine Supplies,Office Supplies,West,2,46.67,150
2014-09-30,Staples,Office Supplies,East,3,23.34,90
2014-09-30,"Leather Task Chair, Black",Furniture,West,1,72.78,44
2014-09-30,Fellowes Bankers Box Stor/Drawer Steel Plus,Office Supplies,East,2,51.17,171
2014-10-01,GBC Instant Report Kit,Office Supplies,Central,9,11.65,209
2014-10-01,Xerox 1882,Office Supplies,West,3,167.94,87
2014-10-01,Green Bar Computer Printout Paper,Office Supplies,East,3,164.88,114
2014-10-01,Razer Kraken PRO Over Ear PC and Music Headset,Technology,West,2,159.98,46
2014-10-01,"Adams Telephone Message Book W/Dividers/Space For Phone Numbers, 5 1/4'X8 1/2', 300/Messages",Office Supplies,West,2,11.76,167
2014-10-01,Self-Adhesive Address Labels for Typewriters with Dispenser Box,Office Supplies,East,7,20.66,178
2014-10-01,"Commercial WindTunnel Clean Air Upright Vacuum, Replacement Belts, Filtration Bags",Office Supplies,West,1,3.89,169
2014-10-02,Personal Creations Ink Jet Cards and Labels,Office Supplies,West,8,91.84,134
2014-10-02,Storex Dura Pro Binders,Office Supplies,West,13,61.78,49
2014-10-02,Sony 32GB Class 10 Micro SDHC R40 Memory Card,Technology,West,5,104.75,175
2014-10-02,"Belkin 325VA UPS Surge Protector, 6'",Office Supplies,West,2,241.96,83
2014-10-02,"GBC White Gloss Covers, Plain Front",Office Supplies,West,7,81.09,90
2014-10-02,Wilson Jones Easy Flow II Sheet Lifters,Office Supplies,West,1,1.44,133
2014-10-02,Design Ebony Sketching Pencil,Office Supplies,Central,6,6.67,90
2014-10-02,"Metal Folding Chairs, Beige, 4/Carton",Furniture,West,4,108.61,136
2014-10-02,Xerox 1915,Office Supplies,Central,1,104.85,244
2014-10-02,Hon Every-Day Series Multi-Task Chairs,Furniture,West,3,451.15,108
2014-10-02,Fellowes Powershred HS-440 4-Sheet High Security Shredder,Technology,East,11,1704.89,56
2014-10-02,Xerox 222,Office Supplies,West,3,19.44,30
2014-10-03,Eldon 500 Class Desk Accessories,Furniture,South,1,9.66,20
2014-10-03,"Eldon Image Series Desk Accessories, Ebony",Furniture,South,2,19.76,89
2014-10-03,i.Sound Portable Power - 8000 mAh,Technology,West,2,84.78,39
2014-10-03,"Performers Binder/Pad Holder, Black",Office Supplies,West,5,112.12,111
2014-10-03,Xerox 1907,Office Supplies,East,4,49.12,44
2014-10-03,Acco 6 Outlet Guardian Premium Plus Surge Suppressor,Office Supplies,Central,6,21.98,76
2014-10-03,Ibico Plastic Spiral Binding Combs,Office Supplies,South,3,27.36,176
2014-10-03,Berol Giant Pencil Sharpener,Office Supplies,West,7,95.14,86
2014-10-03,Ricoh - Ink Collector Unit for GX3000 Series Printers,Technology,West,11,369.16,147
2014-10-03,Dax Clear Box Frame,Furniture,West,2,17.46,100
2014-10-03,O'Sullivan 4-Shelf Bookcase in Odessa Pine,Furniture,West,6,217.76,245
2014-10-03,"GBC Standard Recycled Report Covers, Clear Plastic Sheets",Office Supplies,West,7,22.64,116
2014-10-03,Tennsco Double-Tier Lockers,Office Supplies,West,7,1575.14,91
2014-10-03,Fellowes Superior 10 Outlet Split Surge Protector,Office Supplies,Central,2,15.22,144
2014-10-03,Staples,Office Supplies,West,3,8.94,27
2014-10-03,Plantronics 81402,Technology,East,1,65.99,168
2014-10-03,Chromcraft Bull-Nose Wood Oval Conference Tables & Bases,Furniture,South,7,2314.12,193
2014-10-03,Acme Softgrip Scissors,Office Supplies,West,6,39.07,24
2014-10-03,"Master Caster Door Stop, Gray",Furniture,South,2,10.16,57
2014-10-03,Nu-Dell Leatherette Frames,Furniture,Central,11,157.74,241
2014-10-03,"Avery Hi-Liter EverBold Pen Style Fluorescent Highlighters, 4/Pack",Office Supplies,Central,7,56.98,40
2014-10-03,Avery Durable Binders,Office Supplies,Central,1,2.88,133
2014-10-03,Lock-Up Easel 'Spel-Binder',Office Supplies,South,4,34.24,74
2014-10-03,Xerox 1996,Office Supplies,South,4,20.74,248
2014-10-03,GBC Durable Plastic Covers,Office Supplies,Central,3,58.05,37
2014-10-03,"Eldon Expressions Wood Desk Accessories, Oak",Furniture,South,2,11.81,133
2014-10-04,X-Rack File for Hanging Folders,Office Supplies,East,2,22.58,172
2014-10-04,Colorific Watercolor Pencils,Office Supplies,Central,5,20.64,74
2014-10-04,Xerox 208,Office Supplies,South,3,15.55,141
2014-10-04,GBC DocuBind TL300 Electric Binding System,Office Supplies,Central,2,1793.98,65
2014-10-04,Hoover Portapower Portable Vacuum,Office Supplies,South,5,17.92,167
2014-10-04,Logitech G19 Programmable Gaming Keyboard,Technology,East,3,371.97,2
2014-10-04,"Quartet Alpha White Chalk, 12/Pack",Office Supplies,East,3,6.63,246
2014-10-04,"Lesro Sheffield Collection Coffee Table, End Table, Center Table, Corner Table",Furniture,West,3,171.29,116
2014-10-04,Magnifier Swing Arm Lamp,Furniture,East,4,83.92,98
2014-10-05,24-Hour Round Wall Clock,Furniture,East,1,19.98,224
2014-10-06,KI Adjustable-Height Table,Furniture,West,3,206.35,151
2014-10-06,"Hoover Replacement Belts For Soft Guard & Commercial Ltweight Upright Vacs, 2/Pk",Office Supplies,West,4,15.8,18
2014-10-06,"Square Credit Card Reader, 4 1/2' x 4 1/2' x 1', White",Technology,West,1,7.99,145
2014-10-06,Staples,Office Supplies,West,5,14.9,191
2014-10-06,Motorola HK250 Universal Bluetooth Headset,Technology,East,7,160.93,240
2014-10-06,Global Deluxe High-Back Office Chair in Storm,Furniture,West,4,435.17,115
2014-10-06,DAX Clear Channel Poster Frame,Furniture,West,5,72.9,124
2014-10-06,Samsung HM1900 Bluetooth Headset,Technology,East,4,87.8,87
2014-10-06,Xerox 1951,Office Supplies,West,2,61.96,236
2014-10-06,"3D Systems Cube Printer, 2nd Generation, Magenta",Technology,East,4,5199.96,34
2014-10-06,"Avery Framed View Binder, EZD Ring (Locking), Navy, 1 1/2'",Office Supplies,West,5,39.92,189
2014-10-06,"Global High-Back Leather Tilter, Burgundy",Furniture,East,2,221.38,0
2014-10-06,Tuf-Vin Binders,Office Supplies,East,3,75.79,227
2014-10-06,Avery Hole Reinforcements,Office Supplies,West,4,19.94,152
2014-10-06,Logitech MX Performance Wireless Mouse,Technology,West,2,63.82,172
2014-10-07,Space Solutions HD Industrial Steel Shelving.,Office Supplies,East,3,344.91,176
2014-10-07,Xerox 1893,Office Supplies,East,1,40.99,125
2014-10-07,"Adams Telephone Message Book W/Dividers/Space For Phone Numbers, 5 1/4'X8 1/2', 200/Messages",Office Supplies,East,3,17.04,234
2014-10-07,Logitech G430 Surround Sound Gaming Headset with Dolby 7.1 Technology,Technology,East,4,319.96,225
2014-10-07,Avery Hi-Liter Smear-Safe Highlighters,Office Supplies,West,2,9.34,88
2014-10-07,Xerox 217,Office Supplies,East,1,6.48,143
2014-10-07,Adjustable Depth Letter/Legal Cart,Office Supplies,Central,2,290.34,225
2014-10-07,Xerox 1886,Office Supplies,East,3,143.7,220
2014-10-07,Computer Printout Paper with Letter-Trim Perforations,Office Supplies,West,2,37.94,146
2014-10-07,Staples,Office Supplies,Central,2,19.15,150
2014-10-07,"Conquest 14 Commercial Heavy-Duty Upright Vacuum, Collection System, Accessory Kit",Office Supplies,West,4,227.84,210
2014-10-07,36X48 HARDFLOOR CHAIRMAT,Furniture,West,2,41.96,24
2014-10-08,"Square Credit Card Reader, 4 1/2' x 4 1/2' x 1', White",Technology,West,10,79.92,15
2014-10-08,Adjustable Depth Letter/Legal Cart,Office Supplies,South,4,580.67,181
2014-10-08,Motorola HK250 Universal Bluetooth Headset,Technology,West,7,128.74,242
2014-10-08,Logitech G19 Programmable Gaming Keyboard,Technology,West,9,1115.91,72
2014-10-08,Staples,Office Supplies,South,3,18.94,128
2014-10-08,Toshiba IPT2010-SD IP Telephone,Technology,South,2,222.38,41
2014-10-08,"Performers Binder/Pad Holder, Black",Office Supplies,South,6,50.45,146
2014-10-08,KI Adjustable-Height Table,Furniture,South,3,154.76,224
2014-10-08,O'Sullivan Manor Hill 2-Door Library in Brianna Oak,Furniture,West,2,307.67,161
2014-10-08,"SAFCO Mobile Desk Side File, Wire Frame",Office Supplies,Central,2,85.52,79
2014-10-08,Storex DuraTech Recycled Plastic Frosted Binders,Office Supplies,Central,5,4.24,235
2014-10-09,Logitech Illuminated - Keyboard,Technology,West,4,239.96,103
2014-10-09,KeyTronic E03601U1 - Keyboard - Beige,Technology,West,2,36.0,182
2014-10-09,Digium D40 VoIP phone,Technology,West,1,103.19,145
2014-10-09,Tennsco Commercial Shelving,Office Supplies,West,2,40.68,33
2014-10-09,Office Star - Ergonomically Designed Knee Chair,Furniture,East,2,145.76,88
2014-10-09,"SAFCO Mobile Desk Side File, Wire Frame",Office Supplies,East,1,42.76,124
2014-10-10,Avoid Verbal Orders Carbonless Minifold Book,Office Supplies,South,4,10.82,44
2014-10-10,"O'Sullivan Elevations Bookcase, Cherry Finish",Furniture,East,3,314.35,133
2014-10-10,"Wirebound Message Books, 2 7/8' x 5', 3 Forms per Page",Office Supplies,West,5,35.2,20
2014-10-10,Nu-Dell Leatherette Frames,Furniture,East,4,45.89,121
2014-10-10,Pressboard Data Binders by Wilson Jones,Office Supplies,East,3,12.82,69
2014-10-10,"Bevis Oval Conference Table, Walnut",Furniture,Central,5,652.45,95
2014-10-10,Hon 61000 Series Interactive Training Tables,Furniture,Central,3,66.64,104
2014-10-10,Durable Pressboard Binders,Office Supplies,East,6,18.24,47
2014-10-10,"TOPS 4 x 6 Fluorescent Color Memo Sheets, 500 Sheets per Pack",Office Supplies,East,2,18.98,234
2014-10-10,Bulldog Vacuum Base Pencil Sharpener,Office Supplies,Central,7,67.14,38
2014-10-10,Hon Every-Day Chair Series Swivel Task Chairs,Furniture,Central,3,254.06,30
2014-10-11,Hon Comfortask Task/Swivel Chairs,Furniture,Central,3,239.36,233
2014-10-13,Xerox 1993,Office Supplies,Central,2,10.37,9
2014-10-13,"Global Stack Chair without Arms, Black",Furniture,Central,14,254.6,29
2014-10-13,Chromcraft 48' x 96' Racetrack Double Pedestal Table,Furniture,East,3,673.34,248
2014-10-13,SanDisk Cruzer 64 GB USB Flash Drive,Technology,West,12,435.84,243
2014-10-13,Newell 343,Office Supplies,West,2,5.88,17
2014-10-13,Xerox 1989,Office Supplies,South,2,7.97,187
2014-10-13,Maxell 4.7GB DVD-R 5/Pack,Technology,West,1,0.99,87
2014-10-13,Canvas Sectional Post Binders,Office Supplies,West,5,101.84,243
2014-10-13,WD My Passport Ultra 2TB Portable External Hard Drive,Technology,West,5,595.0,124
2014-10-13,Logitech Wireless Touch Keyboard K400,Technology,Central,2,39.98,72
2014-10-13,Xerox 1952,Office Supplies,East,2,9.96,222
2014-10-13,"Global Adaptabilites Bookcase, Cherry/Storm Gray Finish",Furniture,East,5,2154.9,14
2014-10-13,DAX Two-Tone Silver Metal Document Frame,Furniture,East,2,40.48,3
2014-10-13,"OIC Colored Binder Clips, Assorted Sizes",Office Supplies,East,5,17.9,190
2014-10-13,GBC Twin Loop Wire Binding Elements,Office Supplies,West,3,79.87,167
2014-10-13,Imation 8gb Micro Traveldrive Usb 2.0 Flash Drive,Technology,East,3,45.0,8
2014-10-13,Plantronics CS510 - Over-the-Head monaural Wireless Headset System,Technology,Central,3,791.88,108
2014-10-13,Clarity 53712,Technology,Central,7,369.54,136
2014-10-14,"Adams Write n' Stick Phone Message Book, 11' X 5 1/4', 200 Messages",Office Supplies,East,4,18.18,153
2014-10-14,Avanti 4.4 Cu. Ft. Refrigerator,Office Supplies,East,5,904.9,131
2014-10-14,GBC VeloBinder Electric Binding Machine,Office Supplies,Central,4,96.78,208
2014-10-14,Dax Clear Box Frame,Furniture,Central,3,10.48,15
2014-10-14,Avery 52,Office Supplies,South,3,11.07,142
2014-10-14,Bretford Rectangular Conference Table Tops,Furniture,South,4,1504.52,98
2014-10-14,"Post-it Important Message Note Pad, Neon Colors, 50 Sheets/Pad",Office Supplies,East,2,11.65,120
2014-10-14,Anker Astro Mini 3000mAh Ultra-Compact Portable Charger,Technology,West,2,31.98,51
2014-10-14,Eldon Simplefile Box Office,Office Supplies,East,6,59.71,68
2014-10-14,Logitech Media Keyboard K200,Technology,West,6,209.94,246
2014-10-14,"Trav-L-File Heavy-Duty Shuttle II, Black",Office Supplies,South,8,348.56,4
2014-10-14,Fellowes PB500 Electric Punch Plastic Comb Binding Machine with Manual Bind,Office Supplies,West,5,5083.96,19
2014-10-14,Staples,Office Supplies,Central,3,63.31,78
2014-10-14,Avery 489,Office Supplies,East,3,24.84,145
2014-10-14,Xerox 231,Office Supplies,South,4,25.92,110
2014-10-15,Catalog Binders with Expanding Posts,Office Supplies,Central,1,13.46,1
2014-10-15,"GBC Twin Loop Wire Binding Elements, 9/16' Spine, Black",Office Supplies,Central,9,27.4,92
2014-10-15,"Acco PRESSTEX Data Binder with Storage Hooks, Dark Blue, 14 7/8' X 11'",Office Supplies,East,7,37.66,12
2014-10-15,C-Line Cubicle Keepers Polyproplyene Holder With Velcro Backings,Furniture,West,2,9.46,3
2014-10-15,"Verbatim 25 GB 6x Blu-ray Single Layer Recordable Disc, 10/Pack",Technology,West,4,46.36,169
2014-10-16,Bush Advantage Collection Round Conference Table,Furniture,West,3,510.24,108
2014-10-16,Avery 478,Office Supplies,West,3,14.73,73
2014-10-16,Executive Impressions 14' Two-Color Numerals Wall Clock,Furniture,West,1,22.72,188
2014-10-16,"Avery 4027 File Folder Labels for Dot Matrix Printers, 5000 Labels per Box, White",Office Supplies,West,5,152.65,94
2014-10-16,Permanent Self-Adhesive File Folder Labels for Typewriters by Universal,Office Supplies,East,5,13.05,104
2014-10-16,Avery Hi-Liter Smear-Safe Highlighters,Office Supplies,West,2,11.68,7
2014-10-16,Panasonic KP-310 Heavy-Duty Electric Pencil Sharpener,Office Supplies,West,4,87.92,66
2014-10-16,Xerox 1919,Office Supplies,West,5,204.95,239
2014-10-17,Green Bar Computer Printout Paper,Office Supplies,West,7,307.78,190
2014-10-17,Memorex Mini Travel Drive 8 GB USB 2.0 Flash Drive,Technology,South,2,18.53,109
2014-10-17,Balt Solid Wood Round Tables,Furniture,South,7,1875.26,8
2014-10-17,Executive Impressions Supervisor Wall Clock,Furniture,East,13,547.3,221
2014-10-17,Swingline SM12-08 MicroCut Jam Free Shredder,Technology,West,5,599.98,116
2014-10-17,Large Capacity Hanging Post Binders,Office Supplies,South,5,124.75,10
2014-10-18,2300 Heavy-Duty Transfer File Systems by Perma,Office Supplies,East,2,49.96,98
2014-10-18,Economy #2 Pencils,Office Supplies,West,4,10.64,228
2014-10-18,Panasonic KX-TG6844B Expandable Digital Cordless Telephone,Technology,West,1,52.79,41
2014-10-18,Xerox 1958,Office Supplies,East,2,12.96,140
2014-10-20,Boston 16801 Nautilus Battery Pencil Sharpener,Office Supplies,East,7,123.26,163
2014-10-20,Rush Hierlooms Collection Rich Wood Bookcases,Furniture,Central,3,328.4,119
2014-10-20,Staples,Office Supplies,Central,3,29.47,140
2014-10-20,QVS USB Car Charger 2-Port 2.1Amp for iPod/iPhone/iPad/iPad 2/iPad 3,Technology,Central,3,16.68,11
2014-10-20,GBC DocuBind P400 Electric Binding System,Office Supplies,South,4,1633.19,36
2014-10-20,"Lesro Round Back Collection Coffee Table, End Table",Furniture,Central,1,91.28,73
2014-10-20,Crate-A-Files,Office Supplies,East,3,32.7,247
2014-10-20,"Westinghouse Mesh Shade Clip-On Gooseneck Lamp, Black",Furniture,East,4,56.56,72
2014-10-20,"SlimView Poly Binder, 3/8'",Office Supplies,Central,2,2.07,51
2014-10-20,Anderson Hickey Conga Table Tops & Accessories,Furniture,West,2,24.37,198
2014-10-20,"Linden 10' Round Wall Clock, Black",Furniture,West,2,30.56,129
2014-10-20,Digium D40 VoIP phone,Technology,East,4,309.58,245
2014-10-20,Avery 518,Office Supplies,West,10,31.5,55
2014-10-20,Ampad #10 Peel & Seel Holiday Envelopes,Office Supplies,West,2,8.96,59
2014-10-20,"It's Hot Message Books with Stickers, 2 3/4' x 5'",Office Supplies,East,4,23.68,22
2014-10-20,JM Magazine Binder,Office Supplies,West,3,39.62,102
2014-10-21,"REDIFORM Incoming/Outgoing Call Register, 11' X 8 1/2', 100 Messages",Office Supplies,South,1,6.67,39
2014-10-21,Prang Drawing Pencil Set,Office Supplies,South,2,4.45,63
2014-10-21,Woodgrain Magazine Files by Perma,Office Supplies,South,2,4.77,230
2014-10-21,DAX Wood Document Frame.,Furniture,South,4,43.94,84
2014-10-21,Chromcraft Rectangular Conference Tables,Furniture,East,2,284.36,150
2014-10-21,Xerox 1887,Office Supplies,East,3,45.53,156
2014-10-21,Deluxe Rollaway Locking File with Drawer,Office Supplies,East,2,665.41,205
2014-10-21,Great White Multi-Use Recycled Paper (20Lb. and 84 Bright),Office Supplies,South,3,14.35,217
2014-10-21,Avery 478,Office Supplies,East,5,24.55,178
2014-10-21,Wilson Jones Four-Pocket Poly Binders,Office Supplies,West,4,20.93,196
2014-10-21,Avery 510,Office Supplies,West,1,3.75,246
2014-10-21,Binding Machine Supplies,Office Supplies,South,5,145.85,222
2014-10-21,Xerox 1884,Office Supplies,South,2,39.96,88
2014-10-21,"Eldon Spacemaker Box, Quick-Snap Lid, Clear",Office Supplies,South,4,13.36,30
2014-10-21,PayAnywhere Card Reader,Technology,South,2,15.98,177
2014-10-22,Xerox 218,Office Supplies,West,1,5.18,19
2014-10-22,Newell 33,Office Supplies,South,4,17.86,235
2014-10-22,"SlimView Poly Binder, 3/8'",Office Supplies,East,4,6.22,182
2014-10-22,"RSVP Cards & Envelopes, Blank White, 8-1/2' X 11', 24 Cards/25 Envelopes/Set",Office Supplies,East,1,4.06,208
2014-10-22,Acco 3-Hole Punch,Office Supplies,Central,5,21.9,236
2014-10-22,Bevis Boat-Shaped Conference Table,Furniture,Central,1,262.11,129
2014-10-22,Avanti 1.7 Cu. Ft. Refrigerator,Office Supplies,East,2,161.57,152
2014-10-22,Global Comet Stacking Armless Chair,Furniture,West,2,478.48,12
2014-10-22,Memorex Froggy Flash Drive 8 GB,Technology,West,2,28.4,121
2014-10-22,Belkin 8 Outlet SurgeMaster II Gold Surge Protector,Office Supplies,Central,2,23.99,102
2014-10-22,Polycom VVX 310 VoIP phone,Technology,Central,8,1439.92,219
2014-10-22,SAFCO Boltless Steel Shelving,Office Supplies,Central,8,909.12,105
2014-10-22,Mitel MiVoice 5330e IP Phone,Technology,East,2,329.99,118
2014-10-22,GBC Instant Report Kit,Office Supplies,Central,6,38.82,69
2014-10-22,Acco Perma 2700 Stacking Storage Drawers,Office Supplies,East,3,71.38,194
2014-10-22,"Eldon Expressions Desk Accessory, Wood Photo Frame, Mahogany",Furniture,South,3,45.7,185
2014-10-22,Lock-Up Easel 'Spel-Binder',Office Supplies,West,1,8.56,98
2014-10-22,Global Commerce Series High-Back Swivel/Tilt Chairs,Furniture,South,3,683.95,81
2014-10-23,Fellowes Recycled Storage Drawers,Office Supplies,Central,3,333.09,74
2014-10-23,Bevis 36 x 72 Conference Tables,Furniture,Central,2,248.98,117
2014-10-23,Canon imageCLASS 2200 Advanced Copier,Technology,East,4,11199.97,83
2014-10-23,Dixon Ticonderoga Core-Lock Colored Pencils,Office Supplies,Central,4,36.44,191
2014-10-23,Storex Flexible Poly Binders with Double Pockets,Office Supplies,West,4,3.17,68
2014-10-23,Office Star - Ergonomic Mid Back Chair with 2-Way Adjustable Arms,Furniture,West,4,579.14,210
2014-10-23,"LF Elite 3D Dazzle Designer Hard Case Cover, Lf Stylus Pen and Wiper For Apple Iphone 5c Mini Lite",Technology,East,5,32.7,213
2014-10-23,#6 3/4 Gummed Flap White Envelopes,Office Supplies,East,4,31.68,58
2014-10-23,Polycom CX600 IP Phone VoIP phone,Technology,East,8,2399.6,187
2014-10-23,KI Conference Tables,Furniture,West,5,177.22,210
2014-10-23,i.Sound Portable Power - 8000 mAh,Technology,East,1,52.99,125
2014-10-23,Globe Weis Peel & Seel First Class Envelopes,Office Supplies,East,5,63.9,110
2014-10-24,KI Adjustable-Height Table,Furniture,East,4,240.74,61
2014-10-24,Hoover Replacement Belt for Commercial Guardsman Heavy-Duty Upright Vacuum,Office Supplies,East,1,2.22,143
2014-10-24,"Wirebound Message Book, 4 per Page",Office Supplies,East,8,43.44,127
2014-10-24,Wilson SignalBoost 841262 DB PRO Amplifier Kit,Technology,South,3,863.88,215
2014-10-24,"Office Impressions End Table, 20-1/2'H x 24'W x 20'D",Furniture,East,3,637.9,104
2014-10-24,Storex Dura Pro Binders,Office Supplies,Central,3,3.56,67
2014-10-24,"Eldon 200 Class Desk Accessories, Smoke",Furniture,East,11,69.08,14
2014-10-24,Xerox 4200 Series MultiUse Premium Copy Paper (20Lb. and 84 Bright),Office Supplies,East,5,26.4,216
2014-10-24,Xerox 1969,Office Supplies,East,2,11.56,235
2014-10-24,Jabra SPEAK 410 Multidevice Speakerphone,Technology,Central,5,823.96,182
2014-10-24,Newell 320,Office Supplies,Central,3,10.27,34
2014-10-24,I Need's 3d Hello Kitty Hybrid Silicone Case Cover for HTC One X 4g with 3d Hello Kitty Stylus Pen Green/pink,Technology,East,3,35.88,182
2014-10-24,WD My Passport Ultra 1TB Portable External Hard Drive,Technology,Central,1,55.2,13
2014-10-24,"Acco Flexible ACCOHIDE Square Ring Data Binder, Dark Blue, 11 1/2' X 14' 7/8'",Office Supplies,Central,3,9.76,176
2014-10-24,Carina 42'Hx23 3/4'W Media Storage Unit,Office Supplies,Central,4,259.14,210
2014-10-24,Deflect-o DuraMat Antistatic Studded Beveled Mat for Medium Pile Carpeting,Furniture,East,2,210.68,101
2014-10-24,Advantus Rolling Storage Box,Office Supplies,Central,1,13.72,99
2014-10-24,"Eldon 400 Class Desk Accessories, Black Carbon",Furniture,East,4,35.0,6
2014-10-25,Staples,Office Supplies,South,4,11.68,29
2014-10-25,Hon 2111 Invitation Series Straight Table,Furniture,Central,5,517.4,210
2014-10-27,Logitech LS21 Speaker System - PC Multimedia - 2.1-CH - Wired,Technology,Central,1,19.99,48
2014-10-27,"Lesro Sheffield Collection Coffee Table, End Table, Center Table, Corner Table",Furniture,South,5,356.85,216
2014-10-27,"GBC Velobind Prepunched Cover Sets, Regency Series",Office Supplies,East,3,33.28,143
2014-10-27,Avery 511,Office Supplies,Central,2,6.16,110
2014-10-27,Cisco Small Business SPA 502G VoIP phone,Technology,East,1,61.54,245
2014-10-27,"Multi-Use Personal File Cart and Caster Set, Three Stacking Bins",Office Supplies,Central,2,55.62,231
2014-10-27,Avery 517,Office Supplies,East,5,14.76,178
2014-10-27,"Tyvek  Top-Opening Peel & Seel  Envelopes, Gray",Office Supplies,South,7,251.58,71
2014-10-27,"Premium Transparent Presentation Covers, No Pattern/Clear, 8 1/2' x 11'",Office Supplies,East,7,81.44,209
2014-10-27,Motorla HX550 Universal Bluetooth Headset,Technology,East,5,118.65,219
2014-10-28,Avery Hole Reinforcements,Office Supplies,South,3,5.61,79
2014-10-28,Rogers Handheld Barrel Pencil Sharpener,Office Supplies,South,3,6.58,243
2014-10-28,Xerox 1882,Office Supplies,West,1,44.78,82
2014-10-28,#6 3/4 Gummed Flap White Envelopes,Office Supplies,Central,2,15.84,41
2014-10-28,Griffin GC17055 Auxiliary Audio Cable,Technology,West,5,71.96,16
2014-10-28,Staples,Office Supplies,South,7,56.78,190
2014-10-28,Jackery Bar Premium Fast-charging Portable Charger,Technology,West,4,95.84,172
2014-10-28,Prang Colored Pencils,Office Supplies,Central,3,7.06,204
2014-10-28,Spigen Samsung Galaxy S5 Case Wallet,Technology,Central,2,27.18,6
2014-10-28,Xerox 1972,Office Supplies,Central,2,8.45,154
2014-10-28,"O'Sullivan Elevations Bookcase, Cherry Finish",Furniture,West,5,556.66,9
2014-10-28,Chromcraft Rectangular Conference Tables,Furniture,West,1,189.58,33
2014-10-29,Xerox 1936,Office Supplies,South,3,47.95,35
2014-10-29,"Gould Plastics 18-Pocket Panel Bin, 34w x 5-1/4d x 20-1/2h",Office Supplies,South,2,147.18,152
2014-10-29,Imation 8gb Micro Traveldrive Usb 2.0 Flash Drive,Technology,Central,2,24.0,5
2014-10-29,"Recycled Interoffice Envelopes with String and Button Closure, 10 x 13",Office Supplies,East,2,47.98,151
2014-10-29,Xerox 21,Office Supplies,Central,3,15.55,145
2014-10-29,"Computer Room Manger, 14'",Furniture,South,3,77.95,214
2014-10-29,Avery 519,Office Supplies,East,3,21.93,133
2014-10-29,Logitech Desktop MK120 Mouse and keyboard Combo,Technology,Central,2,26.18,28
2014-10-30,Things To Do Today Pad,Office Supplies,East,8,46.96,125
2014-10-31,Eldon Gobal File Keepers,Office Supplies,South,7,105.98,152
2014-10-31,Acme 10' Easy Grip Assistive Scissors,Office Supplies,South,2,35.06,182
2014-10-31,"DAX Metal Frame, Desktop, Stepped-Edge",Furniture,Central,2,16.19,80
2014-10-31,Global Super Steno Chair,Furniture,West,8,614.27,173
2014-10-31,Bestar Classic Bookcase,Furniture,West,2,199.98,151
2014-10-31,X-Rack File for Hanging Folders,Office Supplies,Central,6,54.19,74
2014-10-31,"Bevis Round Conference Table Top, X-Base",Furniture,Central,2,251.01,25
2014-10-31,Novimex Fabric Task Chair,Furniture,West,2,97.57,126
2014-10-31,"Metal Folding Chairs, Beige, 4/Carton",Furniture,South,1,33.94,114
2014-10-31,Eldon Shelf Savers Cubes and Bins,Office Supplies,East,2,11.17,125
2014-10-31,Cardinal Slant-D Ring Binders,Office Supplies,West,2,13.9,225
2014-10-31,Avery 500,Office Supplies,West,6,43.86,27
2014-10-31,Geemarc AmpliPOWER60,Technology,West,2,148.48,130
2014-10-31,First Data FD10 PIN Pad,Technology,East,7,442.4,74
2014-10-31,"Stacking Tray, Side-Loading, Legal, Smoke",Furniture,East,2,7.17,165
2014-10-31,Magna Visual Magnetic Picture Hangers,Furniture,West,2,9.64,188
2014-10-31,Xerox 231,Office Supplies,East,4,20.74,77
2014-10-31,Smead Alpha-Z Color-Coded Name Labels First Letter Starter Set,Office Supplies,South,8,30.0,178
2014-10-31,"'While you Were Out' Message Book, One Form per Page",Office Supplies,West,2,7.42,89
2014-10-31,"GBC Velobind Prepunched Cover Sets, Regency Series",Office Supplies,West,3,88.75,175
2014-10-31,"Global Leather Task Chair, Black",Furniture,West,1,71.99,20
2014-10-31,"Acco 7-Outlet Masterpiece Power Center, Wihtout Fax/Phone Line Protection",Office Supplies,West,14,1702.12,53
2014-10-31,4009 Highlighters by Sanford,Office Supplies,West,5,19.9,183
2014-11-01,Newell 350,Office Supplies,Central,2,5.25,102
2014-11-01,"#10 Gummed Flap White Envelopes, 100/Box",Office Supplies,Central,3,9.91,221
2014-11-01,ClearOne Communications CHAT 70 OC Speaker Phone,Technology,Central,4,508.77,58
2014-11-02,Xerox 1893,Office Supplies,East,1,40.99,71
2014-11-02,GBC Standard Plastic Binding Systems' Combs,Office Supplies,West,5,25.12,178
2014-11-02,Hon 94000 Series Round Tables,Furniture,West,9,2665.62,19
2014-11-02,Xerox 1939,Office Supplies,East,10,189.7,111
2014-11-03,Eldon Image Series Black Desk Accessories,Furniture,East,1,3.31,223
2014-11-03,Letter or Legal Size Expandable Poly String Tie Envelopes,Office Supplies,South,2,5.32,213
2014-11-03,Stanley Bostitch Contemporary Electric Pencil Sharpeners,Office Supplies,Central,4,54.34,58
2014-11-03,Staples,Office Supplies,Central,3,18.24,70
2014-11-03,"Binney & Smith Crayola Metallic Colored Pencils, 8-Color Set",Office Supplies,Central,6,27.78,136
2014-11-03,Fellowes 8 Outlet Superior Workstation Surge Protector w/o Phone/Fax/Modem Protection,Office Supplies,West,5,168.1,108
2014-11-03,Black & Decker Filter for Double Action Dustbuster Cordless Vac BLDV7210,Office Supplies,East,3,20.14,128
2014-11-03,"Wirebound Message Books, Four 2 3/4 x 5 Forms per Page, 200 Sets per Book",Office Supplies,West,5,23.85,156
2014-11-03,Newell 318,Office Supplies,South,2,5.56,190
2014-11-03,Black & Decker Filter for Double Action Dustbuster Cordless Vac BLDV7210,Office Supplies,Central,10,83.9,199
2014-11-03,Office Star Flex Back Scooter Chair with White Frame,Furniture,East,2,155.37,55
2014-11-03,Premier Automatic Letter Opener,Office Supplies,East,2,384.59,245
2014-11-03,Xerox 220,Office Supplies,West,3,19.44,195
2014-11-03,"White Business Envelopes with Contemporary Seam, Recycled White Business Envelopes",Office Supplies,West,7,76.58,34
2014-11-03,Nontoxic Chalk,Office Supplies,West,5,8.8,122
2014-11-03,Logitech diNovo Edge Keyboard,Technology,South,9,2249.91,130
2014-11-03,Wilson Electronics DB Pro Signal Booster,Technology,East,4,859.2,245
2014-11-03,Super Decoflex Portable Personal File,Office Supplies,South,4,59.92,236
2014-11-03,GBC Therma-A-Bind 250T Electric Binding System,Office Supplies,West,6,590.35,103
2014-11-03,"Super Bands, 12/Pack",Office Supplies,West,3,5.58,6
2014-11-03,Document Clip Frames,Furniture,West,3,25.02,26
2014-11-03,Space Solutions Commercial Steel Shelving,Office Supplies,West,7,452.55,0
2014-11-03,"Adams Telephone Message Book W/Dividers/Space For Phone Numbers, 5 1/4'X8 1/2', 300/Messages",Office Supplies,Central,2,11.76,218
2014-11-03,Colored Envelopes,Office Supplies,East,3,8.86,207
2014-11-03,"Hon Deluxe Fabric Upholstered Stacking Chairs, Rounded Back",Furniture,South,4,975.92,229
2014-11-04,Binder Posts,Office Supplies,West,4,18.37,198
2014-11-04,"SAFCO PlanMaster Boards, 60w x 37-1/2d, White Melamine",Furniture,West,4,486.37,171
2014-11-04,Avery 476,Office Supplies,South,3,12.39,86
2014-11-04,HP Standard 104 key PS/2 Keyboard,Technology,West,3,43.5,40
2014-11-04,Chromcraft Round Conference Tables,Furniture,West,12,1673.18,122
2014-11-04,Strathmore Photo Mount Cards,Office Supplies,South,3,16.27,74
2014-11-04,Microsoft Sculpt Comfort Mouse,Technology,West,5,199.75,41
2014-11-04,"Mead 1st Gear 2' Zipper Binder, Asst. Colors",Office Supplies,East,3,11.67,116
2014-11-04,Hunt Boston Vacuum Mount KS Pencil Sharpener,Office Supplies,South,2,55.98,160
2014-11-04,Avery Self-Adhesive Photo Pockets for Polaroid Photos,Office Supplies,South,2,4.09,177
2014-11-04,Canon Image Class D660 Copier,Technology,South,2,959.98,62
2014-11-04,Xerox 1971,Office Supplies,Central,2,8.56,227
2014-11-04,Sterilite Officeware Hinged File Box,Office Supplies,Central,5,52.4,164
2014-11-04,Avery 513,Office Supplies,Central,3,14.94,232
2014-11-04,9-3/4 Diameter Round Wall Clock,Furniture,West,3,41.37,186
2014-11-04,Xerox 1963,Office Supplies,South,5,26.4,126
2014-11-04,Telescoping Adjustable Floor Lamp,Furniture,South,1,15.99,208
2014-11-04,Xerox 1992,Office Supplies,West,6,35.88,226
2014-11-04,"Memorex 25GB 6X Branded Blu-Ray Recordable Disc, 15/Pack",Technology,East,3,40.78,175
2014-11-04,Polycom SoundPoint IP 450 VoIP phone,Technology,South,2,361.38,132
2014-11-04,Xerox 191,Office Supplies,West,7,139.86,47
2014-11-04,Global Deluxe Office Fabric Chairs,Furniture,West,4,307.14,223
2014-11-04,Xerox 1923,Office Supplies,South,2,10.69,2
2014-11-05,SanDisk Ultra 32 GB MicroSDHC Class 10 Memory Card,Technology,East,4,70.72,115
2014-11-05,Hon 5100 Series Wood Tables,Furniture,South,3,523.76,174
2014-11-05,Cubify CubeX 3D Printer Triple Head Print,Technology,South,4,7999.98,189
2014-11-05,Carina 42'Hx23 3/4'W Media Storage Unit,Office Supplies,East,3,194.35,98
2014-11-05,Motorola Moto X,Technology,South,5,1359.96,115
2014-11-05,"Binney & Smith inkTank Desk Highlighter, Chisel Tip, Yellow, 12/Box",Office Supplies,South,2,4.3,13
2014-11-05,Alphabetical Labels for Top Tab Filing,Office Supplies,Central,2,23.68,190
2014-11-05,"Adams Telephone Message Books, 5 1/4 x 11",Office Supplies,South,2,9.66,111
2014-11-05,"Eureka The Boss Plus 12-Amp Hard Box Upright Vacuum, Red",Office Supplies,South,2,167.44,60
2014-11-05,Storex Dura Pro Binders,Office Supplies,South,2,3.56,158
2014-11-05,Rogers Deluxe File Chest,Office Supplies,Central,3,52.75,94
2014-11-05,Avery 481,Office Supplies,South,2,4.93,16
2014-11-05,Wilson Jones Impact Binders,Office Supplies,Central,4,4.14,123
2014-11-05,Self-Adhesive Ring Binder Labels,Office Supplies,Central,2,1.41,23
2014-11-05,GBC Standard Plastic Binding Systems' Combs,Office Supplies,Central,6,7.54,115
2014-11-05,Logitech M510 Wireless Mouse,Technology,South,3,95.98,150
2014-11-05,iOttie XL Car Mount,Technology,South,9,143.93,81
2014-11-06,Balt Split Level Computer Training Table,Furniture,East,2,166.5,49
2014-11-06,Anker Astro 15000mAh USB Portable Charger,Technology,East,2,99.98,245
2014-11-06,Strathmore Photo Mount Cards,Office Supplies,Central,10,67.8,205
2014-11-06,Avery Recycled Flexi-View Covers for Binding Systems,Office Supplies,Central,5,16.03,241
2014-11-06,"Eaton Premium Continuous-Feed Paper, 25% Cotton, Letter Size, White, 1000 Shts/Box",Office Supplies,East,2,110.96,78
2014-11-06,"Avery Durable Slant Ring Binders, No Labels",Office Supplies,West,2,2.39,78
2014-11-06,GBC Prestige Therm-A-Bind Covers,Office Supplies,East,6,164.69,69
2014-11-06,Harbour Creations 67200 Series Stacking Chairs,Furniture,East,2,128.12,26
2014-11-06,Avery Premier Heavy-Duty Binder with Round Locking Rings,Office Supplies,East,1,11.42,14
2014-11-06,Xerox 202,Office Supplies,East,2,12.96,49
2014-11-06,Xerox 1996,Office Supplies,West,2,12.96,35
2014-11-06,Nortel Meridian M3904 Professional Digital phone,Technology,Central,4,492.77,246
2014-11-06,Enermax Aurora Lite Keyboard,Technology,East,5,390.75,7
2014-11-06,"Trav-L-File Heavy-Duty Shuttle II, Black",Office Supplies,West,7,243.99,78
2014-11-06,"Ampad Gold Fibre Wirebound Steno Books, 6' x 9', Gregg Ruled",Office Supplies,Central,1,4.41,130
2014-11-06,Staples,Office Supplies,Central,3,167.94,189
2014-11-06,"Career Cubicle Clock, 8 1/4', Black",Furniture,East,5,101.4,46
2014-11-06,NETGEAR AC1750 Dual Band Gigabit Smart WiFi Router,Technology,West,1,159.99,204
2014-11-07,Xerox 1906,Office Supplies,East,9,318.96,104
2014-11-07,Xerox 220,Office Supplies,South,6,31.1,97
2014-11-07,Avery Durable Poly Binders,Office Supplies,South,8,13.27,215
2014-11-07,Zipper Ring Binder Pockets,Office Supplies,Central,2,1.25,231
2014-11-07,"Linden 10' Round Wall Clock, Black",Furniture,Central,5,30.56,95
2014-11-07,Executive Impressions 12' Wall Clock,Furniture,South,2,28.27,188
2014-11-07,"Global Wood Trimmed Manager's Task Chair, Khaki",Furniture,East,2,127.37,159
2014-11-07,Kingston Digital DataTraveler 32GB USB 2.0,Technology,West,1,16.95,221
2014-11-07,Staples,Office Supplies,Central,1,26.38,115
2014-11-07,#10- 4 1/8' x 9 1/2' Security-Tint Envelopes,Office Supplies,West,2,15.28,240
2014-11-07,Decoflex Hanging Personal Folder File,Office Supplies,East,3,46.26,12
2014-11-07,Dax Clear Box Frame,Furniture,West,1,8.73,0
2014-11-07,Hon 5100 Series Wood Tables,Furniture,West,7,2036.86,33
2014-11-07,Xerox 191,Office Supplies,East,3,47.95,189
2014-11-07,Avery 503,Office Supplies,West,4,41.4,78
2014-11-07,SANFORD Liquid Accent Tank-Style Highlighters,Office Supplies,West,2,5.68,235
2014-11-07,Newell 339,Office Supplies,Central,5,13.9,77
2014-11-07,Carina Double Wide Media Storage Towers in Natural & Black,Office Supplies,South,4,259.14,120
2014-11-07,Hon 2090 Pillow Soft Series Mid Back Swivel/Tilt Chairs,Furniture,West,2,449.57,92
2014-11-07,"SimpliFile Personal File, Black Granite, 15w x 6-15/16d x 11-1/4h",Office Supplies,Central,2,18.16,97
2014-11-07,1.7 Cubic Foot Compact 'Cube' Office Refrigerators,Office Supplies,South,3,499.58,81
2014-11-07,Xerox 1987,Office Supplies,South,1,5.78,245
2014-11-07,Flexible Leather- Look Classic Collection Ring Binder,Office Supplies,West,1,5.68,198
2014-11-07,Xerox 191,Office Supplies,West,3,59.94,220
2014-11-07,Astroparche Fine Business Paper,Office Supplies,West,5,26.4,246
2014-11-07,Staples,Office Supplies,West,4,45.36,158
2014-11-07,SanDisk Cruzer 64 GB USB Flash Drive,Technology,West,3,108.96,191
2014-11-08,Holmes Odor Grabber,Office Supplies,East,7,100.94,152
2014-11-08,Avery Self-Adhesive Photo Pockets for Polaroid Photos,Office Supplies,West,4,21.79,37
2014-11-08,Jabra Supreme Plus Driver Edition Headset,Technology,East,5,359.97,13
2014-11-08,Storex DuraTech Recycled Plastic Frosted Binders,Office Supplies,Central,9,38.16,135
2014-11-08,Plantronics Audio 995 Wireless Stereo Headset,Technology,West,4,439.8,90
2014-11-08,Anker Ultra-Slim Mini Bluetooth 3.0 Wireless Keyboard,Technology,West,3,59.97,53
2014-11-08,Bevis Rectangular Conference Tables,Furniture,East,4,350.35,129
2014-11-08,Maxell CD-R Discs,Technology,East,4,7.88,208
2014-11-08,Global Highback Leather Tilter in Burgundy,Furniture,East,3,272.97,100
2014-11-08,"Plantronics CS 50-USB - headset - Convertible, Monaural",Technology,West,7,761.54,205
2014-11-09,Howard Miller Distant Time Traveler Alarm Clock,Furniture,East,10,274.2,88
2014-11-09,Panasonic KP-310 Heavy-Duty Electric Pencil Sharpener,Office Supplies,East,5,109.9,55
2014-11-10,Adjustable Depth Letter/Legal Cart,Office Supplies,East,9,1633.14,93
2014-11-10,Adjustable Depth Letter/Legal Cart,Office Supplies,East,3,544.38,92
2014-11-10,Eldon Wave Desk Accessories,Furniture,West,8,47.12,83
2014-11-10,"Global Leather Task Chair, Black",Furniture,West,3,215.98,84
2014-11-10,Maxell iVDR EX 500GB Cartridge,Technology,East,3,826.62,188
2014-11-10,Wilson Jones Turn Tabs Binder Tool for Ring Binders,Office Supplies,East,2,9.64,244
2014-11-10,Logitech G602 Wireless Gaming Mouse,Technology,South,3,191.98,21
2014-11-10,Razer Kraken 7.1 Surround Sound Over Ear USB Gaming Headset,Technology,West,1,99.99,34
2014-11-10,"Safco Wire Cube Shelving System, For Use as 4 or 5 14' Cubes, Black",Office Supplies,West,2,63.56,228
2014-11-10,9-3/4 Diameter Round Wall Clock,Furniture,East,7,96.53,15
2014-11-10,"Lifetime Advantage Folding Chairs, 4/Carton",Furniture,West,3,523.39,49
2014-11-10,Motorola L703CM,Technology,South,4,499.17,121
2014-11-11,"Eureka The Boss Lite 10-Amp Upright Vacuum, Blue",Office Supplies,West,5,400.8,127
2014-11-11,GBC Imprintable Covers,Office Supplies,West,3,26.35,112
2014-11-11,"Global Leather & Oak Executive Chair, Burgundy",Furniture,West,2,241.42,170
2014-11-11,Cardinal EasyOpen D-Ring Binders,Office Supplies,West,14,38.39,16
2014-11-11,Memorex Mini Travel Drive 16 GB USB 2.0 Flash Drive,Technology,West,7,111.79,79
2014-11-11,DYMO CardScan Personal V9 Business Card Scanner,Technology,West,2,95.99,185
2014-11-11,GBC VeloBinder Strips,Office Supplies,South,5,11.52,246
2014-11-11,Adtran 1202752G1,Technology,West,2,201.58,129
2014-11-11,Case Logic 2.4GHz Wireless Keyboard,Technology,West,6,239.95,131
2014-11-11,Aastra 6757i CT Wireless VoIP phone,Technology,East,2,430.88,84
2014-11-11,Fellowes PB300 Plastic Comb Binding Machine,Office Supplies,East,3,931.18,166
2014-11-11,12 Colored Short Pencils,Office Supplies,West,3,7.8,225
2014-11-11,GBC VeloBinder Manual Binding System,Office Supplies,West,1,28.79,93
2014-11-11,Tenex Antistatic Computer Chair Mats,Furniture,Central,5,341.96,133
2014-11-11,Hon 2090 Pillow Soft Series Mid Back Swivel/Tilt Chairs,Furniture,West,4,899.14,80
2014-11-12,Acme Titanium Bonded Scissors,Office Supplies,Central,3,25.5,230
2014-11-12,Hoover Upright Vacuum With Dirt Cup,Office Supplies,South,5,1158.12,216
2014-11-12,Xerox 222,Office Supplies,East,2,10.37,68
2014-11-12,Executive Impressions 14' Contract Wall Clock,Furniture,South,5,88.92,68
2014-11-12,Ibico Plastic Spiral Binding Combs,Office Supplies,West,5,121.6,147
2014-11-12,Permanent Self-Adhesive File Folder Labels for Typewriters by Universal,Office Supplies,Central,5,10.44,191
2014-11-12,Xerox 201,Office Supplies,West,3,19.44,15
2014-11-12,Belkin OmniView SE Rackmount Kit,Office Supplies,East,1,35.48,50
2014-11-12,Deluxe Heavy-Duty Vinyl Round Ring Binder,Office Supplies,Central,4,18.34,104
2014-11-12,OtterBox Commuter Series Case - iPhone 5 & 5s,Technology,Central,2,35.18,164
2014-11-12,Belkin 6 Outlet Metallic Surge Strip,Office Supplies,West,1,10.89,231
2014-11-12,"Vinyl Coated Wire Paper Clips in Organizer Box, 800/Box",Office Supplies,Central,4,45.92,200
2014-11-12,Boston 1799 Powerhouse Electric Pencil Sharpener,Office Supplies,Central,7,181.86,196
2014-11-12,Prestige Round Ring Binders,Office Supplies,Central,3,18.24,169
2014-11-12,Dax Clear Box Frame,Furniture,West,4,34.92,184
2014-11-13,"Eldon Expressions Desk Accessory, Wood Photo Frame, Mahogany",Furniture,Central,3,22.85,65
2014-11-13,"SAFCO Commercial Wire Shelving, Black",Office Supplies,East,2,221.02,8
2014-11-13,"Tenex V2T-RE Standard Weight Series Chair Mat, 45' x 53', Lip 25' x 12'",Furniture,West,2,113.57,106
2014-11-13,"Verbatim 25 GB 6x Blu-ray Single Layer Recordable Disc, 10/Pack",Technology,East,2,18.54,99
2014-11-13,Jabra SPEAK 410 Multidevice Speakerphone,Technology,East,3,370.78,85
2014-11-13,Acme Forged Steel Scissors with Black Enamel Handles,Office Supplies,West,3,27.93,63
2014-11-13,Avery 483,Office Supplies,West,2,9.96,213
2014-11-13,Acco 3-Hole Punch,Office Supplies,West,4,14.02,21
2014-11-13,Cush Cases Heavy Duty Rugged Cover Case for Samsung Galaxy S5 - Purple,Technology,West,2,7.92,161
2014-11-13,Fellowes Superior 10 Outlet Split Surge Protector,Office Supplies,West,2,76.12,182
2014-11-13,Staples,Office Supplies,West,3,18.24,156
2014-11-13,Xerox 1968,Office Supplies,South,5,26.72,165
2014-11-13,"Avery Durable Slant Ring Binders, No Labels",Office Supplies,East,5,15.92,109
2014-11-13,Xerox 1899,Office Supplies,West,2,11.56,96
2014-11-13,Strathmore Photo Mount Cards,Office Supplies,East,2,10.85,17
2014-11-13,Samsung Galaxy Mega 6.3,Technology,West,2,671.98,70
2014-11-13,Xerox 1978,Office Supplies,West,5,23.12,192
2014-11-13,Surelock Post Binders,Office Supplies,Central,5,30.56,126
2014-11-13,Fellowes Neat Ideas Storage Cubes,Office Supplies,Central,3,77.95,96
2014-11-13,Panasonic KX TS3282W Corded phone,Technology,Central,1,67.99,0
2014-11-13,#10- 4 1/8' x 9 1/2' Security-Tint Envelopes,Office Supplies,Central,2,12.22,215
2014-11-13,Tennsco Double-Tier Lockers,Office Supplies,Central,3,540.05,131
2014-11-13,Maxell LTO Ultrium - 800 GB,Technology,Central,2,44.78,3
2014-11-13,Memorex Micro Travel Drive 8 GB,Technology,West,4,41.6,124
2014-11-13,"Dixon Ticonderoga Maple Cedar Pencil, #2",Office Supplies,West,3,9.21,81
2014-11-13,Xerox 4200 Series MultiUse Premium Copy Paper (20Lb. and 84 Bright),Office Supplies,West,2,10.56,26
2014-11-13,Xerox 197,Office Supplies,Central,9,223.06,170
2014-11-13,"Wirebound Message Books, 5-1/2 x 4 Forms, 2 or 4 Forms per Page",Office Supplies,Central,3,16.06,58
2014-11-13,Harbour Creations 67200 Series Stacking Chairs,Furniture,West,2,113.89,31
2014-11-13,SanDisk Ultra 16 GB MicroSDHC Class 10 Memory Card,Technology,West,6,62.35,160
2014-11-14,Accohide Poly Flexible Ring Binders,Office Supplies,East,10,11.22,27
2014-11-14,DIXON Oriole Pencils,Office Supplies,South,1,2.06,105
2014-11-14,Eldon ProFile File 'N Store Portable File Tub Letter/Legal Size Black,Office Supplies,Central,4,61.79,104
2014-11-14,Samsung Replacement EH64AVFWE Premium Headset,Technology,West,5,22.0,182
2014-11-14,Nokia Lumia 925,Technology,East,5,629.95,227
2014-11-14,Global Troy Executive Leather Low-Back Tilter,Furniture,West,6,2404.7,187
2014-11-14,GBC DocuBind P50 Personal Binding Machine,Office Supplies,West,11,563.02,69
2014-11-14,Space Solutions HD Industrial Steel Shelving.,Office Supplies,West,3,344.91,61
2014-11-14,Tennsco Double-Tier Lockers,Office Supplies,South,4,720.06,207
2014-11-14,Hoover Commercial Soft Guard Upright Vacuum And Disposable Filtration Bags,Office Supplies,Central,6,9.32,33
2014-11-14,Kensington K72356US Mouse-in-a-Box USB Desktop Mouse,Technology,West,5,82.95,86
2014-11-14,Avery File Folder Labels,Office Supplies,West,3,8.64,113
2014-11-14,"LF Elite 3D Dazzle Designer Hard Case Cover, Lf Stylus Pen and Wiper For Apple Iphone 5c Mini Lite",Technology,East,4,43.6,105
2014-11-14,"Deflect-o EconoMat Nonstudded, No Bevel Mat",Furniture,East,3,154.95,215
2014-11-14,Epson TM-T88V Direct Thermal Printer - Monochrome - Desktop,Technology,East,7,653.0,55
2014-11-14,SanDisk Cruzer 32 GB USB Flash Drive,Technology,East,4,60.86,112
2014-11-14,KeyTronic 6101 Series - Keyboard - Black,Technology,East,4,163.96,12
2014-11-14,"Personal Folder Holder, Ebony",Office Supplies,East,1,11.21,183
2014-11-14,Safco Industrial Wire Shelving,Office Supplies,Central,3,230.38,17
2014-11-14,Anker Ultrathin Bluetooth Wireless Keyboard Aluminum Cover with Stand ,Technology,South,8,239.92,181
2014-11-14,"Bush Westfield Collection Bookcases, Fully Assembled",Furniture,Central,3,206.0,204
2014-11-14,"'While you Were Out' Message Book, One Form per Page",Office Supplies,South,3,8.9,112
2014-11-15,"Letter/Legal File Tote with Clear Snap-On Lid, Black Granite",Office Supplies,East,6,96.36,228
2014-11-15,"Boston Electric Pencil Sharpener, Model 1818, Charcoal Black",Office Supplies,Central,2,45.04,170
2014-11-15,Security-Tint Envelopes,Office Supplies,Central,2,15.28,38
2014-11-15,"Global Leather Highback Executive Chair with Pneumatic Height Adjustment, Black",Furniture,West,2,321.57,188
2014-11-15,3M Organizer Strips,Office Supplies,East,2,8.64,169
2014-11-15,V7 USB Numeric Keypad,Technology,Central,6,167.95,208
2014-11-15,Wilson Jones Legal Size Ring Binders,Office Supplies,Central,5,21.99,78
2014-11-15,PureGear Roll-On Screen Protector,Technology,East,10,119.94,145
2014-11-15,Newell 347,Office Supplies,West,8,34.24,150
2014-11-15,Prestige Round Ring Binders,Office Supplies,East,2,3.65,181
2014-11-16,"Tenex 46' x 60' Computer Anti-Static Chairmat, Rectangular Shaped",Furniture,South,4,339.14,242
2014-11-16,Howard Miller 13-1/2' Diameter Rosebrook Wall Clock,Furniture,South,4,220.06,29
2014-11-17,Tennsco Regal Shelving Units,Office Supplies,West,8,811.28,249
2014-11-17,Prestige Round Ring Binders,Office Supplies,East,1,1.82,97
2014-11-17,Plantronics Encore H101 Dual Earpieces Headset,Technology,West,3,107.88,57
2014-11-17,Tops Green Bar Computer Printout Paper,Office Supplies,East,3,146.82,195
2014-11-17,Panasonic KP-380BK Classic Electric Pencil Sharpener,Office Supplies,East,3,86.35,66
2014-11-17,Hewlett Packard 610 Color Digital Copier / Printer,Technology,East,3,899.98,70
2014-11-17,Tenex 'The Solids' Textured Chair Mats,Furniture,West,2,139.92,247
2014-11-17,Hewlett-Packard 300S Scientific Calculator,Technology,East,4,52.44,145
2014-11-17,Eldon Shelf Savers Cubes and Bins,Office Supplies,West,7,48.86,105
2014-11-17,Fellowes Bases and Tops For Staxonsteel/High-Stak Systems,Office Supplies,West,1,33.29,6
2014-11-17,DAX Cubicle Frames - 8x10,Furniture,West,3,17.31,39
2014-11-17,iOttie HLCRIO102 Car Mount,Technology,East,6,119.94,69
2014-11-17,Newell 328,Office Supplies,West,4,23.36,213
2014-11-17,Eldon Radial Chair Mat for Low to Medium Pile Carpets,Furniture,West,3,119.94,249
2014-11-17,Eldon Image Series Black Desk Accessories,Furniture,West,3,12.42,192
2014-11-17,Xerox 1933,Office Supplies,West,6,73.68,67
2014-11-17,Bady BDG101FRU Card Printer,Technology,West,3,1919.98,237
2014-11-17,Logitech Media Keyboard K200,Technology,East,5,139.96,48
2014-11-18,"Cardinal Slant-D Ring Binder, Heavy Gauge Vinyl",Office Supplies,West,2,13.9,51
2014-11-18,"Wirebound Message Forms, Four 2 3/4 x 5 Forms per Page, Pink Paper",Office Supplies,West,3,19.61,113
2014-11-18,"Angle-D Binders with Locking Rings, Label Holders",Office Supplies,East,6,43.8,106
2014-11-18,Plantronics S12 Corded Telephone Headset System,Technology,South,5,431.16,28
2014-11-18,Stanley Bostitch Contemporary Electric Pencil Sharpeners,Office Supplies,East,3,50.94,148
2014-11-18,Logitech G430 Surround Sound Gaming Headset with Dolby 7.1 Technology,Technology,South,1,79.99,217
2014-11-18,Panasonic KX - TS880B Telephone,Technology,South,5,206.1,77
2014-11-18,Bionaire 99.97% HEPA Air Cleaner,Office Supplies,South,2,35.04,8
2014-11-18,Avery Reinforcements for Hole-Punch Pages,Office Supplies,West,7,4.16,174
2014-11-18,Xerox 1938,Office Supplies,South,7,268.24,75
2014-11-18,Logitech Illuminated - Keyboard,Technology,Central,5,239.96,41
2014-11-18,Canon imageCLASS 2200 Advanced Copier,Technology,East,3,10499.97,178
2014-11-18,Deluxe Rollaway Locking File with Drawer,Office Supplies,East,3,1247.64,183
2014-11-18,Xerox 1905,Office Supplies,East,6,38.88,178
2014-11-18,Howard Miller 13' Diameter Goldtone Round Wall Clock,Furniture,East,4,187.76,197
2014-11-18,"Atlantic Metals Mobile 2-Shelf Bookcases, Custom Colors",Furniture,Central,2,327.73,127
2014-11-19,Global Highback Leather Tilter in Burgundy,Furniture,Central,2,127.39,19
2014-11-19,Tennsco Commercial Shelving,Office Supplies,South,5,81.36,215
2014-11-19,"Peel & Seel Recycled Catalog Envelopes, Brown",Office Supplies,Central,6,55.58,154
2014-11-19,Eldon Portable Mobile Manager,Office Supplies,West,6,169.68,165
2014-11-19,Imation 16GB Mini TravelDrive USB 2.0 Flash Drive,Technology,West,4,132.52,71
2014-11-19,Binder Clips by OIC,Office Supplies,West,2,2.96,64
2014-11-19,BIC Liqua Brite Liner,Office Supplies,East,7,38.86,181
2014-11-19,Wilson Jones 1' Hanging DublLock Ring Binders,Office Supplies,West,2,8.45,240
2014-11-19,"Decoflex Hanging Personal Folder File, Blue",Office Supplies,Central,6,92.52,112
2014-11-19,"C-Line Magnetic Cubicle Keepers, Clear Polypropylene",Furniture,Central,4,19.76,23
2014-11-19,"Companion Letter/Legal File, Black",Office Supplies,Central,1,37.76,127
2014-11-19,"Belkin SportFit Armband For iPhone 5s/5c, Fuchsia",Technology,East,5,74.95,174
2014-11-19,"GE General Purpose, Extra Long Life, Showcase & Floodlight Incandescent Bulbs",Furniture,Central,2,5.82,198
2014-11-19,Fellowes Bankers Box Stor/Drawer Steel Plus,Office Supplies,West,3,95.94,82
2014-11-19,Xerox 211,Office Supplies,South,8,41.47,213
2014-11-19,Xerox 221,Office Supplies,South,4,20.74,62
2014-11-19,Xerox 194,Office Supplies,South,1,44.38,184
2014-11-19,Staples,Office Supplies,South,1,2.94,182
2014-11-19,Ibico Plastic and Wire Spiral Binding Combs,Office Supplies,South,8,20.23,59
2014-11-19,Avery 487,Office Supplies,Central,2,7.38,98
2014-11-19,"Acco 7-Outlet Masterpiece Power Center, Wihtout Fax/Phone Line Protection",Office Supplies,South,4,389.06,61
2014-11-20,Hoover Shoulder Vac Commercial Portable Vacuum,Office Supplies,East,7,2504.74,29
2014-11-20,"Acco Data Flex Cable Posts For Top & Bottom Load Binders, 6' Capacity",Office Supplies,East,7,58.41,220
2014-11-20,Peel-Off China Markers,Office Supplies,Central,4,31.78,21
2014-11-20,"Bush Andora Conference Table, Maple/Graphite Gray Finish",Furniture,Central,6,718.12,202
2014-11-20,BPI Conference Tables,Furniture,Central,3,219.08,211
2014-11-20,Staples,Office Supplies,East,3,16.74,125
2014-11-20,Telescoping Adjustable Floor Lamp,Furniture,Central,2,15.99,156
2014-11-20,"Boston School Pro Electric Pencil Sharpener, 1670",Office Supplies,Central,4,99.14,242
2014-11-20,Acme Elite Stainless Steel Scissors,Office Supplies,Central,1,6.67,168
2014-11-20,Xerox 1901,Office Supplies,Central,4,16.9,41
2014-11-20,Hon 61000 Series Interactive Training Tables,Furniture,East,3,79.97,97
2014-11-20,Avery Printable Repositionable Plastic Tabs,Office Supplies,East,6,41.28,192
2014-11-20,Executive Impressions 13-1/2' Indoor/Outdoor Wall Clock,Furniture,West,1,18.7,30
2014-11-20,"Global Wood Trimmed Manager's Task Chair, Khaki",Furniture,Central,3,191.06,157
2014-11-20,OIC Binder Clips,Office Supplies,South,7,25.06,111
2014-11-20,Newell 349,Office Supplies,South,7,22.96,145
2014-11-20,Xerox 1898,Office Supplies,East,2,13.36,246
2014-11-20,"File Shuttle II and Handi-File, Black",Office Supplies,West,9,305.01,121
2014-11-20,Square Credit Card Reader,Technology,West,4,31.97,16
2014-11-20,"3M Polarizing Task Lamp with Clamp Arm, Light Gray",Furniture,South,6,821.88,37
2014-11-20,GBC Imprintable Covers,Office Supplies,South,2,21.96,141
2014-11-20,"Avery Hi-Liter GlideStik Fluorescent Highlighter, Yellow Ink",Office Supplies,Central,5,13.04,214
2014-11-20,"Lifetime Advantage Folding Chairs, 4/Carton",Furniture,Central,2,305.31,216
2014-11-20,Office Star Flex Back Scooter Chair with White Frame,Furniture,Central,3,233.06,206
2014-11-20,Fellowes PB500 Electric Punch Plastic Comb Binding Machine with Manual Bind,Office Supplies,Central,6,1525.19,109
2014-11-20,Lock-Up Easel 'Spel-Binder',Office Supplies,East,7,59.91,183
2014-11-21,"Sauder Camden County Collection Libraries, Planked Cherry Finish",Furniture,East,2,183.97,21
2014-11-21,"GBC Prepunched Paper, 19-Hole, for Binding Systems, 24-lb",Office Supplies,West,7,84.06,194
2014-11-21,Coloredge Poster Frame,Furniture,West,3,42.6,55
2014-11-21,Xerox 1968,Office Supplies,East,7,46.76,118
2014-11-21,Tensor Brushed Steel Torchiere Floor Lamp,Furniture,East,3,50.97,146
2014-11-21,Apple iPhone 5S,Technology,East,1,569.99,56
2014-11-21,Novimex High-Tech Fabric Mesh Task Chair,Furniture,West,5,283.92,171
2014-11-21,Boston KS Multi-Size Manual Pencil Sharpener,Office Supplies,East,3,68.97,225
2014-11-21,Office Star - Mesh Screen back chair with Vinyl seat,Furniture,South,2,209.57,34
2014-11-21,"Sanford Uni-Blazer View Highlighters, Chisel Tip, Yellow",Office Supplies,Central,10,22.0,113
2014-11-21,"Floodlight Indoor Halogen Bulbs, 1 Bulb per Pack, 60 Watts",Furniture,East,5,77.6,124
2014-11-21,Newell 336,Office Supplies,South,7,23.97,128
2014-11-21,Staples,Office Supplies,South,3,28.73,51
2014-11-21,Maxell 4.7GB DVD+R 5/Pack,Technology,East,3,2.97,84
2014-11-21,Samsung Galaxy Mega 6.3,Technology,East,3,1259.97,220
2014-11-21,"GE General Purpose, Extra Long Life, Showcase & Floodlight Incandescent Bulbs",Furniture,East,2,4.66,197
2014-11-21,9-3/4 Diameter Round Wall Clock,Furniture,South,2,27.58,164
2014-11-22,"3D Systems Cube Printer, 2nd Generation, White",Technology,West,1,1039.99,64
2014-11-22,Vinyl Sectional Post Binders,Office Supplies,West,5,150.8,178
2014-11-22,Xerox 209,Office Supplies,West,8,51.84,128
2014-11-22,Mitel MiVoice 5330e IP Phone,Technology,West,3,659.98,218
2014-11-22,Motorola HK250 Universal Bluetooth Headset,Technology,Central,3,55.18,20
2014-11-22,Safco Drafting Table,Furniture,West,1,70.98,180
2014-11-22,Canvas Sectional Post Binders,Office Supplies,West,2,40.74,15
2014-11-22,"Acco Six-Outlet Power Strip, 4' Cord Length",Office Supplies,West,1,8.62,235
2014-11-22,Howard Miller Distant Time Traveler Alarm Clock,Furniture,East,1,27.42,122
2014-11-22,Advantus T-Pin Paper Clips,Office Supplies,West,2,9.02,60
2014-11-22,Newell 344,Office Supplies,West,2,5.56,53
2014-11-22,Eldon Portable Mobile Manager,Office Supplies,West,2,56.56,167
2014-11-22,Xerox 1972,Office Supplies,East,2,8.45,25
2014-11-22,Newell 332,Office Supplies,West,4,11.76,79
2014-11-22,Recycled Eldon Regeneration Jumbo File,Office Supplies,East,4,39.3,219
2014-11-23,Newell 314,Office Supplies,Central,8,35.71,64
2014-11-24,Panasonic KX TS208W Corded phone,Technology,Central,5,195.96,99
2014-11-24,GBC VeloBinder Manual Binding System,Office Supplies,Central,8,287.92,73
2014-11-24,Xerox 22,Office Supplies,Central,7,36.29,191
2014-11-24,Coloredge Poster Frame,Furniture,Central,2,28.4,170
2014-11-24,Staples,Office Supplies,Central,2,4.36,16
2014-11-24,Newell Chalk Holder,Office Supplies,South,1,3.3,120
2014-11-24,Xerox 1942,Office Supplies,Central,2,78.3,186
2014-11-24,"Lesro Round Back Collection Coffee Table, End Table",Furniture,Central,1,127.78,22
2014-11-24,OIC Stacking Trays,Furniture,East,9,24.05,134
2014-11-24,Aluminum Screw Posts,Office Supplies,Central,2,6.1,171
2014-11-24,Toshiba IPT2010-SD IP Telephone,Technology,Central,2,222.38,180
2014-11-24,Avery File Folder Labels,Office Supplies,Central,5,11.52,70
2014-11-24,Xerox 1959,Office Supplies,Central,2,10.69,107
2014-11-24,GBC Standard Therm-A-Bind Covers,Office Supplies,East,1,7.48,78
2014-11-24,Contemporary Wood/Metal Frame,Furniture,Central,1,6.46,161
2014-11-24,Memorex Mini Travel Drive 8 GB USB 2.0 Flash Drive,Technology,South,8,74.11,45
2014-11-24,Speck Products Candyshell Flip Case,Technology,South,1,27.99,236
2014-11-25,"Crayola Anti Dust Chalk, 12/Pack",Office Supplies,East,9,16.38,195
2014-11-25,Advantus T-Pin Paper Clips,Office Supplies,Central,3,10.82,205
2014-11-25,Blue Parrot B250XT Professional Grade Wireless Bluetooth Headset with,Technology,East,2,89.99,77
2014-11-25,Xerox 1919,Office Supplies,East,7,229.54,15
2014-11-25,"Mead 1st Gear 2' Zipper Binder, Asst. Colors",Office Supplies,South,3,11.67,70
2014-11-25,GBC Recycled Grain Textured Covers,Office Supplies,West,2,20.72,95
2014-11-25,"Holmes Replacement Filter for HEPA Air Cleaner, Very Large Room, HEPA Filter",Office Supplies,Central,1,13.76,146
2014-11-25,Xerox 214,Office Supplies,East,2,12.96,1
2014-11-25,"Hon Practical Foundations 30 x 60 Training Table, Light Gray/Charcoal",Furniture,West,2,364.08,9
2014-11-25,Iceberg Mobile Mega Data/Printer Cart ,Office Supplies,South,12,1443.96,177
2014-11-25,Global Ergonomic Managers Chair,Furniture,East,6,977.29,124
2014-11-25,"Adams Telephone Message Book W/Dividers/Space For Phone Numbers, 5 1/4'X8 1/2', 300/Messages",Office Supplies,East,1,5.88,80
2014-11-25,Avery Durable Binders,Office Supplies,South,1,2.88,228
2014-11-25,Hon 61000 Series Interactive Training Tables,Furniture,West,2,71.09,139
2014-11-25,Motorla HX550 Universal Bluetooth Headset,Technology,South,2,79.1,69
2014-11-25,"Wilson Jones Ledger-Size, Piano-Hinge Binder, 2', Blue",Office Supplies,South,8,327.84,149
2014-11-25,"Peel & Seel Recycled Catalog Envelopes, Brown",Office Supplies,South,7,64.85,31
2014-11-25,Fellowes Bases and Tops For Staxonsteel/High-Stak Systems,Office Supplies,Central,1,33.29,104
2014-11-25,Fellowes Bankers Box Staxonsteel Drawer File/Stacking System,Office Supplies,West,8,415.87,83
2014-11-25,O'Sullivan Plantations 2-Door Library in Landvery Oak,Furniture,East,2,321.57,128
2014-11-25,Ames Color-File Green Diamond Border X-ray Mailers,Office Supplies,East,2,167.96,181
2014-11-25,"Southworth 100% Résumé Paper, 24lb.",Office Supplies,West,1,7.78,238
2014-11-25,Avery Durable Slant Ring Binders,Office Supplies,South,8,19.01,244
2014-11-25,Memorex Mini Travel Drive 16 GB USB 2.0 Flash Drive,Technology,West,14,223.58,57
2014-11-25,BIC Liqua Brite Liner,Office Supplies,West,4,27.76,197
2014-11-26,"Wirebound Message Book, 4 per Page",Office Supplies,South,9,48.87,210
2014-11-26,Fellowes Command Center 5-outlet power strip,Office Supplies,Central,5,67.84,145
2014-11-26,Blue Parrot B250XT Professional Grade Wireless Bluetooth Headset with,Technology,Central,5,299.96,133
2014-11-26,DIXON Oriole Pencils,Office Supplies,West,2,5.16,44
2014-11-26,PayAnywhere Card Reader,Technology,West,5,39.96,96
2014-11-26,O'Sullivan Manor Hill 2-Door Library in Brianna Oak,Furniture,South,5,723.92,22
2014-11-26,"Adams Telephone Message Book W/Dividers/Space For Phone Numbers, 5 1/4'X8 1/2', 200/Messages",Office Supplies,West,6,34.08,22
2014-11-26,Hon Deluxe Fabric Upholstered Stacking Chairs,Furniture,Central,5,853.93,153
2014-11-26,Office Impressions Heavy Duty Welded Shelving & Multimedia Storage Drawers,Office Supplies,Central,3,501.81,204
2014-11-26,"Sauder Forest Hills Library, Woodland Oak Finish",Furniture,West,3,359.5,134
2014-11-26,Office Star - Professional Matrix Back Chair with 2-to-1 Synchro Tilt and Mesh Fabric Seat,Furniture,South,2,701.96,78
2014-11-26,Avery Hi-Liter Smear-Safe Highlighters,Office Supplies,Central,4,18.69,43
2014-11-26,Sterilite Officeware Hinged File Box,Office Supplies,West,1,10.48,26
2014-11-27,Fellowes Superior 10 Outlet Split Surge Protector,Office Supplies,East,7,213.14,25
2014-11-27,KI Adjustable-Height Table,Furniture,Central,3,257.94,96
2014-11-27,Innergie mMini Combo Duo USB Travel Charging Kit,Technology,Central,2,89.98,206
2014-11-27,SAFCO Arco Folding Chair,Furniture,Central,3,828.6,35
2014-11-27,Samsung Galaxy S4 Mini,Technology,Central,4,1879.96,108
2014-11-27,DAX Wood Document Frame,Furniture,Central,2,27.46,54
2014-11-27,SanDisk Cruzer 32 GB USB Flash Drive,Technology,Central,2,38.04,191
2014-11-27,Executive Impressions Supervisor Wall Clock,Furniture,Central,3,126.3,218
2014-11-27,Holmes HEPA Air Purifier,Office Supplies,East,3,52.27,184
2014-11-27,Black & Decker Filter for Double Action Dustbuster Cordless Vac BLDV7210,Office Supplies,East,7,58.73,68
2014-11-27,"DataProducts Ampli Magnifier Task Lamp, Black,",Furniture,East,5,135.3,60
2014-11-27,Motorola L804,Technology,East,8,220.75,129
2014-11-27,Binding Machine Supplies,Office Supplies,East,4,93.34,54
2014-11-27,Plantronics Calisto P620-M USB Wireless Speakerphone System,Technology,East,5,979.95,121
2014-11-27,GBC Premium Transparent Covers with Diagonal Lined Pattern,Office Supplies,Central,8,33.57,96
2014-11-27,Newell 347,Office Supplies,South,3,12.84,79
2014-11-28,GBC DocuBind P100 Manual Binding Machine,Office Supplies,Central,3,497.94,86
2014-11-28,Xerox 1909,Office Supplies,Central,6,158.28,37
2014-11-28,Tops White Computer Printout Paper,Office Supplies,West,5,244.55,118
2014-11-28,Premium Transparent Presentation Covers by GBC,Office Supplies,West,7,117.49,207
2014-11-28,Enermax Briskie RF Wireless Keyboard and Mouse Combo,Technology,West,8,166.16,77
2014-11-28,American Pencil,Office Supplies,East,3,6.99,156
2014-11-28,Eldon 200 Class Desk Accessories,Furniture,West,3,18.84,153
2014-11-28,Belkin 5 Outlet SurgeMaster Power Centers,Office Supplies,South,1,43.58,34
2014-11-28,Pencil and Crayon Sharpener,Office Supplies,South,5,8.76,78
2014-11-28,Howard Miller 13' Diameter Goldtone Round Wall Clock,Furniture,Central,1,46.94,66
2014-11-28,Memorex Mini Travel Drive 16 GB USB 2.0 Flash Drive,Technology,Central,9,143.73,86
2014-11-28,"Avery Flip-Chart Easel Binder, Black",Office Supplies,East,6,107.42,156
2014-11-28,Griffin GC17055 Auxiliary Audio Cable,Technology,West,4,57.57,33
2014-11-29,BIC Brite Liner Grip Highlighters,Office Supplies,East,1,1.64,96
2014-11-29,"Deflect-o RollaMat Studded, Beveled Mat for Medium Pile Carpeting",Furniture,East,7,516.49,168
2014-11-29,"Eldon Image Series Desk Accessories, Burgundy",Furniture,East,5,20.9,168
2014-11-29,"Eaton Premium Continuous-Feed Paper, 25% Cotton, Letter Size, White, 1000 Shts/Box",Office Supplies,West,2,88.77,150
2014-11-29,Luxo Professional Fluorescent Magnifier Lamp with Clamp-Mount Base,Furniture,East,6,1007.23,70
2014-11-29,"Riverside Furniture Oval Coffee Table, Oval End Table, End Table with Drawer",Furniture,East,12,2065.32,2
2014-11-29,Google Nexus 5,Technology,East,11,1979.89,57
2014-11-29,Xerox 210,Office Supplies,East,3,15.55,31
2014-11-29,"Blue String-Tie & Button Interoffice Envelopes, 10 x 13",Office Supplies,East,2,79.96,30
2014-11-29,Xerox 4200 Series MultiUse Premium Copy Paper (20Lb. and 84 Bright),Office Supplies,East,6,25.34,81
2014-11-29,Luxo Professional Fluorescent Magnifier Lamp with Clamp-Mount Base,Furniture,East,5,1049.2,42
2014-11-29,Round Specialty Laser Printer Labels,Office Supplies,West,5,62.65,134
2014-11-30,"Hon Deluxe Fabric Upholstered Stacking Chairs, Rounded Back",Furniture,South,2,390.37,104
2014-11-30,Executive Impressions 13' Chairman Wall Clock,Furniture,South,5,101.52,0
2014-12-01,OtterBox Defender Series Case - Samsung Galaxy S4,Technology,South,3,71.98,60
2014-12-01,SAFCO Arco Folding Chair,Furniture,East,5,1242.9,13
2014-12-01,"Iris 3-Drawer Stacking Bin, Black",Office Supplies,East,4,83.56,179
2014-12-01,Panasonic Business Telephones KX-T7736,Technology,East,3,546.06,223
2014-12-01,Fellowes Officeware Wire Shelving,Office Supplies,East,3,269.49,5
2014-12-01,Kensington 7 Outlet MasterPiece Power Center with Fax/Phone Line Protection,Office Supplies,East,4,663.94,102
2014-12-01,Home/Office Personal File Carts,Office Supplies,South,5,173.8,9
2014-12-01,Lock-Up Easel 'Spel-Binder',Office Supplies,East,3,68.47,70
2014-12-01,Binder Clips by OIC,Office Supplies,Central,2,2.37,89
2014-12-01,SanDisk Ultra 64 GB MicroSDHC Class 10 Memory Card,Technology,Central,3,95.98,225
2014-12-01,Global Commerce Series Low-Back Swivel/Tilt Chairs,Furniture,East,6,1079.32,157
2014-12-01,"BOSTON Ranger #55 Pencil Sharpener, Black",Office Supplies,East,6,155.94,227
2014-12-01,Contemporary Borderless Frame,Furniture,West,3,25.83,148
2014-12-01,Bush Advantage Collection Racetrack Conference Table,Furniture,South,7,1781.68,125
2014-12-01,Logitech Wireless Gaming Headset G930,Technology,South,3,383.98,187
2014-12-02,AT&T SB67148 SynJ,Technology,West,2,105.58,208
2014-12-02,Xerox 1947,Office Supplies,West,7,41.86,96
2014-12-02,"Hon Metal Bookcases, Putty",Furniture,West,2,141.96,73
2014-12-02,"Tennsco Lockers, Gray",Office Supplies,Central,4,83.92,114
2014-12-02,Xerox 201,Office Supplies,Central,2,10.37,190
2014-12-02,Magna Visual Magnetic Picture Hangers,Furniture,East,2,7.71,238
2014-12-02,Jabra BIZ 2300 Duo QD Duo Corded Headset,Technology,West,4,406.37,169
2014-12-02,Recycled Pressboard Report Cover with Reinforced Top Hinge,Office Supplies,West,7,6.78,50
2014-12-02,Fellowes Basic Home/Office Series Surge Protectors,Office Supplies,West,3,31.15,191
2014-12-02,Global Comet Stacking Armless Chair,Furniture,East,3,897.15,203
2014-12-02,Xerox 214,Office Supplies,East,3,19.44,55
2014-12-02,"Gould Plastics 18-Pocket Panel Bin, 34w x 5-1/4d x 20-1/2h",Office Supplies,Central,1,91.99,207
2014-12-02,Personal File Boxes with Fold-Down Carry Handle,Office Supplies,East,3,37.39,40
2014-12-02,"Ultra Door Kickplate, 8'H x 34'W",Furniture,East,5,79.12,31
2014-12-02,GE 30524EE4,Technology,West,3,470.38,14
2014-12-02,"Advantus Push Pins, Aluminum Head",Office Supplies,Central,9,52.29,61
2014-12-02,"Avery Durable Slant Ring Binders, No Labels",Office Supplies,Central,4,15.92,154
2014-12-02,Ibico Presentation Index for Binding Systems,Office Supplies,West,5,15.92,27
2014-12-02,Panasonic KX-TG6844B Expandable Digital Cordless Telephone,Technology,Central,2,131.98,208
2014-12-02,Cisco SPA112 2 Port Phone Adapter,Technology,Central,5,219.8,63
2014-12-02,Safco Industrial Shelving,Office Supplies,East,3,221.55,237
2014-12-02,Quality Park Security Envelopes,Office Supplies,East,5,104.68,186
2014-12-02,"Tennsco Stur-D-Stor Boltless Shelving, 5 Shelves, 24' Deep, Sand",Office Supplies,West,4,541.24,241
2014-12-02,"Cardinal HOLDit! Binder Insert Strips,Extra Strips",Office Supplies,West,2,10.13,185
2014-12-02,Avery 483,Office Supplies,East,4,15.94,129
2014-12-02,Tenex 'The Solids' Textured Chair Mats,Furniture,West,9,629.64,126
2014-12-02,Acco 3-Hole Punch,Office Supplies,East,5,17.52,35
2014-12-02,Eldon Wave Desk Accessories,Furniture,West,12,70.68,113
2014-12-02,"Acco Pressboard Covers with Storage Hooks, 14 7/8' x 11', Dark Blue",Office Supplies,East,7,8.0,198
2014-12-02,Global Commerce Series High-Back Swivel/Tilt Chairs,Furniture,East,2,398.97,12
2014-12-02,Sabrent 4-Port USB 2.0 Hub,Technology,East,3,20.37,14
2014-12-02,"Belkin SportFit Armband For iPhone 5s/5c, Fuchsia",Technology,East,7,62.96,88
2014-12-02,Xerox 1905,Office Supplies,West,7,45.36,214
2014-12-02,DMI Arturo Collection Mission-style Design Wood Chair,Furniture,Central,3,317.06,187
2014-12-03,"Premier Elliptical Ring Binder, Black",Office Supplies,South,5,45.66,21
2014-12-03,Panasonic KP-380BK Classic Electric Pencil Sharpener,Office Supplies,West,5,179.9,190
2014-12-03,Staples,Office Supplies,East,2,4.36,217
2014-12-03,GE 30524EE4,Technology,East,5,979.95,224
2014-12-03,Anker Astro 15000mAh USB Portable Charger,Technology,West,1,39.99,202
2014-12-03,Letter Size Cart,Office Supplies,West,1,114.29,73
2014-12-03,Aluminum Screw Posts,Office Supplies,West,8,36.62,24
2014-12-03,"Fellowes Mobile File Cart, Black",Office Supplies,West,9,559.62,100
2014-12-03,Xerox 1940,Office Supplies,West,2,109.92,175
2014-12-03,Bulldog Vacuum Base Pencil Sharpener,Office Supplies,South,5,47.96,170
2014-12-03,Seidio BD2-HK3IPH5-BK DILEX Case and Holster Combo for Apple iPhone 5/5s - Black,Technology,West,2,49.62,116
2014-12-03,"Tenex 46' x 60' Computer Anti-Static Chairmat, Rectangular Shaped",Furniture,West,6,508.7,165
2014-12-03,Xerox 1962,Office Supplies,West,2,8.56,40
2014-12-03,Belkin 8 Outlet Surge Protector,Office Supplies,East,7,286.86,172
2014-12-03,Macally Suction Cup Mount,Technology,West,6,57.36,87
2014-12-03,Office Star - Mid Back Dual function Ergonomic High Back Chair with 2-Way Adjustable Arms,Furniture,West,9,1159.06,167
2014-12-03,Manco Dry-Lighter Erasable Highlighter,Office Supplies,Central,5,12.16,109
2014-12-03,3.6 Cubic Foot Counter Height Office Refrigerator,Office Supplies,Central,5,294.62,119
2014-12-03,Staples,Office Supplies,West,6,9.02,96
2014-12-03,Rogers Handheld Barrel Pencil Sharpener,Office Supplies,East,9,19.73,144
2014-12-03,Satellite Sectional Post Binders,Office Supplies,West,2,69.46,215
2014-12-03,"Wirebound Message Book, 4 per Page",Office Supplies,West,2,10.86,228
2014-12-03,GBC DocuBind 300 Electric Binding Machine,Office Supplies,East,4,631.18,56
2014-12-03,AT&T CL2909,Technology,East,2,151.19,129
2014-12-03,ClearOne CHATAttach 160 - speaker phone,Technology,Central,4,2479.96,95
2014-12-03,Advantus Panel Wall Acrylic Frame,Furniture,Central,4,8.75,120
2014-12-03,Fellowes Advanced Computer Series Surge Protectors,Office Supplies,West,3,79.47,61
2014-12-03,Hon GuestStacker Chair,Furniture,West,5,906.68,215
2014-12-03,Prang Dustless Chalk Sticks,Office Supplies,West,6,10.08,136
2014-12-03,Office Star - Professional Matrix Back Chair with 2-to-1 Synchro Tilt and Mesh Fabric Seat,Furniture,South,2,701.96,67
2014-12-03,Vinyl Sectional Post Binders,Office Supplies,West,6,67.86,80
2014-12-03,Hon 4-Shelf Metal Bookcases,Furniture,West,8,242.35,16
2014-12-03,Newell 309,Office Supplies,South,3,34.65,116
2014-12-03,Sanford 52201 APSCO Electric Pencil Sharpener,Office Supplies,South,1,32.78,49
2014-12-04,Newell 344,Office Supplies,West,6,13.34,111
2014-12-04,Avery 520,Office Supplies,East,1,3.15,93
2014-12-04,"Eldon Image Series Desk Accessories, Burgundy",Furniture,West,5,16.72,167
2014-12-04,"Bevis Oval Conference Table, Walnut",Furniture,West,2,521.96,185
2014-12-04,Tensor Brushed Steel Torchiere Floor Lamp,Furniture,Central,2,13.59,202
2014-12-04,AT&T 1080 Corded phone,Technology,East,1,136.99,84
2014-12-04,Staples,Furniture,West,3,23.38,148
2014-12-04,SpineVue Locking Slant-D Ring Binders by Cardinal,Office Supplies,East,2,14.62,145
2014-12-04,Xerox 1888,Office Supplies,West,3,166.44,182
2014-12-04,Xerox 1998,Office Supplies,Central,2,10.37,156
2014-12-04,Belkin F9H710-06 7 Outlet SurgeMaster Surge Protector,Office Supplies,South,3,45.22,151
2014-12-04,"GBC Pre-Punched Binding Paper, Plastic, White, 8-1/2' x 11'",Office Supplies,South,6,28.78,73
2014-12-04,"Rediform Wirebound 'Phone Memo' Message Book, 11 x 5-3/4",Office Supplies,South,4,24.45,108
2014-12-04,Elite 5' Scissors,Office Supplies,West,7,47.32,144
2014-12-04,Memorex Micro Travel Drive 16 GB,Technology,West,6,76.75,17
2014-12-04,Memorex Micro Travel Drive 16 GB,Technology,West,8,102.34,41
2014-12-04,"Wirebound Four 2-3/4 x 5 Forms per Page, 400 Sets per Book",Office Supplies,West,2,10.32,239
2014-12-04,Kensington Orbit Wireless Mobile Trackball for PC and Mac,Technology,South,1,47.99,211
2014-12-04,GBC Premium Transparent Covers with Diagonal Lined Pattern,Office Supplies,East,5,83.92,100
2014-12-04,DAX Two-Tone Silver Metal Document Frame,Furniture,West,1,16.19,44
2014-12-05,First Data TMFD35 PIN Pad,Technology,Central,1,142.8,81
2014-12-05,Newell 310,Office Supplies,Central,5,8.8,16
2014-12-05,Hand-Finished Solid Wood Document Frame,Furniture,East,2,54.77,72
2014-12-05,DIXON Ticonderoga Erasable Checking Pencils,Office Supplies,East,3,13.39,13
2014-12-05,Okidata C610n Printer,Technology,South,2,649.0,176
2014-12-05,"Global Value Steno Chair, Gray",Furniture,East,3,182.22,156
2014-12-05,Storex Dura Pro Binders,Office Supplies,East,3,5.35,222
2014-12-05,"IBM Multi-Purpose Copy Paper, 8 1/2 x 11', Case",Office Supplies,East,3,74.35,131
2014-12-05,"Adams Telephone Message Book W/Dividers/Space For Phone Numbers, 5 1/4'X8 1/2', 300/Messages",Office Supplies,West,2,11.76,81
2014-12-05,Global Low Back Tilter Chair,Furniture,East,3,302.94,147
2014-12-05,Logitech G430 Surround Sound Gaming Headset with Dolby 7.1 Technology,Technology,Central,5,399.95,119
2014-12-05,Logitech G13 Programmable Gameboard with LCD Display,Technology,East,4,255.97,119
2014-12-05,C-Line Cubicle Keepers Polyproplyene Holder With Velcro Backings,Furniture,East,3,11.35,46
2014-12-05,Global Chrome Stack Chair,Furniture,East,10,239.96,106
2014-12-05,Xerox 1956,Office Supplies,East,5,23.92,107
2014-12-05,Advantus Rolling Drawer Organizers,Office Supplies,Central,2,61.57,8
2014-12-05,Tensor 'Hersey Kiss' Styled Floor Lamp,Furniture,East,1,12.99,204
2014-12-05,"Safco Chair Connectors, 6/Carton",Furniture,East,7,188.55,78
2014-12-06,Kensington 6 Outlet Guardian Standard Surge Protector,Office Supplies,Central,3,61.44,154
2014-12-06,Imation 16GB Mini TravelDrive USB 2.0 Flash Drive,Technology,Central,3,99.39,14
2014-12-06,Logitech ClearChat Comfort/USB Headset H390,Technology,East,7,205.03,219
2014-12-06,GBC Wire Binding Combs,Office Supplies,West,3,24.82,228
2014-12-06,"Southworth 100% Résumé Paper, 24lb.",Office Supplies,Central,5,38.9,246
2014-12-06,Zipper Ring Binder Pockets,Office Supplies,West,6,14.98,18
2014-12-06,Cyber Acoustics AC-202b Speech Recognition Stereo Headset,Technology,West,3,31.18,89
2014-12-06,Seth Thomas 14' Putty-Colored Wall Clock,Furniture,East,2,58.68,179
2014-12-06,Eureka The Boss Cordless Rechargeable Stick Vac,Office Supplies,East,5,254.9,25
2014-12-06,"Eldon Expressions Wood and Plastic Desk Accessories, Cherry Wood",Furniture,East,3,20.94,216
2014-12-06,Avery 52,Office Supplies,East,3,11.07,153
2014-12-06,Xerox 1960,Office Supplies,West,3,92.94,153
2014-12-06,Magnifier Swing Arm Lamp,Furniture,East,2,41.96,173
2014-12-06,Eldon Radial Chair Mat for Low to Medium Pile Carpets,Furniture,West,5,199.9,91
2014-12-06,GBC Premium Transparent Covers with Diagonal Lined Pattern,Office Supplies,West,5,83.92,176
2014-12-06,Fellowes Black Plastic Comb Bindings,Office Supplies,West,2,9.3,81
2014-12-06,GBC VeloBinder Manual Binding System,Office Supplies,West,6,172.75,223
2014-12-06,Self-Adhesive Removable Labels,Office Supplies,East,3,9.45,180
2014-12-06,"Telephone Message Books with Fax/Mobile Section, 4 1/4' x 6'",Office Supplies,East,6,21.6,130
2014-12-07,Staples,Office Supplies,West,1,10.68,193
2014-12-08,DAX Wood Document Frame.,Furniture,South,6,82.38,224
2014-12-08,Binder Clips by OIC,Office Supplies,Central,3,3.55,41
2014-12-08,Memorex Micro Travel Drive 8 GB,Technology,South,4,52.0,18
2014-12-08,Xerox 1995,Office Supplies,Central,3,15.55,16
2014-12-08,Cisco SPA301,Technology,West,3,374.38,235
2014-12-08,"Eureka The Boss Lite 10-Amp Upright Vacuum, Blue",Office Supplies,South,4,320.64,160
2014-12-08,Logitech G602 Wireless Gaming Mouse,Technology,East,2,127.98,75
2014-12-08,Ibico EPK-21 Electric Binding System,Office Supplies,Central,5,1889.99,176
2014-12-08,"REDIFORM Incoming/Outgoing Call Register, 11' X 8 1/2', 100 Messages",Office Supplies,West,6,50.04,183
2014-12-09,"Wirebound Message Book, 4 per Page",Office Supplies,West,5,27.15,62
2014-12-09,Xerox 1968,Office Supplies,West,9,60.12,130
2014-12-09,Sharp AL-1530CS Digital Copier,Technology,West,3,1199.98,106
2014-12-09,Sony 64GB Class 10 Micro SDHC R40 Memory Card,Technology,West,5,179.95,48
2014-12-09,"Tenex Traditional Chairmats for Hard Floors, Average Lip, 36' x 48'",Furniture,West,2,128.9,54
2014-12-09,Vinyl Sectional Post Binders,Office Supplies,West,3,90.48,153
2014-12-09,Akro-Mils 12-Gallon Tote,Office Supplies,West,3,29.79,98
2014-12-09,Self-Adhesive Removable Labels,Office Supplies,West,9,28.35,199
2014-12-09,Global Deluxe Steno Chair,Furniture,East,4,215.54,51
2014-12-09,Xerox 1908,Office Supplies,West,1,55.98,99
2014-12-09,O'Sullivan 4-Shelf Bookcase in Odessa Pine,Furniture,West,13,1336.83,116
2014-12-09,BIC Brite Liner Highlighters,Office Supplies,East,4,13.25,117
2014-12-09,iHome FM Clock Radio with Lightning Dock,Technology,East,2,83.99,6
2014-12-09,Novimex High-Tech Fabric Mesh Task Chair,Furniture,West,2,113.57,45
2014-12-09,"Sauder Camden County Collection Libraries, Planked Cherry Finish",Furniture,Central,4,459.92,45
2014-12-09,"Adams Phone Message Book, 200 Message Capacity, 8 1/16 x 11",Office Supplies,Central,4,27.52,99
2014-12-09,"SAFCO Mobile Desk Side File, Wire Frame",Office Supplies,West,1,42.76,143
2014-12-09,Belkin 8-Outlet Premiere SurgeMaster II Surge Protectors,Office Supplies,West,1,69.48,151
2014-12-09,"Avery 4027 File Folder Labels for Dot Matrix Printers, 5000 Labels per Box, White",Office Supplies,Central,2,61.06,188
2014-12-09,Standard Line While You Were Out Hardbound Telephone Message Book,Office Supplies,West,4,87.92,53
2014-12-09,"Wirebound Service Call Books, 5 1/2' x 4'",Office Supplies,West,1,9.68,61
2014-12-09,Hoover WindTunnel Plus Canister Vacuum,Office Supplies,Central,3,1089.75,128
2014-12-09,"Recycled Data-Pak for Archival Bound Computer Printouts, 12-1/2 x 12-1/2 x 16",Office Supplies,East,6,592.74,48
2014-12-09,"Performers Binder/Pad Holder, Black",Office Supplies,West,1,22.42,24
2014-12-09,Logitech G105 Gaming Keyboard,Technology,Central,3,178.11,9
2014-12-09,"Bevis Round Conference Table Top, X-Base",Furniture,West,7,1004.02,117
2014-12-09,Iris Project Case,Office Supplies,East,4,31.92,207
2014-12-09,Xerox 1996,Office Supplies,East,3,19.44,143
2014-12-09,Safco Industrial Wire Shelving System,Office Supplies,East,3,272.94,185
2014-12-09,"C-Line Cubicle Keepers Polyproplyene Holder w/Velcro Back, 8-1/2x11, 25/Bx",Furniture,East,2,109.48,199
2014-12-10,O'Sullivan 3-Shelf Heavy-Duty Bookcases,Furniture,West,3,148.26,156
2014-12-10,GBC Imprintable Covers,Office Supplies,Central,5,54.9,230
2014-12-10,"Recycled Interoffice Envelopes with String and Button Closure, 10 x 13",Office Supplies,East,3,57.58,91
2014-12-10,"SimpliFile Personal File, Black Granite, 15w x 6-15/16d x 11-1/4h",Office Supplies,Central,3,27.24,133
2014-12-10,Nortel Business Series Terminal T7208 Digital phone,Technology,West,4,444.77,143
2014-12-10,Safco Commercial Shelving,Office Supplies,East,1,37.21,147
2014-12-10,Economy Binders,Office Supplies,Central,3,1.25,79
2014-12-10,"6' Cubicle Wall Clock, Black",Furniture,Central,3,9.71,70
2014-12-10,Wilson Jones 1' Hanging DublLock Ring Binders,Office Supplies,East,7,11.09,232
2014-12-10,Xerox 1946,Office Supplies,Central,2,12.96,77
2014-12-10,"Avery Durable Slant Ring Binders, No Labels",Office Supplies,South,4,15.92,42
2014-12-10,"Maxell Pro 80 Minute CD-R, 10/Pack",Technology,Central,6,104.88,153
2014-12-10,"Wirebound Message Books, Four 2 3/4 x 5 White Forms per Page",Office Supplies,Central,5,33.45,89
2014-12-10,Economy Binders,Office Supplies,Central,5,10.4,77
2014-12-10,Logitech ClearChat Comfort/USB Headset H390,Technology,South,5,146.45,198
2014-12-10,Eldon Gobal File Keepers,Office Supplies,South,1,15.14,160
2014-12-10,BIC Liqua Brite Liner,Office Supplies,Central,5,34.7,25
2014-12-10,Wilson Jones Century Plastic Molded Ring Binders,Office Supplies,Central,2,41.54,120
2014-12-10,Belkin F9M820V08 8 Outlet Surge,Office Supplies,South,5,214.9,44
2014-12-10,Acco Recycled 2' Capacity Laser Printer Hanging Data Binders,Office Supplies,West,3,13.0,211
2014-12-10,Multicolor Computer Printout Paper,Office Supplies,West,5,419.4,62
2014-12-10,Crayola Colored Pencils,Office Supplies,East,1,2.62,194
2014-12-10,Ibico Plastic and Wire Spiral Binding Combs,Office Supplies,Central,4,33.72,179
2014-12-10,Harmony Air Purifier,Office Supplies,West,1,189.0,67
2014-12-10,Bevis 36 x 72 Conference Tables,Furniture,West,9,896.33,153
2014-12-10,Newell 314,Office Supplies,West,2,11.16,202
2014-12-10,Staples,Office Supplies,Central,3,14.94,1
2014-12-10,Xerox 1921,Office Supplies,Central,2,15.98,141
2014-12-10,Canon Imageclass D680 Copier / Fax,Technology,South,2,1399.98,107
2014-12-10,Avery 492,Office Supplies,South,2,5.76,29
2014-12-10,"XtraLife ClearVue Slant-D Ring Binder, White, 3'",Office Supplies,South,2,29.36,48
2014-12-10,Global Executive Mid-Back Manager's Chair,Furniture,Central,3,872.94,139
2014-12-10,Xerox 1884,Office Supplies,Central,9,143.86,217
2014-12-11,"Contract Clock, 14', Brown",Furniture,East,5,87.92,43
2014-12-11,Avery Metallic Poly Binders,Office Supplies,South,8,45.84,160
2014-12-11,Tripp Lite Isotel 6 Outlet Surge Protector with Fax/Modem Protection,Office Supplies,East,7,426.79,12
2014-12-11,Ibico Covers for Plastic or Wire Binding Elements,Office Supplies,Central,3,34.5,77
2014-12-11,"Eldon Expressions Wood Desk Accessories, Oak",Furniture,South,2,14.76,215
2014-12-11,Memorex Froggy Flash Drive 8 GB,Technology,East,1,14.2,125
2014-12-11,Convenience Packs of Business Envelopes,Office Supplies,East,3,10.86,97
2014-12-11,Staples,Furniture,South,3,19.1,235
2014-12-11,Heavy-Duty E-Z-D Binders,Office Supplies,East,1,3.27,25
2014-12-11,Bretford Just In Time Height-Adjustable Multi-Task Work Tables,Furniture,West,4,1669.6,148
2014-12-11,Cyber Acoustics AC-202b Speech Recognition Stereo Headset,Technology,South,3,38.97,155
2014-12-11,Jackery Bar Premium Fast-charging Portable Charger,Technology,West,4,95.84,47
2014-12-11,Xerox 225,Office Supplies,West,2,12.96,227
2014-12-11,Col-Erase Pencils with Erasers,Office Supplies,West,3,18.24,167
2014-12-11,Logitech Desktop MK120 Mouse and keyboard Combo,Technology,West,3,49.08,65
2014-12-11,Electrix Halogen Magnifier Lamp,Furniture,East,2,310.88,233
2014-12-11,Fellowes Bankers Box Staxonsteel Drawer File/Stacking System,Office Supplies,West,5,324.9,200
2014-12-11,Avery Hole Reinforcements,Office Supplies,West,4,19.94,86
2014-12-11,Razer Tiamat Over Ear 7.1 Surround Sound PC Gaming Headset,Technology,South,3,599.97,78
2014-12-11,"Wilson Jones Ledger-Size, Piano-Hinge Binder, 2', Blue",Office Supplies,West,2,65.57,204
2014-12-11,Xerox 210,Office Supplies,East,2,10.37,22
2014-12-12,Pastel Pink Envelopes,Office Supplies,Central,1,7.28,80
2014-12-12,Enermax Briskie RF Wireless Keyboard and Mouse Combo,Technology,Central,7,116.31,47
2014-12-12,Xerox 1895,Office Supplies,East,3,17.94,123
2014-12-12,Stockwell Push Pins,Office Supplies,East,3,6.54,129
2014-12-12,Ibico Ibimaster 300 Manual Binding System,Office Supplies,East,2,735.98,83
2014-12-12,"Fellowes Twister Kit, Gray/Clear, 3/pkg",Office Supplies,East,5,40.2,19
2014-12-12,GuestStacker Chair with Chrome Finish Legs,Furniture,Central,2,520.46,186
2014-12-12,Dexim XPower Skin Super-Thin Power Case for iPhone 5 - Black,Technology,East,2,116.98,45
2014-12-12,"Leather Task Chair, Black",Furniture,East,1,63.69,130
2014-12-12,Clear Mylar Reinforcing Strips,Office Supplies,East,1,14.95,182
2014-12-12,Wilson Jones Easy Flow II Sheet Lifters,Office Supplies,Central,3,5.4,11
2014-12-12,Electrix Halogen Magnifier Lamp,Furniture,Central,1,77.72,39
2014-12-12,Xerox 21,Office Supplies,Central,2,10.37,65
2014-12-12,Hoover Commercial Lightweight Upright Vacuum,Office Supplies,Central,2,1.39,99
2014-12-12,"Global Geo Office Task Chair, Gray",Furniture,South,1,64.78,77
2014-12-12,BoxOffice By Design Rectangular and Half-Moon Meeting Room Tables,Furniture,South,6,721.88,15
2014-12-12,Motorola HK250 Universal Bluetooth Headset,Technology,South,4,73.57,82
2014-12-12,Stanley Bostitch Contemporary Electric Pencil Sharpeners,Office Supplies,South,1,13.58,161
2014-12-12,Plantronics MX500i Earset,Technology,East,3,128.85,43
2014-12-12,"Angle-D Binders with Locking Rings, Label Holders",Office Supplies,East,4,23.36,237
2014-12-12,"Bravo II Megaboss 12-Amp Hard Body Upright, Replacement Belts, 2 Belts per Pack",Office Supplies,East,7,22.75,133
2014-12-12,Logitech LS21 Speaker System - PC Multimedia - 2.1-CH - Wired,Technology,East,2,39.98,204
2014-12-14,Sterilite Officeware Hinged File Box,Office Supplies,West,3,31.44,191
2014-12-14,"Bush Andora Bookcase, Maple/Graphite Gray Finish",Furniture,East,3,287.98,99
2014-12-14,Xerox 1996,Office Supplies,West,6,38.88,21
2014-12-14,Avery 49,Office Supplies,West,3,8.64,17
2014-12-14,"Eldon Executive Woodline II Desk Accessories, Mahogany",Furniture,West,8,201.04,11
2014-12-14,Xerox 1975,Office Supplies,West,2,12.96,179
2014-12-15,#10- 4 1/8' x 9 1/2' Recycled Envelopes,Office Supplies,West,5,43.7,122
2014-12-15,"Rubbermaid ClusterMat Chairmats, Mat Size- 66' x 60', Lip 20' x 11' -90 Degree Angle",Furniture,Central,6,266.35,245
2014-12-15,"Eldon 400 Class Desk Accessories, Black Carbon",Furniture,West,3,26.25,221
2014-12-15,Safco Industrial Shelving,Office Supplies,East,1,73.85,116
2014-12-15,Howard Miller 13' Diameter Goldtone Round Wall Clock,Furniture,Central,3,56.33,50
2014-12-15,Logitech Desktop MK120 Mouse and keyboard Combo,Technology,Central,3,39.26,231
2014-12-15,Samsung HM1900 Bluetooth Headset,Technology,Central,3,52.68,70
2014-12-15,Prismacolor Color Pencil Set,Office Supplies,Central,6,95.23,223
2014-12-15,"Master Caster Door Stop, Gray",Furniture,Central,1,2.03,47
2014-12-15,"Acco Banker's Clasps, 5 3/4'-Long",Office Supplies,East,6,17.28,18
2014-12-15,Kensington Expert Mouse Optical USB Trackball for PC or Mac,Technology,Central,3,227.98,5
2014-12-15,Acme Office Executive Series Stainless Steel Trimmers,Office Supplies,East,3,25.71,83
2014-12-15,"Wilson Jones Clip & Carry Folder Binder Tool for Ring Binders, Clear",Office Supplies,West,14,64.96,154
2014-12-15,Canon PC1080F Personal Copier,Technology,East,2,1199.98,52
2014-12-15,Bretford CR4500 Series Slim Rectangular Table,Furniture,Central,4,974.99,106
2014-12-15,Microsoft Sculpt Comfort Mouse,Technology,South,4,159.8,100
2014-12-15,Bretford Rectangular Conference Table Tops,Furniture,East,2,526.58,47
2014-12-15,Kingston Digital DataTraveler 16GB USB 2.0,Technology,South,5,44.75,134
2014-12-16,Panasonic KX TS3282B Corded phone,Technology,West,3,196.78,186
2014-12-16,Hoover Commercial SteamVac,Office Supplies,West,4,54.32,68
2014-12-16,"Master Giant Foot Doorstop, Safety Yellow",Furniture,West,3,22.77,10
2014-12-16,"Wirebound Message Books, Two 4 1/4' x 5' Forms per Page",Office Supplies,West,3,22.83,142
2014-12-16,Newell 307,Office Supplies,Central,7,10.19,191
2014-12-17,Bulldog Table or Wall-Mount Pencil Sharpener,Office Supplies,West,5,29.95,130
2014-12-17,"Global Deluxe Stacking Chair, Gray",Furniture,West,2,81.57,121
2014-12-17,Imation Secure Drive + Hardware Encrypted USB flash drive - 16 GB,Technology,West,5,189.95,68
2014-12-17,"Global Value Steno Chair, Gray",Furniture,West,2,97.18,22
2014-12-17,Accohide Poly Flexible Ring Binders,Office Supplies,West,2,5.98,180
2014-12-17,Prestige Round Ring Binders,Office Supplies,West,5,24.32,36
2014-12-17,"DAX Two-Tone Rosewood/Black Document Frame, Desktop, 5 x 7",Furniture,West,2,18.96,8
2014-12-17,Peel & Stick Add-On Corner Pockets,Office Supplies,Central,5,10.8,14
2014-12-17,"Acco Data Flex Cable Posts For Top & Bottom Load Binders, 6' Capacity",Office Supplies,East,4,33.38,130
2014-12-17,"Safco Wire Cube Shelving System, For Use as 4 or 5 14' Cubes, Black",Office Supplies,West,5,158.9,92
2014-12-17,Xerox 1898,Office Supplies,West,2,13.36,197
2014-12-17,Microsoft Natural Ergonomic Keyboard 4000,Technology,West,5,149.95,16
2014-12-17,Avery 475,Office Supplies,West,3,44.4,153
2014-12-18,"Wirebound Message Books, 2 7/8' x 5', 3 Forms per Page",Office Supplies,Central,4,28.16,148
2014-12-18,Hon Valutask Swivel Chairs,Furniture,South,5,504.9,71
2014-12-18,"Acco Pressboard Covers with Storage Hooks, 9 1/2' x 11', Executive Red",Office Supplies,West,5,15.24,148
2014-12-18,Adjustable Depth Letter/Legal Cart,Office Supplies,South,3,544.38,120
2014-12-18,"Ampad Gold Fibre Wirebound Steno Books, 6' x 9', Gregg Ruled",Office Supplies,West,3,13.23,10
2014-12-18,Adjustable Personal File Tote,Office Supplies,Central,2,32.56,165
2014-12-18,GBC Plastic Binding Combs,Office Supplies,West,2,11.81,71
2014-12-18,Deflect-o Glass Clear Studded Chair Mats,Furniture,East,2,124.36,105
2014-12-18,GBC Wire Binding Combs,Office Supplies,East,3,24.82,215
2014-12-18,Safco Steel Mobile File Cart,Office Supplies,East,2,166.72,124
2014-12-18,Fiskars Spring-Action Scissors,Office Supplies,West,1,13.98,34
2014-12-18,Iceberg Mobile Mega Data/Printer Cart ,Office Supplies,West,4,481.32,118
2014-12-18,Eureka Sanitaire  Commercial Upright,Office Supplies,Central,2,66.28,13
2014-12-19,Newell 335,Office Supplies,West,2,5.76,246
2014-12-19,Newell 310,Office Supplies,South,9,12.67,13
2014-12-19,"DAX Charcoal/Nickel-Tone Document Frame, 5 x 7",Furniture,East,2,18.96,9
2014-12-19,Tensor Track Tree Floor Lamp,Furniture,Central,5,99.95,139
2014-12-19,"Xerox Color Copier Paper, 11' x 17', Ream",Office Supplies,East,5,91.36,37
2014-12-19,Avery Fluorescent Highlighter Four-Color Set,Office Supplies,East,7,18.7,107
2014-12-19,Binding Machine Supplies,Office Supplies,West,2,46.67,118
2014-12-19,"Bush Saratoga Collection 5-Shelf Bookcase, Hanover Cherry, *Special Order",Furniture,West,1,119.83,237
2014-12-19,Logitech Illuminated - Keyboard,Technology,West,2,119.98,33
2014-12-19,Staples,Office Supplies,East,6,38.82,168
2014-12-19,Office Star - Contemporary Swivel Chair with Padded Adjustable Arms and Flex Back,Furniture,East,9,1141.94,9
2014-12-19,Kensington 4 Outlet MasterPiece Compact Power Control Center,Office Supplies,East,2,130.11,121
2014-12-19,Sanford Pocket Accent Highlighters,Office Supplies,East,2,3.2,144
2014-12-19,"Maxell 74 Minute CDR, 10/Pack",Technology,Central,3,29.34,144
2014-12-19,Kensington 7 Outlet MasterPiece HOMEOFFICE Power Control Center,Office Supplies,East,13,1704.56,194
2014-12-19,Newell 327,Office Supplies,West,3,6.63,189
2014-12-19,Xerox 1996,Office Supplies,West,2,12.96,222
2014-12-19,Ideal Clamps,Office Supplies,East,3,4.82,114
2014-12-19,"Fellowes Twister Kit, Gray/Clear, 3/pkg",Office Supplies,East,3,7.24,0
2014-12-19,Xerox 213,Office Supplies,West,5,32.4,11
2014-12-20,O'Sullivan 2-Shelf Heavy-Duty Bookcases,Furniture,West,7,102.02,102
2014-12-20,Tennsco Industrial Shelving,Office Supplies,West,2,78.26,3
2014-12-20,Deluxe Heavy-Duty Vinyl Round Ring Binder,Office Supplies,West,2,36.67,169
2014-12-20,OIC Stacking Trays,Furniture,West,5,13.36,140
2014-12-20,Martin Yale Chadless Opener Electric Letter Opener,Office Supplies,South,2,1665.62,97
2014-12-21,Xerox 1908,Office Supplies,East,5,279.9,105
2014-12-21,Xerox 227,Office Supplies,East,1,6.48,84
2014-12-21,Wilson Jones Leather-Like Binders with DublLock Round Rings,Office Supplies,East,1,6.98,213
2014-12-21,GBC Premium Transparent Covers with Diagonal Lined Pattern,Office Supplies,East,3,50.35,120
2014-12-21,Xerox 188,Office Supplies,East,3,34.02,131
2014-12-22,"Fellowes Mobile File Cart, Black",Office Supplies,West,2,124.36,81
2014-12-22,Ibico Presentation Index for Binding Systems,Office Supplies,South,6,23.88,196
2014-12-22,Letter Size Cart,Office Supplies,West,7,1000.02,18
2014-12-22,Newell 327,Office Supplies,West,3,6.63,129
2014-12-22,Memorex Froggy Flash Drive 8 GB,Technology,South,4,71.0,11
2014-12-22,Newell 317,Office Supplies,West,2,5.88,80
2014-12-22,Tennsco Single-Tier Lockers,Office Supplies,Central,1,375.34,73
2014-12-22,Jabra SPEAK 410,Technology,East,3,281.97,97
2014-12-22,"Acme Hot Forged Carbon Steel Scissors with Nickel-Plated Handles, 3 7/8' Cut, 8'L",Office Supplies,East,5,69.5,5
2014-12-22,Xerox 1913,Office Supplies,East,3,166.44,135
2014-12-22,Staples,Furniture,Central,2,15.92,124
2014-12-23,Angle-D Ring Binders,Office Supplies,East,1,1.64,50
2014-12-23,Xerox 1931,Office Supplies,Central,5,25.92,10
2014-12-23,Eldon Simplefile Box Office,Office Supplies,West,3,37.32,190
2014-12-23,"iKross Bluetooth Portable Keyboard + Cell Phone Stand Holder + Brush for Apple iPhone 5S 5C 5, 4S 4",Technology,West,4,67.04,184
2014-12-23,Avery 517,Office Supplies,West,5,18.45,126
2014-12-23,"Office Impressions End Table, 20-1/2'H x 24'W x 20'D",Furniture,Central,2,607.52,139
2014-12-23,"Holmes Replacement Filter for HEPA Air Cleaner, Large Room",Office Supplies,South,5,59.24,72
2014-12-23,Newell 325,Office Supplies,South,7,23.13,1
2014-12-23,Crate-A-Files,Office Supplies,South,3,26.16,7
2014-12-23,Logitech ClearChat Comfort/USB Headset H390,Technology,South,2,46.86,249
2014-12-23,Bevis Round Bullnose 29' High Table Top,Furniture,South,6,934.96,138
2014-12-23,Personal File Boxes with Fold-Down Carry Handle,Office Supplies,Central,2,31.16,123
2014-12-23,Design Ebony Sketching Pencil,Office Supplies,West,3,4.17,52
2014-12-23,Panasonic KX-TG9541B DECT 6.0 Digital 2-Line Expandable Cordless Phone With Digital Answering System,Technology,East,7,629.96,227
2014-12-23,Microsoft Wireless Mobile Mouse 4000,Technology,Central,5,199.95,9
2014-12-23,Xerox 1887,Office Supplies,Central,5,75.88,212
2014-12-23,"Situations Contoured Folding Chairs, 4/Set",Furniture,South,2,141.96,211
2014-12-23,Hon GuestStacker Chair,Furniture,Central,7,1586.69,111
2014-12-23,"Bush Cubix Collection Bookcases, Fully Assembled",Furniture,East,1,220.98,7
2014-12-23,Logitech Gaming G510s - Keyboard,Technology,Central,1,84.99,35
2014-12-23,Bevis 44 x 96 Conference Tables,Furniture,Central,2,411.8,220
2014-12-23,"Lesro Round Back Collection Coffee Table, End Table",Furniture,West,2,182.55,105
2014-12-23,"Cardinal HOLDit! Binder Insert Strips,Extra Strips",Office Supplies,Central,5,6.33,203
2014-12-23,Staples,Office Supplies,South,1,7.82,13
2014-12-23,Kensington Expert Mouse Optical USB Trackball for PC or Mac,Technology,West,5,474.95,239
2014-12-23,Premier Electric Letter Opener,Office Supplies,East,6,695.16,181
2014-12-23,Sanyo 2.5 Cubic Foot Mid-Size Office Refrigerators,Office Supplies,Central,3,839.43,241
2014-12-24,Xerox 1940,Office Supplies,Central,4,175.87,212
2014-12-24,Wilson Jones International Size A4 Ring Binders,Office Supplies,Central,4,13.84,85
2014-12-24,"Binney & Smith Crayola Metallic Crayons, 16-Color Pack",Office Supplies,West,4,13.48,148
2014-12-24,"Tenex Traditional Chairmats for Medium Pile Carpet, Standard Lip, 36' x 48'",Furniture,East,3,181.95,235
2014-12-24,"Personal Filing Tote with Lid, Black/Gray",Office Supplies,South,4,62.04,49
2014-12-24,Executive Impressions 14' Two-Color Numerals Wall Clock,Furniture,South,4,72.7,221
2014-12-24,DAX Wood Document Frame,Furniture,East,2,27.46,166
2014-12-24,"Ink Jet Note and Greeting Cards, 8-1/2' x 5-1/2' Card Size",Office Supplies,South,2,44.96,19
2014-12-24,Spiral Phone Message Books with Labels by Adams,Office Supplies,Central,8,28.67,215
2014-12-24,"Gould Plastics 18-Pocket Panel Bin, 34w x 5-1/4d x 20-1/2h",Office Supplies,South,4,367.96,86
2014-12-24,Pencil and Crayon Sharpener,Office Supplies,South,7,12.26,134
2014-12-24,Safco Industrial Wire Shelving System,Office Supplies,South,3,218.35,136
2014-12-24,"Ativa D5772 2-Line 5.8GHz Digital Expandable Corded/Cordless Phone System with Answering & Caller ID/Call Waiting, Black/Silver",Technology,South,3,494.97,128
2014-12-24,Acco 6 Outlet Guardian Premium Plus Surge Suppressor,Office Supplies,Central,8,29.31,153
2014-12-24,"Tyvek Interoffice Envelopes, 9 1/2' x 12 1/2', 100/Box",Office Supplies,South,3,182.94,165
2014-12-25,DMI Arturo Collection Mission-style Design Wood Chair,Furniture,East,2,271.76,37
2014-12-25,"DXL Angle-View Binders with Locking Rings, Black",Office Supplies,East,3,14.38,245
2014-12-25,GBC Instant Index System for Binding Systems,Office Supplies,West,3,21.31,188
2014-12-25,Acrylic Self-Standing Desk Frames,Furniture,West,4,8.54,43
2014-12-25,"Eldon Delta Triangular Chair Mat, 52' x 58', Clear",Furniture,East,1,37.93,85
2014-12-25,Global Leather Executive Chair,Furniture,West,3,842.38,43
2014-12-25,"Acco Four Pocket Poly Ring Binder with Label Holder, Smoke, 1'",Office Supplies,East,3,17.88,73
2014-12-25,Xerox 214,Office Supplies,East,3,19.44,118
2014-12-25,"Avery Triangle Shaped Sheet Lifters, Black, 2/Pack",Office Supplies,East,5,12.3,189
2014-12-25,DYMO CardScan Personal V9 Business Card Scanner,Technology,South,3,479.97,121
2014-12-25,Economy Rollaway Files,Office Supplies,Central,2,264.32,133
2014-12-25,Staples,Office Supplies,East,3,35.91,144
2014-12-25,Vinyl Sectional Post Binders,Office Supplies,West,3,90.48,50
2014-12-25,Hewlett Packard LaserJet 3310 Copier,Technology,West,6,2879.95,241
2014-12-25,Office Impressions Heavy Duty Welded Shelving & Multimedia Storage Drawers,Office Supplies,West,6,1003.62,37
2014-12-25,"Iceberg Nesting Folding Chair, 19w x 6d x 43h",Furniture,South,4,232.88,151
2014-12-26,"Bush Andora Bookcase, Maple/Graphite Gray Finish",Furniture,East,2,191.98,50
2014-12-26,Wilson Jones Legal Size Ring Binders,Office Supplies,Central,9,39.58,9
2014-12-26,Staples,Office Supplies,Central,7,44.69,119
2014-12-26,"Global Value Mid-Back Manager's Chair, Gray",Furniture,South,5,304.45,199
2014-12-26,Xerox 1915,Office Supplies,South,6,629.1,148
2014-12-26,Newell 34,Office Supplies,Central,2,31.74,247
2014-12-26,"Wilson Jones Ledger-Size, Piano-Hinge Binder, 2', Blue",Office Supplies,Central,5,40.98,69
2014-12-26,Memorex Micro Travel Drive 4 GB,Technology,East,3,31.8,84
2014-12-26,AT&T 17929 Lendline Telephone,Technology,South,2,90.48,56
2014-12-26,Assorted Color Push Pins,Office Supplies,South,2,3.62,125
2014-12-26,14-7/8 x 11 Blue Bar Computer Printout Paper,Office Supplies,South,2,96.08,38
2014-12-26,Maxell 4.7GB DVD-R,Technology,East,7,158.93,215
2014-12-26,Fellowes Bankers Box Stor/Drawer Steel Plus,Office Supplies,South,3,95.94,32
2014-12-26,Satellite Sectional Post Binders,Office Supplies,East,1,13.02,186
2014-12-26,Hon Rectangular Conference Tables,Furniture,East,2,273.06,17
2014-12-26,Staples,Office Supplies,East,13,39.31,183
2014-12-26,Magnifier Swing Arm Lamp,Furniture,East,2,41.96,219
2014-12-26,GBC DocuBind P50 Personal Binding Machine,Office Supplies,West,3,153.55,56
2014-12-26,Tuff Stuff Recycled Round Ring Binders,Office Supplies,West,1,3.86,243
2014-12-26,Lexmark 20R1285 X6650 Wireless All-in-One Printer,Technology,South,2,120.0,95
2014-12-26,"Eldon 400 Class Desk Accessories, Black Carbon",Furniture,South,3,21.0,203
2014-12-26,"Tennsco Stur-D-Stor Boltless Shelving, 5 Shelves, 24' Deep, Sand",Office Supplies,West,2,270.62,47
2014-12-26,Wilson Jones 1' Hanging DublLock Ring Binders,Office Supplies,Central,3,3.17,41
2014-12-27,Xerox 1959,Office Supplies,Central,3,16.03,26
2014-12-27,"Recycled Desk Saver Line 'While You Were Out' Book, 5 1/2' X 4'",Office Supplies,Central,5,44.75,73
2014-12-27,Tennsco Single-Tier Lockers,Office Supplies,Central,2,750.68,109
2014-12-27,Acco Economy Flexible Poly Round Ring Binder,Office Supplies,East,2,3.13,248
2014-12-28,BIC Brite Liner Highlighters,Office Supplies,East,4,13.25,179
2014-12-28,AT&T 1080 Corded phone,Technology,East,2,164.39,169
2014-12-29,Carina Double Wide Media Storage Towers in Natural & Black,Office Supplies,South,1,64.78,31
2014-12-29,Staples,Office Supplies,Central,1,2.48,233
2014-12-29,G.E. Longer-Life Indoor Recessed Floodlight Bulbs,Furniture,Central,3,7.97,25
2014-12-29,Computer Printout Index Tabs,Office Supplies,Central,5,1.68,24
2014-12-29,Adjustable Depth Letter/Legal Cart,Office Supplies,West,4,725.84,74
2014-12-29,Eldon Mobile Mega Data Cart  Mega Stackable  Add-On Trays,Office Supplies,West,5,118.25,22
2014-12-29,Xerox 1953,Office Supplies,West,1,4.28,225
2014-12-29,Novimex Turbo Task Chair,Furniture,West,6,340.7,56
2014-12-29,3M Hangers With Command Adhesive,Furniture,West,2,7.4,179
2014-12-29,Avery 473,Office Supplies,East,7,72.45,231
2014-12-29,OIC Bulk Pack Metal Binder Clips,Office Supplies,East,4,13.96,125
2014-12-29,Storex Dura Pro Binders,Office Supplies,East,7,33.26,86
2014-12-29,"Padded Folding Chairs, Black, 4/Carton",Furniture,Central,2,113.37,220
2014-12-29,Cush Cases Heavy Duty Rugged Cover Case for Samsung Galaxy S5 - Purple,Technology,East,3,14.85,30
2014-12-29,3M Hangers With Command Adhesive,Furniture,Central,2,2.96,63
2014-12-29,"Bush Westfield Collection Bookcases, Medium Cherry Finish",Furniture,Central,2,78.85,198
2014-12-29,Stanley Bostitch Contemporary Electric Pencil Sharpeners,Office Supplies,Central,2,27.17,231
2014-12-29,Wilson Jones Impact Binders,Office Supplies,Central,5,25.9,32
2014-12-29,Avery Reinforcements for Hole-Punch Pages,Office Supplies,West,2,1.19,212
2014-12-30,Panasonic KP-350BK Electric Pencil Sharpener with Auto Stop,Office Supplies,South,1,34.58,1
2014-12-30,GBC ProClick Spines for 32-Hole Punch,Office Supplies,South,1,12.53,17
2014-12-30,DMI Arturo Collection Mission-style Design Wood Chair,Furniture,South,8,1207.84,174
2014-12-30,Harbour Creations Steel Folding Chair,Furniture,South,3,258.75,160
2014-12-30,"Global Leather and Oak Executive Chair, Black",Furniture,South,1,300.98,228
2014-12-30,Hand-Finished Solid Wood Document Frame,Furniture,West,2,68.46,225
2014-12-30,"Global High-Back Leather Tilter, Burgundy",Furniture,West,4,393.57,83
2014-12-30,Nu-Dell Executive Frame,Furniture,West,8,101.12,34
2014-12-30,Acco Glide Clips,Office Supplies,West,5,19.6,178
2014-12-30,Adtran 1202752G1,Technology,West,3,302.38,113
2014-12-30,Xerox 1915,Office Supplies,Central,2,209.7,245
2014-12-30,Ideal Clamps,Office Supplies,East,3,6.03,145
2014-12-31,GBC Binding covers,Office Supplies,West,2,20.72,109
2014-12-31,"Eureka The Boss Plus 12-Amp Hard Box Upright Vacuum, Red",Office Supplies,Central,2,209.3,87
2014-12-31,Bagged Rubber Bands,Office Supplies,West,3,3.02,71
2014-12-31,Wilson Jones Legal Size Ring Binders,Office Supplies,East,3,52.78,124
2014-12-31,Gear Head AU3700S Headset,Technology,East,7,90.93,29
2014-12-31,"Cardinal Slant-D Ring Binder, Heavy Gauge Vinyl",Office Supplies,West,2,13.9,171
2014-12-31,"Bush Westfield Collection Bookcases, Fully Assembled",Furniture,East,4,323.14,52
